status,priority,updated,issue_type,reporter,created,resolutiondate,vote_count,project,assignee,comment_count,key,description_length,summary_length,watch_count,resolution,days_in_current_status,issue_number,num_components,component_java,num_affected_versions,num_labels,created_weekday,created_month
Open,Major,2013-07-02T02:33:35.279+0000,Bug,keyer,2013-07-01T11:38:36.150+0000,,0,AVRO,,2,AVRO-1350,3042.0,46,1,,231.248588416,1350,1,0,1,0,0,7
Resolved,Critical,2013-06-20T16:41:00.043+0000,Bug,scott_carey,2013-06-20T16:29:17.709+0000,2013-06-20T16:41:00.024+0000,0,AVRO,,2,AVRO-1349,41.0,43,2,Fixed,242.038589634,1349,0,0,0,0,3,6
Resolved,Major,2013-06-20T17:38:07.697+0000,Bug,skye,2013-06-06T17:41:12.389+0000,2013-06-20T17:18:00.789+0000,0,AVRO,skye,6,AVRO-1346,528.0,55,6,Fixed,242.012886302,1346,1,0,1,0,3,6
Open,Minor,2013-05-30T22:07:02.491+0000,Improvement,davidtaylor,2013-05-30T22:02:52.515+0000,,0,AVRO,,1,AVRO-1342,312.0,44,1,,262.815065679,1342,1,0,1,0,3,5
Open,Minor,2013-05-25T05:35:30.283+0000,Improvement,jdonofrio,2013-05-25T05:35:30.283+0000,,0,AVRO,,0,AVRO-1340,559.0,97,1,,268.500739662,1340,1,0,0,0,5,5
Open,Major,2013-08-22T04:19:27.214+0000,New Feature,talevy,2013-06-05T02:31:38.017+0000,,1,AVRO,,4,AVRO-1345,2127.0,14,4,,257.628427927,1345,2,1,0,0,2,6
Closed,Minor,2013-08-20T17:46:04.208+0000,Improvement,bdechoux,2013-05-21T21:33:17.274+0000,2013-08-07T19:23:23.544+0000,0,AVRO,bdechoux,7,AVRO-1337,279.0,40,5,Fixed,180.993402558,1337,0,0,1,0,1,5
Open,Trivial,2013-07-23T21:40:30.362+0000,Bug,dbrosius,2013-05-20T03:44:05.112+0000,,0,AVRO,,1,AVRO-1333,111.0,28,2,,273.57811433,1333,1,1,1,0,0,5
Closed,Critical,2013-08-20T17:46:04.078+0000,Bug,kirwin,2013-05-08T15:48:38.228+0000,2013-05-09T21:04:56.888+0000,0,AVRO,cutting,4,AVRO-1326,1025.0,45,3,Fixed,180.993404066,1326,1,1,1,0,2,5
Open,Major,2013-05-23T13:02:04.495+0000,Bug,mumrah,2013-05-23T13:02:04.495+0000,,0,AVRO,,0,AVRO-1339,2050.0,39,1,,270.190621475,1339,0,0,0,0,3,5
Open,Major,2013-05-23T05:14:21.641+0000,New Feature,kryzthov,2013-05-23T05:10:28.724+0000,,1,AVRO,,0,AVRO-1338,621.0,111,1,,270.518118826,1338,1,1,1,0,3,5
Open,Major,2013-05-22T03:04:48.725+0000,Improvement,keyer,2013-05-21T03:14:52.105+0000,,1,AVRO,,4,AVRO-1335,1745.0,39,3,,272.598403769,1335,1,0,1,0,1,5
Resolved,Minor,2013-05-28T14:01:43.456+0000,New Feature,vince83,2013-05-15T10:38:51.771+0000,2013-05-28T13:59:56.490+0000,6,AVRO,vince83,4,AVRO-1330,1260.0,45,4,Duplicate,265.150435958,1330,1,1,0,0,2,5
Open,Minor,2013-05-10T19:28:20.068+0000,Improvement,felixgv,2013-05-10T19:28:20.068+0000,,1,AVRO,,0,AVRO-1329,518.0,28,1,,282.922385682,1329,1,0,1,0,4,5
Resolved,Minor,2013-05-28T14:01:43.577+0000,New Feature,vince83,2013-05-10T15:25:10.092+0000,2013-05-28T13:56:51.805+0000,6,AVRO,vince83,4,AVRO-1328,1409.0,43,4,Duplicate,265.152573485,1328,1,1,0,1,4,5
Resolved,Major,2013-05-24T16:10:58.877+0000,Improvement,bw123,2013-05-07T11:46:13.067+0000,2013-05-24T13:49:42.392+0000,0,AVRO,,4,AVRO-1324,463.0,49,3,Fixed,269.157543799,1324,1,0,3,0,1,5
Patch Available,Minor,2013-05-08T20:13:58.664+0000,Bug,trochee,2013-05-06T23:05:23.582+0000,,0,AVRO,trochee,1,AVRO-1323,429.0,45,1,,286.768880988,1323,1,0,0,0,0,5
Open,Trivial,2013-05-06T21:01:00.364+0000,Bug,bewang.tech,2013-05-06T21:01:00.364+0000,,0,AVRO,,0,AVRO-1321,90.0,62,1,,286.858030411,1321,0,0,1,0,0,5
Open,Major,2013-05-02T13:02:06.242+0000,New Feature,fjcyue,2013-05-02T13:02:06.242+0000,,1,AVRO,,0,AVRO-1317,284.0,44,1,,291.190601269,1317,1,0,1,0,3,5
Open,Minor,2013-04-30T06:34:30.881+0000,Bug,romixlev,2013-04-30T06:34:30.881+0000,,0,AVRO,,0,AVRO-1312,1533.0,91,1,,293.459760541,1312,1,1,0,0,1,4
Open,Minor,2013-05-14T17:22:58.102+0000,Bug,nir.zamir,2013-04-28T08:59:08.815+0000,,0,AVRO,,10,AVRO-1310,323.0,46,4,,295.359321492,1310,1,1,1,0,6,4
Open,Major,2013-04-20T00:30:17.426+0000,Bug,laserson,2013-04-20T00:30:17.426+0000,,1,AVRO,,0,AVRO-1305,177.0,59,2,,303.712694051,1305,1,0,0,0,5,4
Patch Available,Major,2013-04-23T20:18:54.367+0000,Bug,laserson,2013-04-20T00:26:33.984+0000,,1,AVRO,,6,AVRO-1304,384.0,44,3,,299.890683069,1304,1,0,1,0,5,4
Open,Major,2013-04-19T20:08:22.635+0000,Bug,trochee,2013-04-19T20:08:22.635+0000,,0,AVRO,,0,AVRO-1303,417.0,66,1,,303.894578209,1303,1,0,1,0,4,4
Open,Minor,2013-04-18T17:01:56.040+0000,Bug,cconner,2013-04-18T17:01:56.040+0000,,0,AVRO,,0,AVRO-1302,742.0,83,1,,305.024052689,1302,1,0,1,0,3,4
Open,Minor,2013-04-18T15:41:14.692+0000,Bug,chrisporter,2013-04-18T15:40:14.124+0000,,0,AVRO,,1,AVRO-1301,211.0,45,1,,305.08078783,1301,1,1,0,0,3,4
Closed,Major,2013-08-20T17:46:05.767+0000,Bug,trochee,2013-05-15T17:55:21.455+0000,2013-05-16T17:34:16.063+0000,0,AVRO,cutting,6,AVRO-1331,625.0,44,4,Fixed,180.993384544,1331,1,1,0,0,2,5
Closed,Major,2013-08-20T17:46:03.945+0000,Improvement,hernan.otero,2013-05-08T17:05:36.288+0000,2013-05-09T21:00:55.323+0000,0,AVRO,cutting,4,AVRO-1327,449.0,69,3,Fixed,180.993405634,1327,1,1,1,0,2,5
Closed,Major,2013-08-20T17:46:07.583+0000,Bug,massie,2013-05-06T21:26:02.931+0000,2013-05-09T21:15:26.637+0000,0,AVRO,massie,8,AVRO-1322,170.0,59,3,Fixed,180.993363529,1322,1,0,1,0,0,5
Closed,Major,2013-08-20T17:46:08.792+0000,Bug,cutting,2013-05-06T20:24:05.706+0000,2013-05-08T17:36:05.849+0000,0,AVRO,cutting,8,AVRO-1320,161.0,46,2,Fixed,180.993349537,1320,1,1,0,0,0,5
Closed,Major,2013-08-20T17:46:07.445+0000,New Feature,cutting,2013-05-06T20:10:29.618+0000,2013-05-09T20:57:58.464+0000,0,AVRO,cutting,3,AVRO-1319,235.0,32,2,Fixed,180.993365129,1319,1,1,0,0,0,5
Open,Major,2013-10-31T01:34:42.752+0000,New Feature,scott_carey,2013-04-30T19:55:54.444+0000,,3,AVRO,scott_carey,11,AVRO-1315,127.0,33,12,,292.903237839,1315,1,1,0,0,1,4
Closed,Minor,2013-08-20T17:46:05.901+0000,Improvement,scott_carey,2013-04-30T19:39:39.970+0000,2013-05-15T21:00:35.147+0000,0,AVRO,scott_carey,5,AVRO-1314,119.0,49,2,Fixed,180.993383003,1314,1,1,0,0,1,4
Closed,Major,2013-08-20T17:46:04.624+0000,Bug,scott_carey,2013-04-29T21:54:48.511+0000,2013-05-21T04:08:08.710+0000,0,AVRO,scott_carey,4,AVRO-1311,300.0,45,2,Fixed,180.993397784,1311,0,0,1,0,0,4
Closed,Major,2013-08-20T17:46:08.521+0000,Bug,szesch,2013-04-22T17:23:50.961+0000,2013-04-23T17:08:09.819+0000,0,AVRO,cutting,4,AVRO-1309,835.0,51,3,Fixed,180.993352682,1309,1,1,1,0,0,4
Closed,Major,2013-08-20T17:46:08.249+0000,Bug,szesch,2013-04-22T16:42:04.205+0000,2013-04-23T20:17:04.436+0000,0,AVRO,szesch,7,AVRO-1308,424.0,41,3,Fixed,180.993355831,1308,1,1,0,0,0,4
Closed,Minor,2013-08-20T17:46:07.307+0000,New Feature,vince83,2013-04-22T16:34:35.078+0000,2013-04-26T22:12:47.311+0000,0,AVRO,vince83,7,AVRO-1307,1206.0,51,4,Fixed,180.993366735,1307,1,1,0,0,0,4
Closed,Minor,2013-08-20T17:46:08.942+0000,Improvement,minaguib,2013-04-21T23:36:27.303+0000,2013-04-25T13:51:50.658+0000,0,AVRO,minaguib,7,AVRO-1306,171.0,72,4,Fixed,180.993347651,1306,1,1,1,2,6,4
Closed,Major,2013-08-20T17:46:05.357+0000,Bug,kryzthov,2013-04-18T06:31:26.503+0000,2013-04-22T19:51:57.697+0000,0,AVRO,kryzthov,4,AVRO-1300,799.0,115,3,Fixed,180.993389308,1300,1,1,1,0,3,4
Closed,Major,2013-08-20T17:46:05.209+0000,Bug,cutting,2013-04-10T18:33:45.707+0000,2013-04-16T23:26:19.576+0000,0,AVRO,cutting,5,AVRO-1295,221.0,60,2,Fixed,180.993391022,1295,1,1,0,0,2,4
Closed,Major,2013-08-20T17:46:06.318+0000,New Feature,martinkl,2013-04-03T04:51:12.380+0000,2013-04-13T04:51:42.570+0000,0,AVRO,martinkl,5,AVRO-1288,158.0,41,3,Fixed,180.993378188,1288,1,0,0,0,2,4
Closed,Major,2013-08-20T17:46:05.503+0000,Bug,martinkl,2013-03-10T17:28:54.906+0000,2013-03-19T15:45:15.927+0000,0,AVRO,martinkl,4,AVRO-1272,382.0,56,3,Fixed,180.993387611,1272,1,0,1,0,6,3
Resolved,Minor,2013-04-13T01:11:13.770+0000,Improvement,sujesh.chirackkal,2013-04-13T00:51:31.334+0000,2013-04-13T01:11:13.751+0000,0,AVRO,,0,AVRO-1298,189.0,40,1,Invalid,310.68426414,1298,1,1,2,0,5,4
Open,Minor,2013-04-10T18:49:42.338+0000,New Feature,bkent,2013-04-10T14:42:55.245+0000,,0,AVRO,,1,AVRO-1294,67.0,36,2,,313.120589697,1294,1,1,0,0,2,4
Open,Major,2013-04-09T16:23:52.202+0000,Bug,trochee,2013-04-09T16:23:52.202+0000,,0,AVRO,,0,AVRO-1291,608.0,47,1,,314.05048603,1291,1,0,0,0,1,4
Resolved,Major,2013-06-13T19:40:41.706+0000,Bug,drussel,2013-04-04T22:27:54.204+0000,2013-06-13T19:03:14.849+0000,0,AVRO,drussel,6,AVRO-1290,186.0,61,4,Fixed,248.939807061,1290,1,0,1,0,3,4
Open,Minor,2013-04-04T18:14:02.182+0000,Improvement,trochee,2013-04-04T18:14:02.182+0000,,0,AVRO,trochee,0,AVRO-1289,1118.0,81,1,,318.973981635,1289,1,0,1,1,3,4
Open,Minor,2013-05-06T05:32:28.191+0000,Bug,laserson,2013-04-03T00:46:11.530+0000,,0,AVRO,,3,AVRO-1286,131.0,56,3,,320.701651219,1286,1,0,0,0,2,4
Open,Minor,2013-05-07T21:30:04.936+0000,New Feature,viji_r,2013-04-01T10:49:14.852+0000,,0,AVRO,,4,AVRO-1285,211.0,55,4,,322.282862772,1285,1,1,0,0,0,4
Open,Major,2013-04-30T00:02:32.549+0000,Improvement,cutting,2013-03-22T23:13:05.138+0000,,0,AVRO,,0,AVRO-1283,729.0,67,1,,331.766308537,1283,0,0,0,0,4,3
Open,Major,2013-05-02T02:30:58.379+0000,Bug,cwsteinbach,2013-03-21T19:27:18.848+0000,,0,AVRO,cwsteinbach,1,AVRO-1281,,53,1,,332.923094302,1281,1,1,0,0,3,3
Open,Major,2013-03-21T19:22:29.872+0000,Bug,cwsteinbach,2013-03-21T19:17:18.691+0000,,0,AVRO,cwsteinbach,1,AVRO-1280,,55,1,,332.930040565,1280,1,0,0,0,3,3
Resolved,Minor,2013-04-23T16:42:43.825+0000,Improvement,romixlev,2013-03-21T16:51:19.457+0000,2013-04-23T16:42:43.804+0000,0,AVRO,,21,AVRO-1277,562.0,51,3,Duplicate,300.037388518,1277,1,1,1,0,3,3
Open,Major,2013-03-20T19:54:59.298+0000,Improvement,matthewcmead,2013-03-20T19:54:59.298+0000,,0,AVRO,matthewcmead,0,AVRO-1276,668.0,76,1,,333.903876136,1276,1,1,1,0,2,3
Open,Major,2013-05-06T20:52:20.412+0000,Bug,tomwhite,2013-03-18T14:20:42.322+0000,,0,AVRO,,2,AVRO-1275,277.0,84,2,,336.136017063,1275,1,1,0,0,0,3
Open,Minor,2013-03-12T01:15:21.419+0000,Improvement,sqs,2013-03-12T01:12:40.324+0000,,0,AVRO,,1,AVRO-1273,2671.0,67,1,,342.683262412,1273,0,0,0,1,1,3
Resolved,Major,2013-03-06T18:55:05.930+0000,Bug,ahanna,2013-03-06T16:47:27.034+0000,2013-03-06T18:55:05.880+0000,0,AVRO,,1,AVRO-1271,2105.0,45,2,Later,347.945465966,1271,2,1,1,0,2,3
Open,Minor,2013-05-07T09:21:23.274+0000,Bug,claws,2013-03-02T02:02:30.622+0000,,1,AVRO,,1,AVRO-1270,1034.0,75,2,,352.648652484,1270,1,0,1,0,5,3
Resolved,Major,2013-02-28T23:05:14.592+0000,Bug,cutting,2013-02-28T17:19:04.554+0000,2013-02-28T23:05:14.566+0000,0,AVRO,cutting,0,AVRO-1264,139.0,54,1,Duplicate,353.771754337,1264,1,0,0,0,3,2
Open,Major,2013-02-28T17:40:42.569+0000,Improvement,tino,2013-02-28T11:01:14.969+0000,,0,AVRO,,1,AVRO-1263,360.0,88,2,,354.2745281,1263,1,1,1,0,3,2
Closed,Major,2013-02-27T00:54:05.060+0000,Bug,martinkl,2013-02-19T16:19:33.683+0000,2013-02-19T23:14:28.828+0000,0,AVRO,martinkl,4,AVRO-1258,150.0,47,3,Fixed,355.696170544,1258,1,0,1,0,1,2
Closed,Major,2013-02-27T00:54:04.029+0000,Bug,martinkl,2013-02-19T15:36:57.582+0000,2013-02-19T23:11:31.020+0000,0,AVRO,martinkl,4,AVRO-1257,440.0,41,3,Fixed,355.696182467,1257,1,0,1,0,1,2
Open,Minor,2013-02-18T22:07:34.069+0000,Improvement,tmenninger,2013-02-18T22:07:34.069+0000,,0,AVRO,,0,AVRO-1256,1526.0,79,1,,363.81180704,1256,1,0,1,0,0,2
Closed,Minor,2013-02-27T00:54:00.758+0000,Improvement,trochee,2013-02-14T19:43:46.401+0000,2013-02-14T22:19:39.646+0000,0,AVRO,trochee,6,AVRO-1255,709.0,75,3,Fixed,355.696220329,1255,1,0,1,1,3,2
Closed,Minor,2013-02-27T00:54:00.334+0000,Improvement,ted.m,2013-02-14T15:12:43.818+0000,2013-02-19T17:15:37.533+0000,0,AVRO,ted.m,7,AVRO-1254,312.0,37,3,Fixed,355.696225249,1254,0,0,0,0,3,2
Closed,Minor,2013-02-27T00:53:59.629+0000,Improvement,ted.m,2013-02-14T13:57:25.019+0000,2013-02-14T20:48:10.345+0000,0,AVRO,ted.m,3,AVRO-1253,478.0,42,3,Fixed,355.696233399,1253,0,0,1,0,3,2
Closed,Minor,2013-02-27T00:54:02.281+0000,New Feature,cutting,2013-02-12T21:58:57.724+0000,2013-02-19T23:22:48.819+0000,0,AVRO,cutting,5,AVRO-1252,283.0,55,2,Fixed,355.696202706,1252,1,1,0,0,1,2
Closed,Minor,2013-02-27T00:53:58.777+0000,Bug,ted.m,2013-02-12T01:53:56.165+0000,2013-02-14T22:26:37.200+0000,0,AVRO,ted.m,12,AVRO-1251,433.0,49,4,Fixed,355.696243263,1251,1,1,1,0,1,2
Closed,Major,2013-02-27T00:54:04.857+0000,New Feature,njw45,2013-02-11T15:27:44.916+0000,2013-02-12T22:28:21.305+0000,0,AVRO,njw45,4,AVRO-1250,333.0,51,3,Fixed,355.696172894,1250,1,1,1,1,0,2
Closed,Major,2013-02-27T00:54:02.484+0000,Bug,esammer,2013-02-11T02:32:16.658+0000,2013-02-12T23:28:50.970+0000,0,AVRO,esammer,6,AVRO-1249,779.0,53,3,Fixed,355.696200361,1249,1,1,1,0,0,2
Closed,Minor,2013-02-27T00:54:04.234+0000,Improvement,gareth@logicalpractice.com,2013-02-10T16:04:26.281+0000,2013-02-10T19:02:31.920+0000,0,AVRO,gareth@logicalpractice.com,5,AVRO-1248,265.0,65,3,Fixed,355.696180119,1248,1,1,0,0,6,2
Closed,Major,2013-02-27T00:53:59.004+0000,Bug,chengas123,2013-02-10T00:07:01.082+0000,2013-02-14T21:29:29.194+0000,0,AVRO,cutting,5,AVRO-1247,1097.0,37,3,Fixed,355.69624063,1247,1,1,1,1,6,2
Open,Major,2013-02-08T23:27:28.765+0000,New Feature,saden1,2013-02-08T23:27:28.765+0000,,0,AVRO,,0,AVRO-1246,256.0,32,1,,373.756312889,1246,1,0,1,0,4,2
Open,Minor,2013-05-16T06:52:37.622+0000,Improvement,saden1,2013-02-08T22:28:17.098+0000,,0,AVRO,,5,AVRO-1245,1857.0,47,3,,373.797420147,1245,1,1,1,0,4,2
Resolved,Minor,2013-02-07T16:53:01.150+0000,Improvement,qwertymaniac,2013-02-07T16:51:53.721+0000,2013-02-07T16:53:01.117+0000,0,AVRO,,1,AVRO-1244,1626.0,78,1,Invalid,375.03024354,1244,1,1,0,0,3,2
Closed,Minor,2013-02-27T00:54:01.817+0000,Improvement,ted.m,2013-02-07T12:22:30.069+0000,2013-02-12T23:23:26.284+0000,0,AVRO,ted.m,21,AVRO-1243,769.0,39,4,Fixed,355.696208078,1243,1,1,1,0,3,2
Closed,Major,2013-02-27T00:54:04.441+0000,Bug,ted.m,2013-02-06T15:32:50.023+0000,2013-02-07T17:07:10.989+0000,1,AVRO,ted.m,8,AVRO-1242,411.0,52,5,Fixed,355.696177721,1242,0,0,1,0,2,2
Closed,Major,2013-02-27T00:54:02.045+0000,Improvement,jadler,2013-02-01T20:38:58.129+0000,2013-02-04T21:59:37.119+0000,1,AVRO,jadler,6,AVRO-1241,486.0,52,6,Fixed,355.696205443,1241,1,1,1,0,4,2
Closed,Major,2013-02-27T00:54:02.924+0000,Bug,brocknoland,2013-02-01T16:23:45.152+0000,2013-02-05T14:47:38.671+0000,0,AVRO,cutting,8,AVRO-1240,1331.0,93,3,Fixed,355.696195271,1240,1,1,1,0,4,2
Resolved,Minor,2013-02-04T14:22:10.725+0000,Bug,baunz,2013-02-01T09:43:58.638+0000,2013-02-04T14:22:10.692+0000,0,AVRO,,3,AVRO-1239,629.0,34,3,Duplicate,378.134992946,1239,1,1,1,2,4,2
Resolved,Major,2013-05-24T16:10:58.690+0000,Improvement,mic159,2013-02-01T05:53:18.677+0000,2013-05-24T13:37:50.718+0000,0,AVRO,,7,AVRO-1238,343.0,35,4,Fixed,269.165780518,1238,1,0,0,0,4,2
Open,Major,2013-01-29T22:28:38.521+0000,Bug,iosica,2013-01-29T19:35:23.197+0000,,0,AVRO,,3,AVRO-1236,2897.0,46,2,,383.917488462,1236,0,0,1,0,1,1
Open,Critical,2013-02-20T00:48:14.191+0000,Bug,sms,2013-01-21T23:59:35.954+0000,,0,AVRO,,0,AVRO-1235,254.0,36,1,,391.734007482,1235,1,1,1,0,0,1
Closed,Minor,2013-02-27T00:53:59.225+0000,Bug,mwagner,2013-01-15T00:14:38.061+0000,2013-01-17T21:13:22.043+0000,0,AVRO,mwagner,1,AVRO-1233,171.0,59,2,Fixed,355.696238112,1233,1,1,0,0,1,1
Closed,Minor,2013-02-27T00:54:00.965+0000,Improvement,gwu,2013-01-11T23:35:39.803+0000,2013-01-18T21:41:11.826+0000,0,AVRO,gwu,5,AVRO-1232,707.0,71,2,Fixed,355.696217977,1232,1,1,1,0,4,1
Closed,Major,2013-02-27T00:53:59.832+0000,Bug,mwagner,2013-01-11T20:24:18.144+0000,2013-01-14T20:31:19.153+0000,0,AVRO,mwagner,1,AVRO-1231,349.0,55,3,Fixed,355.696231095,1231,0,0,0,0,4,1
Closed,Blocker,2013-02-27T00:54:01.170+0000,Bug,tomwhite,2013-01-11T16:45:38.523+0000,2013-01-16T16:09:21.018+0000,1,AVRO,tomwhite,10,AVRO-1230,177.0,57,3,Fixed,355.696215476,1230,1,1,0,0,4,1
Closed,Major,2013-02-27T00:54:00.538+0000,Improvement,mwagner,2013-01-10T01:12:25.589+0000,2013-01-18T19:35:00.067+0000,1,AVRO,cutting,14,AVRO-1229,234.0,36,4,Fixed,355.696222934,1229,0,0,0,0,3,1
Closed,Major,2013-02-27T00:54:01.612+0000,Bug,mwagner,2013-01-10T01:00:20.918+0000,2013-02-04T22:14:13.333+0000,0,AVRO,cutting,7,AVRO-1228,243.0,47,4,Fixed,355.696210518,1228,1,1,1,0,3,1
Closed,Major,2013-02-27T00:54:05.256+0000,Bug,scott_carey,2013-01-09T21:17:46.514+0000,2013-01-24T22:03:27.117+0000,0,AVRO,cutting,3,AVRO-1227,1604.0,51,2,Fixed,355.696168311,1227,0,0,1,0,2,1
Open,Major,2013-01-10T06:10:05.620+0000,Improvement,brocknoland,2013-01-08T17:53:44.650+0000,,0,AVRO,,2,AVRO-1226,244.0,81,1,,404.988073534,1226,0,0,1,0,1,1
Resolved,Trivial,2013-02-14T23:51:14.467+0000,Bug,logicnut,2013-01-05T20:12:30.141+0000,2013-02-14T23:51:14.437+0000,0,AVRO,cutting,1,AVRO-1224,384.0,30,2,Fixed,367.739811719,1224,1,0,0,0,5,1
Closed,Trivial,2013-02-27T00:54:03.774+0000,Improvement,ctm,2012-12-20T15:50:58.070+0000,2013-01-18T21:22:21.405+0000,0,AVRO,cutting,4,AVRO-1223,264.0,69,2,Fixed,355.696185496,1223,1,1,1,0,3,12
Open,Major,2013-01-06T01:46:36.182+0000,Bug,aeu,2012-12-20T06:52:28.762+0000,,0,AVRO,,5,AVRO-1222,2140.0,47,3,,424.447285209,1222,0,0,1,0,3,12
Closed,Major,2013-02-27T00:54:03.139+0000,Bug,rodrigotrujillo,2012-12-19T18:32:47.895+0000,2012-12-19T23:38:56.998+0000,0,AVRO,rodrigotrujillo,4,AVRO-1221,1746.0,46,3,Fixed,355.696192816,1221,1,1,1,0,2,12
Closed,Major,2013-02-27T00:54:01.402+0000,Bug,slandelle,2012-12-13T21:52:33.698+0000,2013-02-09T00:22:19.028+0000,0,AVRO,cutting,10,AVRO-1220,641.0,10,4,Fixed,355.696212959,1220,1,1,1,0,3,12
Open,Minor,2012-12-12T09:04:42.224+0000,Improvement,dbeech,2012-12-12T09:03:31.894+0000,,1,AVRO,dbeech,1,AVRO-1219,666.0,93,1,,432.356276746,1219,1,1,1,0,2,12
Open,Blocker,2013-04-30T17:25:12.536+0000,Bug,russell.jurney,2012-12-11T20:01:57.103+0000,,0,AVRO,,3,AVRO-1218,124.0,26,4,,432.899040534,1218,1,0,1,6,1,12
Closed,Major,2013-02-27T00:54:03.350+0000,Bug,pjsg,2012-12-07T21:21:39.304+0000,2012-12-08T01:08:39.445+0000,0,AVRO,tebeka,3,AVRO-1217,258.0,67,2,Fixed,355.696190433,1217,1,0,1,1,4,12
Open,Major,2012-12-07T20:44:01.915+0000,Bug,pjacobs,2012-12-07T20:40:18.648+0000,,0,AVRO,,0,AVRO-1216,2190.0,39,1,,436.872402288,1216,1,0,1,0,4,12
Closed,Major,2013-05-02T02:30:58.229+0000,Bug,matterhayes,2012-12-07T04:44:22.978+0000,2013-02-18T18:31:30.399+0000,0,AVRO,nagav.ashish,33,AVRO-1215,1294.0,62,7,Fixed,355.696228682,1215,1,1,1,2,4,12
Patch Available,Minor,2012-12-07T19:50:50.066+0000,Improvement,yabon,2012-12-05T19:54:52.505+0000,,0,AVRO,,3,AVRO-1214,1385.0,83,2,,438.886982956,1214,1,1,1,0,2,12
Open,Minor,2013-06-09T03:10:55.060+0000,Improvement,saden1,2012-11-30T09:04:00.765+0000,,0,AVRO,,4,AVRO-1213,310.0,38,4,,444.355942611,1213,1,1,1,0,4,11
Patch Available,Major,2012-11-30T00:34:14.674+0000,Bug,yabon,2012-11-29T01:43:17.427+0000,,0,AVRO,,3,AVRO-1212,3997.0,82,2,,445.626104222,1212,1,1,1,0,3,11
Closed,Major,2013-02-27T00:54:05.463+0000,Improvement,skye,2012-11-22T01:38:49.815+0000,2012-12-19T18:33:24.486+0000,0,AVRO,skye,9,AVRO-1211,76.0,29,5,Fixed,355.696165868,1211,1,0,1,1,3,11
Closed,Trivial,2012-12-10T17:57:36.318+0000,Improvement,dbeech,2012-11-21T10:12:51.711+0000,2012-11-28T22:38:45.558+0000,0,AVRO,dbeech,2,AVRO-1210,147.0,51,2,Fixed,433.985392225,1210,0,0,1,0,2,11
Closed,Minor,2012-12-10T17:57:37.646+0000,Improvement,jeffkole,2012-11-19T22:59:48.072+0000,2012-11-29T22:08:20.891+0000,0,AVRO,jeffkole,9,AVRO-1209,582.0,52,2,Fixed,433.985376846,1209,1,1,1,0,0,11
Patch Available,Major,2013-03-15T14:30:50.019+0000,Improvement,yhuai,2012-11-19T14:33:16.047+0000,,1,AVRO,yhuai,18,AVRO-1208,651.0,56,9,,380.767988736,1208,0,0,1,0,0,11
Closed,Minor,2012-12-10T17:57:37.777+0000,Improvement,saden1,2012-11-16T15:26:37.825+0000,2012-11-19T20:57:31.443+0000,0,AVRO,saden1,4,AVRO-1207,44.0,34,2,Fixed,433.985375347,1207,1,1,1,0,4,11
Closed,Major,2012-12-10T17:57:35.781+0000,Bug,cvigny,2012-11-16T13:27:18.575+0000,2012-11-28T22:35:22.949+0000,0,AVRO,,9,AVRO-1206,1332.0,29,2,Fixed,433.98539844,1206,1,0,1,0,4,11
Closed,Minor,2012-12-10T17:57:37.117+0000,New Feature,saden1,2012-11-14T15:52:31.354+0000,2012-11-21T22:57:52.384+0000,0,AVRO,saden1,6,AVRO-1205,1158.0,44,2,Fixed,433.985382979,1205,1,1,1,0,2,11
Open,Major,2012-11-17T01:08:26.628+0000,Bug,marciosilva,2012-11-14T04:01:17.606+0000,,0,AVRO,,3,AVRO-1204,1323.0,89,2,,460.566164382,1204,1,1,2,0,2,11
Open,Major,2013-03-11T21:19:04.237+0000,Improvement,manuelsimoni,2012-11-12T12:34:43.971+0000,,0,AVRO,,2,AVRO-1203,1142.0,49,3,,462.209609234,1203,1,0,1,0,0,11
Closed,Major,2012-12-10T17:57:35.236+0000,Improvement,skye,2012-11-09T18:22:35.196+0000,2012-11-16T23:16:36.603+0000,0,AVRO,skye,11,AVRO-1202,284.0,44,5,Fixed,433.985404769,1202,1,0,0,1,4,11
Closed,Major,2012-12-10T17:57:38.169+0000,Bug,saden1,2012-11-09T15:59:19.713+0000,2012-11-21T22:30:15.079+0000,0,AVRO,saden1,10,AVRO-1201,174.0,47,2,Fixed,433.985370813,1201,1,1,1,0,4,11
Closed,Major,2012-12-10T17:57:36.978+0000,Bug,tomwhite,2012-11-08T21:54:33.210+0000,2012-11-09T10:57:38.938+0000,0,AVRO,tomwhite,3,AVRO-1200,231.0,75,2,Fixed,433.985384612,1200,1,1,1,0,3,11
Closed,Major,2012-12-10T17:57:35.373+0000,Bug,kimslbing,2012-11-08T07:32:06.572+0000,2012-11-14T23:21:59.645+0000,0,AVRO,cutting,8,AVRO-1199,835.0,72,2,Fixed,433.985403179,1199,1,1,1,1,3,11
Closed,Major,2013-02-27T00:54:04.651+0000,Bug,mpercy,2012-11-08T00:52:05.217+0000,2013-02-12T19:43:04.184+0000,0,AVRO,mpercy,6,AVRO-1198,279.0,70,3,Fixed,355.696175418,1198,1,1,1,0,3,11
Closed,Major,2012-12-10T17:57:37.523+0000,Bug,mpercy,2012-11-08T00:46:56.833+0000,2012-11-08T21:15:21.043+0000,0,AVRO,mpercy,5,AVRO-1197,2502.0,68,2,Fixed,433.985378315,1197,2,1,0,0,3,11
Open,Minor,2013-05-02T02:30:55.382+0000,Improvement,gemini5201314,2012-11-06T14:09:02.944+0000,,0,AVRO,,0,AVRO-1196,123.0,46,1,,468.144111884,1196,0,0,1,1,1,11
Open,Minor,2013-05-02T02:30:55.925+0000,Improvement,gemini5201314,2012-11-06T13:58:07.889+0000,,0,AVRO,,0,AVRO-1195,339.0,76,1,,468.151693544,1195,0,0,1,2,1,11
Open,Minor,2013-05-02T02:30:55.917+0000,Improvement,gemini5201314,2012-11-06T13:54:57.287+0000,,0,AVRO,,0,AVRO-1194,322.0,71,1,,468.153899589,1194,0,0,1,0,1,11
Open,Minor,2013-05-02T02:30:55.651+0000,Improvement,gemini5201314,2012-11-06T13:49:22.971+0000,,0,AVRO,,0,AVRO-1193,313.0,55,1,,468.157768991,1193,0,0,1,2,1,11
Open,Minor,2013-05-02T02:30:55.894+0000,Improvement,gemini5201314,2012-11-06T13:45:21.224+0000,,0,AVRO,,1,AVRO-1192,308.0,55,1,,468.160566992,1192,0,0,1,2,1,11
Open,Major,2012-11-05T21:41:43.562+0000,Bug,kehli,2012-11-05T21:41:24.616+0000,,0,AVRO,,0,AVRO-1191,998.0,38,1,,468.82997218,1191,1,0,1,0,0,11
Open,Major,2012-11-05T22:35:21.732+0000,Bug,kehli,2012-11-05T18:46:50.907+0000,,0,AVRO,,1,AVRO-1190,2567.0,61,1,,468.951195667,1190,1,0,1,0,0,11
Patch Available,Major,2012-11-05T04:47:17.909+0000,Bug,tlipcon,2012-11-05T01:35:49.844+0000,,0,AVRO,tlipcon,2,AVRO-1189,348.0,30,2,,469.658759802,1189,2,0,1,0,0,11
Closed,Major,2012-12-10T17:57:36.829+0000,New Feature,saden1,2012-11-03T00:19:53.912+0000,2012-11-13T09:56:22.781+0000,0,AVRO,saden1,20,AVRO-1188,1599.0,39,4,Fixed,433.985386379,1188,1,1,0,0,5,11
Open,Major,2012-10-31T09:45:02.670+0000,Wish,sqs,2012-10-31T09:45:02.670+0000,,0,AVRO,,0,AVRO-1187,486.0,37,1,,474.32744842,1187,0,0,0,0,2,10
Closed,Major,2012-12-10T17:57:38.031+0000,New Feature,saden1,2012-10-30T14:16:11.371+0000,2012-11-05T18:22:26.251+0000,0,AVRO,cutting,9,AVRO-1186,1743.0,24,2,Fixed,433.985372474,1186,1,1,0,0,1,10
Open,Minor,2012-10-29T17:39:28.818+0000,Bug,dbeech,2012-10-29T17:39:28.818+0000,,0,AVRO,,0,AVRO-1185,737.0,72,1,,475.99797912,1185,1,1,0,0,0,10
Open,Major,2012-10-26T22:21:55.537+0000,Bug,rnair,2012-10-26T22:21:55.537+0000,,0,AVRO,,0,AVRO-1184,1067.0,69,1,,478.801836542,1184,1,1,1,0,4,10
Closed,Minor,2012-12-10T17:57:37.397+0000,Bug,jeffreyt,2012-10-24T05:55:58.864+0000,2012-11-14T21:00:21.967+0000,0,AVRO,cutting,8,AVRO-1183,909.0,70,2,Fixed,433.98537982,1183,1,1,1,0,2,10
Resolved,Major,2013-06-13T19:40:41.487+0000,Bug,drussel,2012-10-23T08:18:42.990+0000,2013-06-13T18:50:03.007+0000,0,AVRO,drussel,5,AVRO-1181,285.0,80,5,Fixed,248.948972057,1181,1,0,3,0,1,10
Open,Trivial,2012-10-18T12:53:17.253+0000,Task,pradeepg26,2012-10-18T12:53:17.253+0000,,0,AVRO,,0,AVRO-1180,565.0,56,1,,487.196724097,1180,0,0,0,0,3,10
Resolved,Major,2013-02-28T06:41:18.816+0000,Bug,viji_r,2012-10-17T07:46:52.497+0000,2013-02-28T06:41:18.783+0000,0,AVRO,,5,AVRO-1179,523.0,78,4,Duplicate,354.455039285,1179,1,1,1,0,2,10
Closed,Trivial,2012-12-10T17:57:36.437+0000,Bug,martinkl,2012-10-17T01:36:52.955+0000,2012-11-28T22:42:54.164+0000,0,AVRO,martinkl,3,AVRO-1178,96.0,27,3,Fixed,433.985390943,1178,0,0,1,0,2,10
Closed,Major,2012-12-10T17:57:38.445+0000,Bug,mintman,2012-10-01T08:50:19.688+0000,2012-11-28T22:47:22.374+0000,0,AVRO,mintman,3,AVRO-1177,1461.0,44,2,Fixed,433.985367694,1177,1,0,1,1,0,10
Patch Available,Major,2013-02-20T00:48:14.593+0000,Bug,kehli,2012-09-29T05:47:46.246+0000,,4,AVRO,,4,AVRO-1176,9217.0,50,4,,506.486537997,1176,1,0,1,1,5,9
Closed,Major,2012-12-10T17:57:35.936+0000,Bug,sandyr,2012-09-27T23:16:04.782+0000,2012-11-28T22:56:27.264+0000,0,AVRO,cutting,14,AVRO-1175,364.0,112,3,Fixed,433.98539675,1175,1,1,1,0,3,9
Closed,Minor,2012-12-10T17:57:36.194+0000,Bug,sl.sy.ifm,2012-09-27T06:21:17.356+0000,2012-11-30T09:52:59.005+0000,0,AVRO,sl.sy.ifm,3,AVRO-1174,112.0,31,3,Fixed,433.985393766,1174,1,0,1,0,3,9
Open,Major,2012-09-27T06:29:19.610+0000,Wish,sl.sy.ifm,2012-09-25T13:08:12.395+0000,,0,AVRO,,8,AVRO-1173,879.0,51,4,,510.186363676,1173,1,0,0,0,1,9
Resolved,Major,2013-06-24T09:38:34.571+0000,Bug,sjoverend,2012-09-25T11:29:06.056+0000,2013-06-24T08:38:28.078+0000,2,AVRO,sjoverend,7,AVRO-1172,2171.0,47,5,Fixed,238.373681884,1172,1,0,1,1,1,9
Closed,Minor,2012-12-10T17:57:38.317+0000,Bug,dbeech,2012-09-22T08:30:56.171+0000,2012-09-24T21:23:54.240+0000,0,AVRO,dbeech,3,AVRO-1171,415.0,62,2,Fixed,433.98536919,1171,1,1,1,0,5,9
Closed,Major,2013-01-11T16:54:15.302+0000,Bug,tomwhite,2012-09-19T14:35:42.801+0000,2012-09-27T13:28:20.946+0000,0,AVRO,tomwhite,17,AVRO-1170,132.0,50,3,Fixed,433.985387988,1170,1,1,1,0,2,9
Closed,Major,2012-12-10T17:57:37.903+0000,Improvement,hernan.otero,2012-09-18T18:52:36.821+0000,2012-09-24T21:14:51.361+0000,0,AVRO,hernan.otero,3,AVRO-1169,1392.0,52,2,Fixed,433.985373986,1169,1,1,1,0,1,9
Closed,Minor,2012-09-25T21:22:59.502+0000,Bug,onetoinfinity@yahoo.com,2012-09-18T16:34:23.156+0000,2012-09-18T16:57:04.320+0000,0,AVRO,,1,AVRO-1168,680.0,69,2,Invalid,509.842762912,1168,1,1,1,0,1,9
Open,Major,2012-09-14T22:39:18.940+0000,Bug,vnadkarni,2012-09-14T22:25:40.276+0000,,0,AVRO,,2,AVRO-1167,2326.0,61,1,,520.799235438,1167,1,0,1,0,4,9
Closed,Minor,2012-09-25T21:16:14.202+0000,Improvement,lmartinking,2012-09-13T03:05:10.722+0000,2012-09-13T21:29:17.881+0000,0,AVRO,,2,AVRO-1160,435.0,38,2,Fixed,509.847453878,1160,1,0,1,1,3,9
Closed,Major,2013-08-20T17:46:03.814+0000,Bug,jbaldassari,2013-04-11T01:58:42.619+0000,2013-07-15T00:54:12.999+0000,0,AVRO,jbaldassari,8,AVRO-1297,331.0,67,4,Fixed,180.993407445,1297,1,1,1,2,3,4
Closed,Major,2013-08-20T17:46:03.614+0000,Bug,jbaldassari,2013-04-09T21:23:19.445+0000,2013-07-02T18:00:32.997+0000,0,AVRO,jbaldassari,10,AVRO-1292,4674.0,85,4,Fixed,180.99340975,1292,1,1,1,3,1,4
Closed,Major,2013-08-20T17:46:06.854+0000,Test,martinkl,2013-04-03T04:45:50.168+0000,2013-04-13T04:46:50.613+0000,0,AVRO,martinkl,5,AVRO-1287,249.0,40,3,Fixed,180.993372253,1287,1,0,1,0,2,4
Patch Available,Minor,2013-08-08T16:20:08.579+0000,Improvement,trochee,2013-03-26T00:41:55.703+0000,,0,AVRO,trochee,2,AVRO-1284,532.0,55,1,,324.057369385,1284,1,0,0,1,1,3
Closed,Major,2013-08-20T17:46:08.657+0000,Bug,cwsteinbach,2013-03-21T19:04:10.081+0000,2013-07-26T13:55:52.078+0000,0,AVRO,cwsteinbach,5,AVRO-1279,,67,4,Fixed,180.993351401,1279,1,0,1,0,3,3
Open,Major,2013-12-18T13:34:04.836+0000,Bug,cwsteinbach,2013-03-21T18:49:11.814+0000,,0,AVRO,cwsteinbach,3,AVRO-1278,,59,2,,332.932349865,1278,1,0,1,0,3,3
Closed,Major,2013-08-20T17:46:09.412+0000,New Feature,tomwhite,2013-03-12T15:20:04.489+0000,2013-04-29T11:38:50.409+0000,0,AVRO,tomwhite,37,AVRO-1274,86.0,24,7,Fixed,180.993342668,1274,1,1,0,0,1,3
Open,Major,2013-10-08T06:20:11.028+0000,Bug,madhuwithu,2013-03-01T20:47:02.720+0000,,0,AVRO,,5,AVRO-1269,613.0,79,6,,352.867725691,1269,0,0,1,0,4,3
Closed,Major,2013-08-20T17:46:03.475+0000,Improvement,cutting,2013-02-28T21:50:47.208+0000,2013-03-04T21:09:13.045+0000,0,AVRO,cutting,3,AVRO-1267,143.0,35,1,Fixed,180.993411376,1267,1,1,0,0,3,2
Closed,Major,2013-08-20T17:46:06.171+0000,Bug,nagav.ashish,2013-02-28T20:02:16.213+0000,2013-04-13T04:32:35.193+0000,0,AVRO,nagav.ashish,14,AVRO-1266,131.0,95,5,Fixed,180.993380186,1266,1,1,0,0,3,2
Patch Available,Minor,2013-08-08T16:20:08.933+0000,Improvement,trochee,2013-02-28T18:28:35.589+0000,,0,AVRO,trochee,5,AVRO-1265,781.0,72,1,,324.051610061,1265,1,0,0,1,3,2
Open,Major,2013-08-07T19:24:33.896+0000,New Feature,jojspieg@gmail.com,2013-02-27T19:50:50.869+0000,,0,AVRO,cutting,5,AVRO-1262,671.0,51,3,,193.92500372,1262,1,1,1,0,2,2
Closed,Minor,2013-08-20T17:46:07.171+0000,Bug,cconner,2013-02-27T19:37:53.150+0000,2013-07-09T22:14:50.878+0000,0,AVRO,cutting,10,AVRO-1261,754.0,71,5,Fixed,180.993368618,1261,1,1,1,0,2,2
Closed,Major,2013-08-20T17:46:08.107+0000,Improvement,martinkl,2013-02-20T01:38:28.292+0000,2013-03-01T19:03:37.839+0000,0,AVRO,martinkl,6,AVRO-1260,818.0,42,2,Fixed,180.993357787,1260,1,0,1,0,2,2
Closed,Major,2013-08-20T17:46:04.903+0000,Improvement,cutting,2013-02-20T00:42:57.006+0000,2013-03-27T23:42:50.657+0000,0,AVRO,cutting,7,AVRO-1259,349.0,40,2,Fixed,180.993394872,1259,1,0,0,0,2,2
Resolved,Major,2014-02-11T04:54:03.618+0000,Bug,mic159,2013-02-01T05:36:50.815+0000,2013-12-18T13:32:02.635+0000,0,AVRO,,10,AVRO-1237,244.0,54,5,Fixed,61.1698096314,1237,1,0,0,0,4,2
Closed,Major,2014-01-23T21:58:54.867+0000,Bug,dbeech,2013-01-17T13:45:01.702+0000,2013-12-13T00:59:12.386+0000,1,AVRO,dbeech,17,AVRO-1234,517.0,72,9,Fixed,24.8178165779,1234,0,0,1,0,3,1
Closed,Major,2013-08-27T17:00:19.256+0000,Bug,tomwhite,2012-09-11T11:05:49.103+0000,2012-09-12T08:22:08.444+0000,0,AVRO,tomwhite,8,AVRO-1155,194.0,84,4,Fixed,509.847467807,1155,1,1,0,0,1,9
Open,Minor,2014-01-29T21:54:49.686+0000,Bug,yangyangyyy,2011-08-30T23:14:57.248+0000,,0,AVRO,,4,AVRO-882,466.0,35,2,,901.76501127,882,1,1,1,0,1,8
Closed,Major,2013-02-12T18:43:51.828+0000,Bug,gffletch,2012-09-14T19:35:25.321+0000,2012-09-17T20:17:06.817+0000,0,AVRO,gffletch,6,AVRO-1166,875.0,57,3,Fixed,509.84746148,1166,1,1,1,0,4,9
Closed,Major,2012-09-25T21:16:13.173+0000,Bug,vnadkarni,2012-09-14T17:40:00.251+0000,2012-09-17T23:19:09.269+0000,0,AVRO,,4,AVRO-1165,1505.0,56,2,Fixed,509.847465834,1165,1,0,1,0,4,9
Closed,Trivial,2012-09-25T21:16:13.686+0000,Bug,vnadkarni,2012-09-14T17:12:55.549+0000,2012-09-17T23:13:56.317+0000,0,AVRO,,3,AVRO-1164,477.0,55,2,Fixed,509.847459898,1164,1,0,1,0,4,9
Closed,Major,2012-12-10T17:57:38.569+0000,Bug,mpugachev,2012-09-14T12:45:52.541+0000,2012-11-30T09:54:32.264+0000,0,AVRO,,4,AVRO-1163,74.0,44,3,Fixed,433.985366335,1163,1,0,1,0,4,9
Closed,Major,2012-09-25T21:16:12.836+0000,Bug,alexandre.normand,2012-09-13T21:15:25.276+0000,2012-09-13T23:41:28.102+0000,0,AVRO,alexandre.normand,6,AVRO-1162,414.0,80,2,Fixed,509.847469739,1162,1,1,1,2,3,9
Closed,Major,2012-09-25T21:16:13.282+0000,Bug,lmartinking,2012-09-13T06:27:09.390+0000,2012-09-17T23:28:28.556+0000,0,AVRO,,7,AVRO-1161,1333.0,43,3,Fixed,509.847464579,1161,1,0,1,1,3,9
Closed,Major,2012-09-25T21:16:12.891+0000,Bug,lmartinking,2012-09-13T02:54:41.222+0000,2012-09-13T21:25:07.131+0000,0,AVRO,,2,AVRO-1159,256.0,52,2,Fixed,509.847469094,1159,1,0,1,2,3,9
Closed,Major,2012-09-25T21:16:14.326+0000,Bug,lmartinking,2012-09-13T02:44:23.895+0000,2012-09-13T21:21:10.126+0000,0,AVRO,,3,AVRO-1158,186.0,52,2,Fixed,509.847452498,1158,1,0,1,2,3,9
Closed,Minor,2012-12-10T17:57:36.561+0000,Improvement,onetoinfinity@yahoo.com,2012-09-12T17:17:51.719+0000,2012-11-01T17:44:07.334+0000,0,AVRO,cutting,12,AVRO-1157,315.0,74,3,Fixed,433.985389583,1157,2,1,1,0,2,9
Open,Major,2012-09-17T20:59:34.913+0000,Bug,mpercy,2012-09-11T20:45:59.627+0000,,0,AVRO,mpercy,13,AVRO-1156,203.0,37,6,,517.85901977,1156,0,0,0,0,1,9
Closed,Major,2012-09-25T21:16:13.337+0000,Bug,karel1980,2012-09-11T09:36:32.534+0000,2012-09-13T20:37:07.246+0000,0,AVRO,karel1980,6,AVRO-1154,273.0,47,3,Fixed,509.847463938,1154,0,0,0,0,1,9
Closed,Major,2012-09-25T21:16:13.846+0000,Bug,alexandre.normand,2012-09-11T00:02:00.156+0000,2012-09-12T23:54:08.736+0000,0,AVRO,alexandre.normand,9,AVRO-1153,1424.0,84,2,Fixed,509.84745806,1153,1,1,1,2,1,9
Closed,Major,2012-09-25T21:16:14.084+0000,Bug,cutting,2012-09-10T23:36:51.706+0000,2012-09-10T23:43:51.511+0000,0,AVRO,cutting,1,AVRO-1152,190.0,38,1,Fixed,509.847455307,1152,1,1,1,0,0,9
Closed,Minor,2012-09-25T21:16:12.944+0000,Improvement,hshreedharan,2012-09-10T06:25:13.965+0000,2012-09-11T11:34:50.821+0000,0,AVRO,hshreedharan,6,AVRO-1151,133.0,73,2,Fixed,509.847468492,1151,1,1,0,0,0,9
Closed,Minor,2012-09-25T21:16:13.966+0000,Bug,gabriel.reid,2012-09-07T20:48:31.022+0000,2012-09-17T20:43:39.786+0000,0,AVRO,gabriel.reid,9,AVRO-1150,294.0,48,2,Fixed,509.847456676,1150,1,1,0,0,4,9
Closed,Major,2012-09-25T21:16:13.793+0000,Improvement,gabriel.reid,2012-09-07T20:43:33.774+0000,2012-09-11T22:38:48.397+0000,0,AVRO,gabriel.reid,3,AVRO-1149,375.0,55,2,Fixed,509.84745868,1149,1,1,0,0,4,9
Resolved,Major,2013-02-12T18:43:51.811+0000,Bug,netvisao,2012-09-07T20:12:36.541+0000,2013-02-12T18:43:51.783+0000,0,AVRO,,3,AVRO-1148,742.0,55,3,Duplicate,369.953268311,1148,1,1,1,1,4,9
Closed,Major,2012-09-25T21:16:14.496+0000,Improvement,alexandre.normand,2012-09-05T19:38:11.911+0000,2012-09-10T23:42:20.887+0000,0,AVRO,alexandre.normand,10,AVRO-1147,485.0,75,2,Fixed,509.847450546,1147,1,1,1,2,2,9
Closed,Major,2012-09-25T21:16:14.142+0000,Bug,alexandre.normand,2012-08-31T22:51:35.147+0000,2012-09-10T18:32:49.212+0000,0,AVRO,alexandre.normand,12,AVRO-1146,583.0,86,2,Fixed,509.847454645,1146,1,1,1,1,4,8
Closed,Major,2012-09-25T21:22:59.667+0000,Bug,alexandre.normand,2012-08-31T17:25:55.562+0000,2012-08-31T21:27:58.363+0000,0,AVRO,,5,AVRO-1145,3284.0,82,2,Not A Problem,509.84276107,1145,1,1,1,0,4,8
Closed,Major,2012-09-25T21:16:13.906+0000,Bug,janlugt,2012-08-28T17:13:50.175+0000,2012-09-09T04:47:05.942+0000,0,AVRO,thiru_mg,4,AVRO-1143,177.0,53,3,Fixed,509.84745738,1143,1,0,1,0,1,8
Closed,Major,2012-09-25T21:16:14.387+0000,Bug,mnagy,2012-08-21T13:29:13.408+0000,2012-09-14T21:09:19.395+0000,0,AVRO,cutting,4,AVRO-1142,367.0,73,2,Fixed,509.847451814,1142,1,0,0,0,1,8
Closed,Major,2012-09-25T21:24:32.198+0000,Bug,mnagy,2012-08-21T13:16:03.582+0000,2012-08-27T04:54:49.862+0000,0,AVRO,,3,AVRO-1141,198.0,43,2,Fixed,509.841690126,1141,1,0,1,0,1,8
Closed,Major,2012-09-25T21:24:32.297+0000,Bug,janlugt,2012-08-15T21:03:06.412+0000,2012-08-20T08:05:31.381+0000,0,AVRO,,3,AVRO-1140,359.0,42,2,Fixed,509.84168897,1140,1,0,1,0,2,8
Closed,Minor,2012-09-25T21:16:14.441+0000,Improvement,lewismc,2012-08-15T12:35:12.532+0000,2012-08-15T20:06:27.642+0000,0,AVRO,lewismc,6,AVRO-1139,187.0,46,2,Invalid,509.847451193,1139,1,1,1,0,2,8
Closed,Major,2012-09-25T21:16:13.055+0000,Bug,mpugachev,2012-08-13T13:57:41.012+0000,2012-09-13T21:12:51.812+0000,0,AVRO,,3,AVRO-1138,285.0,61,2,Fixed,509.847467225,1138,1,0,1,0,0,8
Patch Available,Major,2012-08-15T15:48:10.439+0000,Improvement,ajo.fod,2012-08-08T14:34:13.172+0000,,0,AVRO,,4,AVRO-1137,256.0,63,2,,551.076434194,1137,0,0,0,0,2,8
Closed,Minor,2012-09-25T21:22:59.634+0000,Bug,jeremy@lewi.us,2012-08-05T22:44:22.673+0000,2012-08-06T19:26:31.857+0000,0,AVRO,,3,AVRO-1136,606.0,35,2,Won't Fix,509.842761464,1136,1,1,1,0,6,8
Closed,Major,2012-09-25T21:16:13.114+0000,Bug,thiru_mg,2012-08-05T03:17:52.951+0000,2012-08-20T07:59:24.323+0000,0,AVRO,thiru_mg,3,AVRO-1135,392.0,30,1,Fixed,509.847466558,1135,1,0,1,0,6,8
Closed,Major,2012-12-10T18:00:12.644+0000,Bug,pdlug,2012-07-27T01:11:59.013+0000,2012-11-28T22:34:44.400+0000,1,AVRO,,4,AVRO-1134,11762.0,55,3,Duplicate,433.983583099,1134,1,0,1,0,4,7
Open,Major,2012-07-24T03:00:03.899+0000,Bug,lmoss,2012-07-22T18:13:54.363+0000,,0,AVRO,,1,AVRO-1133,798.0,65,2,,574.974072487,1133,1,0,1,0,6,7
Closed,Minor,2012-09-25T21:24:32.435+0000,Bug,lmoss,2012-07-22T16:48:46.789+0000,2012-07-24T02:30:16.090+0000,0,AVRO,lmoss,2,AVRO-1131,667.0,73,2,Fixed,509.841687384,1131,1,0,1,1,6,7
Open,Minor,2012-07-21T20:03:49.186+0000,New Feature,jeremy@lewi.us,2012-07-21T19:44:21.644+0000,,0,AVRO,qwertymaniac,0,AVRO-1130,188.0,60,2,,575.911256738,1130,1,1,1,0,5,7
Closed,Major,2012-09-25T21:16:13.740+0000,Improvement,mpugachev,2012-07-19T10:48:00.201+0000,2012-09-13T21:15:47.001+0000,0,AVRO,,3,AVRO-1129,260.0,23,2,Fixed,509.84745932,1129,1,0,1,0,3,7
Closed,Critical,2012-09-25T21:16:13.228+0000,Bug,ekohlwey,2012-07-17T15:36:58.391+0000,2012-07-19T21:25:22.468+0000,0,AVRO,cutting,4,AVRO-1128,1342.0,72,2,Fixed,509.847465236,1128,0,0,2,0,1,7
Open,Minor,2012-09-25T21:14:59.193+0000,Bug,ekohlwey,2012-07-15T12:42:45.355+0000,,0,AVRO,ekohlwey,2,AVRO-1127,378.0,72,2,,582.204037865,1127,1,1,2,0,6,7
Closed,Major,2012-07-18T21:54:25.217+0000,Improvement,cutting,2012-07-12T18:38:23.022+0000,2012-07-12T19:04:28.188+0000,0,AVRO,cutting,2,AVRO-1125,303.0,51,1,Fixed,578.8209376,1125,2,1,0,0,3,7
Closed,Major,2012-09-25T21:22:59.534+0000,Bug,stevenwillis,2012-06-27T18:55:27.542+0000,2012-08-01T21:16:28.853+0000,0,AVRO,,4,AVRO-1123,199.0,61,3,Duplicate,509.842762636,1123,1,1,3,0,2,6
Open,Major,2013-04-05T19:33:58.818+0000,Bug,mpercy,2012-06-27T07:30:32.167+0000,,0,AVRO,,5,AVRO-1122,205.0,65,5,,600.420857175,1122,0,0,1,0,2,6
Open,Major,2013-02-12T16:30:54.965+0000,New Feature,iv.teh,2012-06-25T09:40:21.840+0000,,0,AVRO,,3,AVRO-1121,224.0,55,4,,602.330698924,1121,1,1,0,0,0,6
Closed,Major,2012-07-18T21:54:24.509+0000,Improvement,nagav.ashish,2012-06-21T21:38:10.569+0000,2012-07-02T22:13:10.841+0000,0,AVRO,nagav.ashish,4,AVRO-1120,125.0,107,2,Fixed,578.820945685,1120,1,1,1,2,3,6
Closed,Major,2012-07-18T21:54:24.406+0000,Bug,sortega,2012-06-20T07:17:06.228+0000,2012-07-05T21:45:09.644+0000,0,AVRO,sortega,11,AVRO-1119,517.0,27,2,Fixed,578.820946867,1119,1,1,2,0,2,6
Closed,Major,2013-05-09T16:17:20.560+0000,Bug,mpercy,2012-06-20T02:47:45.559+0000,2012-06-20T06:20:51.297+0000,0,AVRO,,4,AVRO-1118,1546.0,96,3,Not A Problem,509.842763824,1118,0,0,1,0,2,6
Closed,Major,2012-07-18T21:54:25.010+0000,Improvement,lmartinking,2012-06-18T06:37:46.261+0000,2012-06-22T11:59:50.217+0000,0,AVRO,,6,AVRO-1117,172.0,83,2,Fixed,578.820940006,1117,1,0,0,0,0,6
Closed,Major,2012-07-18T21:54:24.760+0000,Bug,thiru_mg,2012-06-15T18:24:15.671+0000,2012-07-04T09:11:08.608+0000,0,AVRO,thiru_mg,3,AVRO-1116,252.0,43,1,Fixed,578.820942739,1116,1,0,10,0,4,6
Closed,Critical,2012-07-18T21:54:25.762+0000,Bug,mpugachev,2012-06-13T11:07:16.389+0000,2012-06-22T11:53:32.932+0000,0,AVRO,,5,AVRO-1115,569.0,50,2,Fixed,578.820931155,1115,1,0,1,0,2,6
Closed,Major,2012-07-18T21:54:24.627+0000,Bug,cutting,2012-06-11T21:50:29.293+0000,2012-06-11T21:52:13.298+0000,0,AVRO,cutting,1,AVRO-1114,89.0,52,1,Fixed,578.820944201,1114,1,1,1,0,0,6
Open,Minor,2012-06-12T22:32:38.958+0000,Bug,davidtaylor,2012-06-11T18:24:51.746+0000,,0,AVRO,,2,AVRO-1113,406.0,24,2,,615.966463913,1113,1,1,1,0,0,6
Closed,Minor,2012-07-18T21:54:25.330+0000,Bug,matthewcmead,2012-06-09T01:35:20.607+0000,2012-06-15T18:25:58.533+0000,0,AVRO,matthewcmead,8,AVRO-1112,127.0,54,3,Fixed,578.820936148,1112,1,1,2,2,5,6
Closed,Major,2013-01-08T17:54:09.480+0000,Bug,hshreedharan,2012-06-08T22:37:32.125+0000,2012-09-11T11:50:48.983+0000,0,AVRO,mpercy,7,AVRO-1111,771.0,53,9,Fixed,509.847453314,1111,1,1,1,0,4,6
Closed,Major,2012-09-25T21:22:59.700+0000,Bug,spachev,2012-06-07T21:29:37.147+0000,2012-06-18T21:05:36.462+0000,0,AVRO,,3,AVRO-1110,235.0,59,3,Duplicate,509.842760734,1110,1,0,1,0,3,6
Closed,Major,2012-07-18T21:54:24.902+0000,Bug,mfarnan,2012-06-07T01:07:06.629+0000,2012-07-12T18:19:35.344+0000,0,AVRO,,4,AVRO-1109,275.0,49,2,Fixed,578.820941257,1109,1,0,3,4,3,6
Closed,Major,2012-07-18T21:54:25.451+0000,New Feature,nagav.ashish,2012-06-02T00:19:12.627+0000,2012-06-15T21:29:51.940+0000,0,AVRO,cutting,6,AVRO-1108,121.0,45,2,Fixed,578.820934892,1108,1,1,1,0,5,6
Open,Minor,2012-06-01T18:54:12.841+0000,Improvement,greybird,2012-06-01T18:54:12.841+0000,,0,AVRO,,0,AVRO-1107,433.0,47,1,,625.946080878,1107,1,1,0,0,4,6
Closed,Major,2012-12-07T04:47:32.877+0000,New Feature,nagav.ashish,2012-06-01T06:55:39.145+0000,2012-06-12T19:46:32.116+0000,0,AVRO,nagav.ashish,8,AVRO-1106,50.0,43,3,Fixed,578.820933784,1106,1,1,1,2,4,6
Open,Major,2013-05-10T21:05:46.776+0000,New Feature,kryzthov,2012-05-30T23:23:18.230+0000,,6,AVRO,,12,AVRO-1105,208.0,18,11,,627.759212952,1105,0,0,0,0,2,5
Closed,Major,2012-07-18T21:54:25.649+0000,New Feature,lmartinking,2012-05-28T04:50:20.994+0000,2012-06-18T21:40:43.076+0000,1,AVRO,,5,AVRO-1104,135.0,15,4,Fixed,578.82093263,1104,1,0,1,2,0,5
Closed,Major,2013-02-01T16:28:54.848+0000,Improvement,jacobmetcalf,2012-05-26T18:12:20.041+0000,2012-08-01T21:15:19.022+0000,0,AVRO,cutting,10,AVRO-1103,1594.0,58,4,Fixed,509.847462238,1103,1,1,1,0,5,5
Closed,Major,2012-06-11T20:01:34.225+0000,Bug,mpugachev,2012-05-25T06:43:11.627+0000,2012-06-07T17:41:19.885+0000,0,AVRO,,2,AVRO-1102,77.0,45,2,Fixed,615.899305584,1102,1,0,2,0,4,5
Closed,Critical,2012-09-25T21:22:59.854+0000,Bug,mpugachev,2012-05-24T14:19:46.162+0000,2012-09-13T21:17:41.536+0000,0,AVRO,,10,AVRO-1101,123.0,78,3,Won't Fix,509.842758966,1101,1,0,2,0,3,5
Open,Major,2012-06-11T22:33:39.406+0000,Bug,zookeeperatcabot,2012-05-22T15:20:04.353+0000,,0,AVRO,,3,AVRO-1100,1099.0,51,2,,636.09479024,1100,1,1,1,0,1,5
Closed,Major,2012-06-11T20:01:36.997+0000,Bug,jojenki,2012-05-21T23:22:07.016+0000,2012-06-07T20:42:29.332+0000,0,AVRO,cutting,11,AVRO-1099,1229.0,29,2,Fixed,615.899273494,1099,1,1,1,1,0,5
Closed,Major,2012-06-11T20:01:36.568+0000,Bug,cutting,2012-05-21T20:54:58.106+0000,2012-05-23T20:35:19.406+0000,0,AVRO,cutting,3,AVRO-1098,264.0,52,2,Fixed,615.899278484,1098,1,0,0,0,0,5
Closed,Major,2012-06-11T20:01:36.753+0000,Bug,thiru_mg,2012-05-21T05:39:17.534+0000,2012-05-23T20:29:04.705+0000,0,AVRO,thiru_mg,4,AVRO-1097,580.0,43,3,Fixed,615.899276194,1097,1,1,0,0,0,5
Closed,Major,2012-06-11T20:01:34.976+0000,Bug,dcreager,2012-05-20T13:46:18.426+0000,2012-05-20T13:51:29.930+0000,0,AVRO,,4,AVRO-1096,318.0,41,2,Fixed,615.899296751,1096,1,0,1,0,6,5
Closed,Minor,2012-09-25T21:24:32.365+0000,Improvement,thiru_mg,2012-05-19T02:46:36.529+0000,2012-05-20T16:40:19.574+0000,0,AVRO,thiru_mg,1,AVRO-1095,112.0,114,1,Fixed,509.841688245,1095,1,0,0,0,5,5
Closed,Major,2012-06-11T20:01:34.757+0000,Bug,ekohlwey,2012-05-17T17:58:05.516+0000,2012-05-18T21:30:19.282+0000,0,AVRO,ekohlwey,9,AVRO-1094,341.0,48,2,Fixed,615.899299451,1094,1,1,2,0,3,5
Closed,Major,2012-09-25T21:22:59.567+0000,Bug,catalinalexandru.zamfir@gameloft.com,2012-05-16T14:37:00.731+0000,2012-05-17T18:33:10.476+0000,0,AVRO,,1,AVRO-1093,2511.0,72,1,Invalid,509.842762299,1093,0,0,2,0,2,5
Closed,Critical,2012-06-11T20:01:34.587+0000,Bug,mpugachev,2012-05-16T10:40:20.206+0000,2012-05-20T14:25:44.994+0000,0,AVRO,,8,AVRO-1092,176.0,56,3,Fixed,615.899301421,1092,1,0,2,0,2,5
Closed,Minor,2012-06-11T20:01:33.764+0000,Improvement,vnadkarni,2012-05-15T17:42:57.080+0000,2012-05-20T14:29:26.951+0000,0,AVRO,,3,AVRO-1091,328.0,60,2,Fixed,615.899310937,1091,1,0,1,0,1,5
Closed,Major,2012-06-11T20:01:35.372+0000,Bug,catalinalexandru.zamfir@gameloft.com,2012-05-14T11:34:53.303+0000,2012-05-17T20:16:22.311+0000,0,AVRO,cutting,11,AVRO-1090,2023.0,88,3,Fixed,615.899292211,1090,0,0,1,0,0,5
Closed,Major,2012-12-10T17:57:36.068+0000,Bug,vnadkarni,2012-05-14T08:28:09.789+0000,2012-12-01T17:04:28.186+0000,0,AVRO,,3,AVRO-1089,1100.0,63,1,Fixed,433.985395396,1089,1,0,2,0,0,5
Closed,Major,2012-06-11T20:01:35.852+0000,Improvement,vnadkarni,2012-05-14T08:12:45.046+0000,2012-05-20T14:14:15.239+0000,0,AVRO,,6,AVRO-1088,1745.0,64,2,Fixed,615.899286786,1088,1,0,1,0,0,5
Closed,Blocker,2012-06-11T20:01:36.505+0000,Bug,mpugachev,2012-05-12T11:06:14.091+0000,2012-05-21T12:28:25.055+0000,0,AVRO,,4,AVRO-1087,833.0,64,1,Fixed,615.89927923,1087,1,0,1,0,5,5
Closed,Critical,2012-06-11T20:01:33.889+0000,Bug,mpugachev,2012-05-12T10:37:05.059+0000,2012-05-20T14:05:17.981+0000,0,AVRO,,2,AVRO-1086,197.0,58,1,Fixed,615.899309382,1086,1,0,2,0,5,5
Closed,Major,2012-06-11T20:01:34.668+0000,New Feature,ewhauser,2012-05-11T14:03:48.386+0000,2012-05-16T07:59:54.919+0000,0,AVRO,ewhauser,2,AVRO-1085,99.0,21,1,Fixed,615.899300333,1085,1,0,1,0,4,5
Closed,Major,2012-06-11T20:01:34.403+0000,Bug,mpugachev,2012-05-11T09:49:45.504+0000,2012-05-20T13:58:13.820+0000,0,AVRO,,3,AVRO-1084,161.0,68,1,Fixed,615.899303552,1084,1,0,2,0,4,5
Closed,Major,2012-06-11T20:01:37.344+0000,Bug,mpugachev,2012-05-11T08:48:28.168+0000,2012-05-20T14:03:28.174+0000,0,AVRO,,5,AVRO-1083,45.0,29,1,Fixed,615.899269525,1083,1,0,2,0,4,5
Closed,Major,2012-06-11T20:01:38.263+0000,Bug,mpugachev,2012-05-11T07:24:22.421+0000,2012-05-20T13:51:45.926+0000,0,AVRO,,2,AVRO-1082,146.0,39,2,Fixed,615.89925889,1082,1,0,2,0,4,5
Closed,Major,2013-01-09T21:18:27.973+0000,Bug,rfuller,2012-05-10T14:11:10.478+0000,2012-05-17T19:51:15.740+0000,0,AVRO,cutting,8,AVRO-1081,607.0,54,5,Fixed,615.899298232,1081,0,0,1,0,3,5
Closed,Major,2013-06-13T19:07:09.642+0000,Bug,kehli,2012-05-06T06:28:35.586+0000,2012-05-09T08:35:12.451+0000,0,AVRO,kehli,4,AVRO-1080,1982.0,51,0,Fixed,509.841691359,1080,1,0,1,0,6,5
Closed,Minor,2012-09-25T21:24:32.165+0000,Improvement,nurf,2012-05-04T12:53:46.996+0000,2012-05-16T08:32:29.992+0000,0,AVRO,thiru_mg,3,AVRO-1079,844.0,47,1,Fixed,509.841690585,1079,1,0,2,0,4,5
Closed,Major,2012-09-25T21:24:32.231+0000,Bug,nurf,2012-05-04T12:38:20.640+0000,2012-05-16T08:23:15.219+0000,0,AVRO,thiru_mg,2,AVRO-1078,127.0,50,1,Fixed,509.841689834,1078,1,0,1,0,4,5
Closed,Major,2012-09-25T21:24:32.132+0000,Bug,nurf,2012-05-04T12:32:58.653+0000,2012-05-16T08:13:07.912+0000,0,AVRO,thiru_mg,2,AVRO-1077,198.0,39,1,Fixed,509.84169097,1077,1,0,2,0,4,5
Closed,Major,2012-06-11T20:01:36.832+0000,Bug,kaykay.unique,2012-04-29T04:38:51.520+0000,2012-05-17T21:23:30.667+0000,0,AVRO,kaykay.unique,3,AVRO-1076,54.0,41,1,Fixed,615.899275462,1076,1,1,1,0,6,4
Closed,Minor,2012-06-11T20:01:35.450+0000,Improvement,kaykay.unique,2012-04-29T04:31:16.706+0000,2012-05-08T21:44:10.865+0000,0,AVRO,kaykay.unique,1,AVRO-1075,139.0,29,0,Fixed,615.899291448,1075,1,0,1,0,6,4
Closed,Major,2012-06-11T20:01:35.956+0000,Improvement,hernan.otero,2012-04-27T19:23:07.822+0000,2012-05-17T22:30:46.222+0000,0,AVRO,cutting,4,AVRO-1074,464.0,40,2,Fixed,615.899285512,1074,1,1,1,0,4,4
Open,Major,2012-05-08T21:29:40.721+0000,Improvement,zhihong@gmail.com,2012-04-26T22:22:37.620+0000,,0,AVRO,,1,AVRO-1073,449.0,33,1,,661.801349691,1073,1,1,1,0,3,4
Open,Major,2012-05-08T21:39:56.089+0000,Bug,zhihong@gmail.com,2012-04-26T22:08:15.310+0000,,0,AVRO,,1,AVRO-1072,394.0,60,0,,661.811330133,1072,1,1,1,0,3,4
Closed,Minor,2012-06-11T20:01:37.146+0000,Bug,jghoman,2012-04-23T19:55:41.739+0000,2012-05-08T21:22:04.371+0000,0,AVRO,jghoman,2,AVRO-1071,222.0,59,0,Fixed,615.899271836,1071,1,1,1,0,0,4
Closed,Major,2012-06-11T20:01:37.939+0000,Bug,thiru_mg,2012-04-22T12:51:25.489+0000,2012-05-09T07:36:25.851+0000,0,AVRO,thiru_mg,3,AVRO-1070,111.0,49,0,Fixed,615.89926266,1070,1,1,0,0,6,4
Closed,Major,2012-07-18T21:54:25.118+0000,Bug,thomasoa,2012-04-20T21:18:46.110+0000,2012-06-12T19:48:53.562+0000,0,AVRO,cutting,4,AVRO-1069,913.0,85,1,Fixed,578.82093883,1069,1,1,0,0,4,4
Closed,Major,2012-06-11T20:01:37.414+0000,Improvement,thiru_mg,2012-04-20T05:59:48.647+0000,2012-04-22T12:41:36.803+0000,0,AVRO,thiru_mg,3,AVRO-1068,159.0,66,0,Fixed,615.899268739,1068,1,1,1,0,4,4
Open,Minor,2012-04-19T16:27:29.172+0000,Improvement,aripollak,2012-04-19T16:27:29.172+0000,,0,AVRO,,0,AVRO-1067,747.0,74,1,,669.047975257,1067,1,1,1,0,3,4
Closed,Major,2012-06-11T20:01:35.554+0000,Bug,dlord,2012-04-19T00:04:33.001+0000,2012-05-11T18:08:35.833+0000,0,AVRO,dlord,9,AVRO-1066,6603.0,115,0,Fixed,615.899289958,1066,0,0,1,0,3,4
Closed,Major,2012-09-25T21:24:32.332+0000,Bug,kehli,2012-04-18T20:52:20.818+0000,2012-05-13T17:28:53.063+0000,0,AVRO,thiru_mg,5,AVRO-1065,642.0,62,0,Fixed,509.841688675,1065,1,0,1,0,2,4
Patch Available,Major,2013-05-10T22:07:46.498+0000,Bug,kevinzhao,2012-04-18T04:07:32.179+0000,,0,AVRO,,4,AVRO-1064,281.0,77,2,,669.645139718,1064,1,1,1,0,2,4
Closed,Major,2012-06-11T20:01:37.238+0000,Improvement,kevinzhao,2012-04-17T08:33:41.449+0000,2012-05-16T21:24:22.250+0000,0,AVRO,kevinzhao,4,AVRO-1062,187.0,117,1,Fixed,615.899270542,1062,1,1,1,1,1,4
Open,Trivial,2012-04-16T23:16:19.628+0000,Improvement,aripollak,2012-04-16T20:43:25.711+0000,,0,AVRO,,1,AVRO-1061,209.0,50,0,,671.870237546,1061,1,1,1,0,0,4
Closed,Major,2012-06-11T20:01:37.734+0000,Improvement,kaykay.unique,2012-04-15T19:58:20.624+0000,2012-04-16T20:38:37.228+0000,0,AVRO,kaykay.unique,1,AVRO-1060,308.0,29,0,Fixed,615.899265047,1060,0,0,1,0,6,4
Open,Major,2012-04-14T02:28:51.896+0000,Improvement,curcuru,2012-04-14T02:28:03.567+0000,,0,AVRO,,0,AVRO-1059,108.0,55,0,,674.630910512,1059,0,0,0,0,5,4
Open,Major,2012-05-23T21:51:45.889+0000,Bug,whoschek,2012-04-13T19:58:53.259+0000,,0,AVRO,,2,AVRO-1058,3419.0,39,2,,674.901168708,1058,1,1,3,0,4,4
Open,Minor,2012-04-13T19:55:18.544+0000,Bug,kryzthov,2012-04-13T19:03:37.346+0000,,0,AVRO,,3,AVRO-1057,780.0,82,1,,674.939547332,1057,1,1,1,0,4,4
Closed,Major,2012-06-11T20:01:38.041+0000,Bug,kevinzhao,2012-04-13T01:59:10.528+0000,2012-05-17T21:17:31.694+0000,0,AVRO,kevinzhao,4,AVRO-1056,142.0,67,1,Fixed,615.8992615,1056,1,1,1,0,4,4
Closed,Minor,2012-09-25T21:24:31.984+0000,Bug,thiru_mg,2012-04-07T12:18:15.430+0000,2012-04-12T11:27:13.318+0000,0,AVRO,thiru_mg,3,AVRO-1055,333.0,42,0,Fixed,509.841692717,1055,1,1,1,0,5,4
Closed,Major,2012-09-25T21:22:59.601+0000,Bug,susanths,2012-04-04T23:00:11.678+0000,2012-04-05T17:17:06.692+0000,0,AVRO,,1,AVRO-1054,3933.0,72,1,Invalid,509.842761978,1054,1,1,1,0,2,4
Patch Available,Major,2012-05-11T20:54:57.282+0000,Bug,ejsolberg,2012-04-02T15:04:41.695+0000,,0,AVRO,,1,AVRO-1053,220.0,79,0,,686.10399382,1053,1,0,1,0,0,4
Closed,Major,2012-06-11T20:01:33.514+0000,New Feature,nagav.ashish,2012-03-30T23:04:37.699+0000,2012-05-21T22:15:14.628+0000,0,AVRO,nagav.ashish,13,AVRO-1052,134.0,36,4,Fixed,615.899313614,1052,1,1,1,2,4,3
Closed,Major,2012-06-11T20:01:36.386+0000,Bug,hasghari,2012-03-27T19:53:54.088+0000,2012-05-16T21:47:39.304+0000,1,AVRO,hasghari,4,AVRO-1051,418.0,61,2,Fixed,615.899280525,1051,1,1,1,1,1,3
Closed,Major,2012-06-11T20:01:35.072+0000,Bug,abawany,2012-03-23T15:06:52.509+0000,2012-05-18T21:38:39.811+0000,0,AVRO,abawany,8,AVRO-1050,708.0,81,2,Fixed,615.899295654,1050,1,0,4,1,4,3
Closed,Minor,2012-06-11T20:01:36.644+0000,Bug,adwkenworthy,2012-03-23T13:20:46.183+0000,2012-05-16T21:58:00.501+0000,0,AVRO,cutting,3,AVRO-1049,1234.0,80,1,Fixed,615.89927767,1049,1,1,1,0,4,3
Closed,Major,2012-06-11T20:01:36.160+0000,Bug,dcreager,2012-03-22T20:29:21.025+0000,2012-04-28T19:47:46.746+0000,1,AVRO,dcreager,3,AVRO-1048,298.0,44,0,Fixed,615.899283146,1048,1,0,1,0,3,3
Open,Major,2012-11-14T23:48:32.660+0000,Bug,gwu,2012-03-20T21:54:00.428+0000,,4,AVRO,,2,AVRO-1047,336.0,67,4,,698.82122464,1047,1,1,1,0,1,3
Closed,Minor,2012-06-11T20:01:33.664+0000,Bug,gabriel.reid,2012-03-16T14:11:44.509+0000,2012-05-17T21:13:00.013+0000,0,AVRO,cutting,6,AVRO-1046,964.0,82,2,Fixed,615.899312003,1046,1,1,1,0,4,3
Closed,Minor,2012-06-11T20:01:38.136+0000,Bug,jeremy@lewi.us,2012-03-14T17:26:23.479+0000,2012-03-16T23:12:39.006+0000,0,AVRO,cutting,9,AVRO-1045,1084.0,37,0,Fixed,615.899260222,1045,1,1,1,0,2,3
Open,Critical,2013-04-30T19:31:33.426+0000,Bug,aprabhakar,2012-03-13T21:16:13.794+0000,,0,AVRO,,5,AVRO-1044,209.0,83,1,,705.847458835,1044,1,1,1,0,1,3
Closed,Trivial,2012-09-25T21:22:59.789+0000,Improvement,qwertymaniac,2012-03-09T13:28:33.712+0000,2012-05-12T12:28:34.284+0000,0,AVRO,qwertymaniac,1,AVRO-1043,247.0,59,1,Duplicate,509.842759809,1043,1,1,1,1,4,3
Closed,Trivial,2012-09-25T21:24:31.950+0000,Improvement,lewismc,2012-03-06T18:31:34.201+0000,2012-03-06T22:48:05.989+0000,0,AVRO,lewismc,2,AVRO-1042,130.0,49,1,Fixed,509.841693144,1042,0,0,0,1,1,3
Closed,Minor,2012-03-19T16:34:09.329+0000,Bug,irvingd,2012-03-01T21:32:55.184+0000,2012-03-02T21:50:42.446+0000,0,AVRO,irvingd,2,AVRO-1041,1427.0,43,0,Fixed,700.043343169,1041,1,1,1,0,3,3
Open,Minor,2012-03-01T20:34:01.700+0000,Improvement,frankgrimes97,2012-03-01T20:34:01.700+0000,,1,AVRO,,0,AVRO-1040,309.0,52,1,,717.876765485,1040,1,1,3,0,3,3
Closed,Minor,2012-03-19T16:34:08.532+0000,Bug,vnadkarni,2012-02-29T09:19:57.891+0000,2012-03-01T03:55:02.863+0000,0,AVRO,,2,AVRO-1039,1303.0,79,0,Fixed,700.043352778,1039,1,0,1,0,2,2
Closed,Major,2012-03-19T16:34:09.489+0000,Bug,vnadkarni,2012-02-29T08:11:33.160+0000,2012-03-01T03:53:28.463+0000,0,AVRO,,2,AVRO-1038,792.0,108,0,Fixed,700.043342005,1038,1,0,1,0,2,2
Closed,Major,2012-03-19T16:34:09.594+0000,Bug,scott_carey,2012-02-23T22:54:13.695+0000,2012-02-24T22:43:58.462+0000,0,AVRO,scott_carey,4,AVRO-1037,682.0,51,1,Fixed,700.043340629,1037,1,1,1,0,3,2
Closed,Major,2012-03-19T16:34:08.709+0000,Bug,gffletch,2012-02-23T17:48:48.153+0000,2012-02-24T23:47:16.195+0000,1,AVRO,cutting,11,AVRO-1036,249.0,52,2,Fixed,700.043351024,1036,1,1,1,0,3,2
Resolved,Major,2013-02-07T17:54:11.670+0000,New Feature,detonator413,2012-02-22T15:34:05.591+0000,2013-02-07T00:09:04.987+0000,0,AVRO,,3,AVRO-1035,955.0,54,3,Fixed,375.727420956,1035,0,0,0,0,2,2
Closed,Major,2012-03-19T16:34:09.711+0000,Bug,vnadkarni,2012-02-22T03:51:15.616+0000,2012-03-01T04:01:45.511+0000,0,AVRO,,7,AVRO-1034,921.0,95,0,Fixed,700.04333943,1034,1,0,1,0,2,2
Closed,Major,2012-03-19T16:34:09.807+0000,Bug,vnadkarni,2012-02-19T22:53:33.967+0000,2012-02-29T01:34:28.499+0000,0,AVRO,dcreager,3,AVRO-1033,2195.0,72,0,Fixed,700.043338332,1033,1,0,1,0,6,2
Open,Major,2012-06-11T22:35:31.282+0000,Wish,dmicol_tid,2012-02-17T17:45:46.832+0000,,0,AVRO,,2,AVRO-1032,151.0,38,1,,730.993604248,1032,0,0,0,0,4,2
Closed,Minor,2012-03-19T16:34:09.178+0000,Bug,dcreager,2012-02-15T02:02:27.857+0000,2012-02-29T01:24:48.607+0000,0,AVRO,dcreager,2,AVRO-1031,431.0,48,0,Fixed,700.043345268,1031,1,0,1,0,2,2
Closed,Minor,2012-03-19T16:34:08.853+0000,Bug,janhoy,2012-02-14T23:16:02.760+0000,2012-02-22T22:49:26.475+0000,0,AVRO,cutting,2,AVRO-1030,106.0,26,0,Fixed,700.043348892,1030,0,0,0,1,1,2
Reopened,Major,2012-05-23T22:01:47.645+0000,Improvement,bshi,2012-02-13T01:49:12.646+0000,,1,AVRO,bshi,10,AVRO-1028,292.0,67,4,,636.717948465,1028,1,0,1,0,0,2
Closed,Major,2012-03-19T16:34:09.018+0000,Bug,swilkinson,2012-02-10T22:51:32.052+0000,2012-03-02T22:09:53.696+0000,0,AVRO,swilkinson,17,AVRO-1027,4634.0,87,0,Fixed,700.043347159,1027,1,1,1,0,4,2
Open,Major,2013-05-02T02:29:49.733+0000,Improvement,cutting,2012-02-09T00:27:43.199+0000,,0,AVRO,cutting,3,AVRO-1025,117.0,35,0,,739.714479638,1025,0,0,0,0,3,2
Open,Major,2012-02-09T02:13:48.689+0000,Improvement,eclark,2012-02-08T22:16:27.482+0000,,1,AVRO,,4,AVRO-1024,385.0,35,1,,739.805633771,1024,1,1,1,0,2,2
Patch Available,Minor,2012-02-22T23:12:27.884+0000,Bug,raymie,2012-02-08T06:31:02.479+0000,,0,AVRO,raymie,3,AVRO-1023,162.0,48,2,,740.460239375,1023,1,1,0,0,2,2
Patch Available,Minor,2013-05-02T02:29:49.389+0000,Bug,raymie,2012-02-08T06:20:39.091+0000,,0,AVRO,,19,AVRO-1022,73.0,22,1,,740.468114098,1022,1,1,0,0,2,2
Closed,Minor,2013-05-02T02:29:49.365+0000,Bug,raymie,2012-02-08T05:46:01.146+0000,2012-02-09T21:38:45.799+0000,0,AVRO,raymie,8,AVRO-1021,172.0,49,1,Fixed,733.701496403,1021,1,0,0,0,2,2
Closed,Major,2012-02-15T00:46:27.364+0000,Bug,jbaldassari,2012-02-07T06:50:46.452+0000,2012-02-07T22:15:43.391+0000,0,AVRO,cutting,4,AVRO-1020,1002.0,61,0,Fixed,733.701468465,1020,1,1,1,0,1,2
Closed,Minor,2012-02-15T00:46:27.499+0000,Improvement,jbaldassari,2012-02-07T05:23:12.199+0000,2012-02-08T03:25:07.224+0000,0,AVRO,jbaldassari,3,AVRO-1019,140.0,51,0,Fixed,733.701466916,1019,1,1,1,0,1,2
Closed,Trivial,2012-02-15T00:46:25.982+0000,Improvement,scott_carey,2012-02-07T01:38:32.926+0000,2012-02-07T23:37:39.935+0000,0,AVRO,scott_carey,3,AVRO-1018,83.0,92,0,Fixed,733.701484464,1018,0,0,1,0,1,2
Open,Major,2012-02-06T23:33:20.902+0000,Bug,jadler,2012-02-06T22:20:14.582+0000,,0,AVRO,,3,AVRO-1017,1235.0,139,2,,741.80300531,1017,1,1,1,0,0,2
Closed,Trivial,2012-02-15T00:46:28.731+0000,Bug,koert,2012-02-04T15:59:25.755+0000,2012-02-07T22:22:37.486+0000,0,AVRO,cutting,6,AVRO-1016,283.0,30,0,Fixed,733.701452511,1016,1,1,1,0,5,2
Closed,Major,2012-02-15T00:46:30.408+0000,Improvement,thiru_mg,2012-02-04T13:36:31.536+0000,2012-02-09T18:12:12.703+0000,0,AVRO,thiru_mg,3,AVRO-1015,1249.0,61,0,Fixed,733.701433079,1015,1,0,0,0,5,2
Closed,Major,2012-02-15T00:46:30.905+0000,Bug,lmartinking,2012-01-31T01:06:39.342+0000,2012-02-01T17:38:48.258+0000,0,AVRO,,2,AVRO-1014,234.0,59,0,Fixed,733.701427491,1014,1,0,0,1,1,1
Closed,Blocker,2012-02-15T00:46:29.091+0000,Bug,jbaldassari,2012-01-30T00:02:35.080+0000,2012-02-08T03:42:24.210+0000,0,AVRO,jbaldassari,6,AVRO-1013,1803.0,46,0,Fixed,733.701448488,1013,1,1,1,0,0,1
Closed,Minor,2012-02-15T00:46:29.904+0000,Improvement,lars_francke,2012-01-27T17:26:37.046+0000,2012-02-08T20:09:00.731+0000,0,AVRO,lars_francke,6,AVRO-1012,256.0,50,0,Fixed,733.701439079,1012,1,1,1,0,4,1
Closed,Minor,2012-02-15T00:46:31.261+0000,Improvement,lars_francke,2012-01-27T17:10:00.154+0000,2012-02-07T19:25:59.157+0000,0,AVRO,lars_francke,9,AVRO-1011,737.0,21,0,Fixed,733.701423375,1011,1,1,1,0,4,1
Closed,Minor,2012-02-15T00:46:29.579+0000,Improvement,lars_francke,2012-01-25T13:07:51.906+0000,2012-02-07T22:50:47.171+0000,0,AVRO,lars_francke,3,AVRO-1010,256.0,92,1,Fixed,733.701442694,1010,1,0,1,0,2,1
Open,Major,2012-01-25T10:15:55.638+0000,Improvement,jbaldassari,2012-01-25T10:15:55.638+0000,,0,AVRO,,0,AVRO-1009,518.0,75,0,,754.30600236,1009,0,0,1,1,2,1
Closed,Major,2013-02-27T00:54:03.553+0000,Improvement,jbaldassari,2012-01-25T09:50:04.845+0000,2012-12-20T20:53:31.292+0000,0,AVRO,jbaldassari,7,AVRO-1008,1148.0,78,3,Fixed,355.696188484,1008,0,0,1,1,2,1
Closed,Major,2012-02-15T00:46:27.220+0000,Bug,jbaldassari,2012-01-25T09:14:48.914+0000,2012-02-09T00:16:14.589+0000,0,AVRO,jbaldassari,20,AVRO-1007,693.0,76,0,Fixed,733.701470071,1007,0,0,1,1,2,1
Closed,Major,2013-05-02T02:29:49.385+0000,New Feature,raymie,2012-01-25T06:41:18.681+0000,2012-03-07T21:02:00.996+0000,0,AVRO,raymie,40,AVRO-1006,155.0,29,12,Fixed,615.899284436,1006,1,1,0,1,2,1
Closed,Minor,2012-02-15T00:46:24.201+0000,Improvement,craigtlandry,2012-01-24T21:32:54.409+0000,2012-02-07T22:41:31.398+0000,0,AVRO,craigtlandry,4,AVRO-1005,,51,0,Fixed,733.701504831,1005,1,1,1,1,1,1
Closed,Major,2012-02-15T00:46:32.158+0000,Bug,dcreager,2012-01-24T16:14:31.967+0000,2012-01-26T14:02:24.455+0000,0,AVRO,dcreager,2,AVRO-1004,242.0,50,0,Fixed,733.701413004,1004,1,0,1,0,1,1
Closed,Major,2012-02-15T00:46:28.595+0000,Bug,dcreager,2012-01-24T16:08:42.704+0000,2012-01-26T14:00:15.205+0000,0,AVRO,dcreager,2,AVRO-1003,550.0,61,0,Fixed,733.701454255,1003,1,0,1,0,1,1
Closed,Major,2012-02-15T00:46:30.037+0000,Bug,hammer,2012-01-24T06:10:10.765+0000,2012-01-24T21:35:38.646+0000,0,AVRO,cutting,1,AVRO-1002,350.0,28,1,Fixed,733.70143737,1002,0,0,0,0,1,1
Closed,Major,2012-02-15T00:49:22.876+0000,Improvement,shaunw,2012-01-20T17:55:36.706+0000,2012-02-07T05:29:28.777+0000,0,AVRO,,11,AVRO-1001,406.0,44,0,Duplicate,733.699437117,1001,1,1,1,1,4,1
Closed,Major,2012-02-15T00:46:25.776+0000,Bug,slebresne,2012-01-20T10:48:29.037+0000,2012-01-23T23:32:05.045+0000,0,AVRO,cutting,3,AVRO-1000,352.0,52,1,Fixed,733.701486748,1000,1,1,0,0,4,1
Closed,Major,2012-09-25T21:24:32.401+0000,Bug,jrutten,2012-01-19T20:10:32.698+0000,2012-02-23T22:14:46.399+0000,1,AVRO,,6,AVRO-999,896.0,43,1,Duplicate,509.841687976,999,1,1,1,0,3,1
Closed,Major,2012-02-15T00:49:23.403+0000,Bug,nimeshs,2012-01-18T19:05:38.163+0000,2012-01-18T23:18:24.320+0000,0,AVRO,,4,AVRO-998,338.0,117,1,Not A Problem,733.699430906,998,1,1,1,0,2,1
Patch Available,Major,2012-11-10T03:51:49.718+0000,Bug,kimballa,2012-01-18T16:40:54.647+0000,,1,AVRO,busbey,25,AVRO-997,868.0,43,5,,496.743963743,997,0,0,1,0,2,1
Closed,Critical,2012-02-15T00:46:25.097+0000,Bug,scott_carey,2012-01-17T06:44:51.535+0000,2012-02-07T07:24:54.519+0000,0,AVRO,jbaldassari,10,AVRO-996,195.0,80,0,Fixed,733.701494567,996,1,1,2,0,1,1
Closed,Major,2012-02-15T00:46:24.388+0000,Improvement,scott_carey,2012-01-17T03:04:22.655+0000,2012-02-08T18:46:44.017+0000,0,AVRO,scott_carey,12,AVRO-995,3154.0,35,1,Fixed,733.701502601,995,0,0,0,0,1,1
Closed,Minor,2012-02-15T00:46:30.568+0000,Bug,jbaldassari,2012-01-16T08:24:29.726+0000,2012-01-17T15:32:44.519+0000,0,AVRO,jbaldassari,6,AVRO-994,958.0,57,0,Fixed,733.701431421,994,1,1,2,0,0,1
Closed,Major,2013-05-02T02:29:48.578+0000,Bug,jbaldassari,2012-01-16T07:48:26.474+0000,2012-01-17T19:43:02.425+0000,0,AVRO,jbaldassari,6,AVRO-993,429.0,68,0,Fixed,733.701435347,993,1,1,2,0,0,1
Open,Minor,2012-01-15T18:20:32.589+0000,New Feature,jasonrutherglen,2012-01-14T17:19:58.229+0000,,0,AVRO,,3,AVRO-992,139.0,9,3,,765.011527952,992,1,1,1,0,5,1
Open,Major,2012-01-19T00:24:15.188+0000,Improvement,frankgrimes97,2012-01-13T15:06:26.822+0000,,1,AVRO,,9,AVRO-991,472.0,71,2,,766.104252572,991,1,1,1,0,4,1
Open,Major,2012-05-23T21:51:46.667+0000,Bug,kafka0102,2012-01-10T08:35:24.878+0000,,0,AVRO,,4,AVRO-990,294.0,70,1,,769.375802851,990,1,0,1,0,1,1
Open,Major,2012-01-24T22:15:44.365+0000,Improvement,scott_carey,2012-01-05T23:03:07.714+0000,,2,AVRO,,12,AVRO-989,416.0,50,1,,773.773223732,989,1,1,0,0,3,1
Closed,Major,2012-12-10T17:57:35.498+0000,Improvement,scott_carey,2012-01-05T22:57:06.399+0000,2012-11-29T22:08:32.304+0000,0,AVRO,jeffkole,5,AVRO-988,562.0,85,3,Fixed,433.985402137,988,1,1,1,0,3,1
Closed,Critical,2012-02-15T00:46:29.751+0000,Bug,mic159,2011-12-22T04:08:30.729+0000,2012-01-26T16:48:14.532+0000,1,AVRO,,12,AVRO-986,1195.0,79,1,Fixed,733.701440888,986,2,1,0,4,3,12
Open,Major,2012-01-05T22:52:45.878+0000,Improvement,dkaminsky,2011-12-20T21:48:12.183+0000,,0,AVRO,,1,AVRO-985,1285.0,83,1,,789.825255346,985,1,1,1,0,1,12
Closed,Major,2012-02-15T00:46:26.487+0000,Bug,vnadkarni,2011-12-19T23:08:08.514+0000,2011-12-27T15:15:24.457+0000,0,AVRO,,6,AVRO-984,1729.0,83,0,Fixed,733.70147846,984,1,0,3,0,0,12
Closed,Major,2012-12-10T18:00:12.484+0000,Improvement,torcq,2011-12-19T17:32:23.012+0000,2012-11-13T09:57:57.874+0000,0,AVRO,tomwhite,10,AVRO-983,2743.0,107,4,Won't Fix,433.983585175,983,1,1,1,0,0,12
Closed,Minor,2012-02-15T00:46:31.399+0000,Improvement,bruno,2011-12-15T14:24:12.551+0000,2011-12-16T19:38:30.180+0000,0,AVRO,bruno,4,AVRO-982,1468.0,53,0,Fixed,733.70142182,982,1,1,0,0,3,12
Closed,Blocker,2012-12-10T17:57:37.241+0000,Bug,russell.jurney,2011-12-15T01:38:16.242+0000,2012-10-06T15:38:21.684+0000,1,AVRO,cavorite,20,AVRO-981,8984.0,50,6,Fixed,433.985381972,981,1,0,2,5,3,12
Closed,Minor,2012-02-15T00:46:25.332+0000,Bug,mic159,2011-12-13T23:29:14.954+0000,2012-02-09T23:28:56.533+0000,0,AVRO,,6,AVRO-980,662.0,50,0,Fixed,733.701491904,980,1,0,1,2,1,12
Closed,Major,2013-02-27T00:53:59.428+0000,Bug,pdlug,2011-12-13T19:18:45.591+0000,2013-02-20T01:46:11.528+0000,0,AVRO,,2,AVRO-979,580.0,51,1,Fixed,355.696236269,979,1,0,1,0,1,12
Closed,Major,2012-02-15T00:46:29.433+0000,Bug,cutting,2011-12-12T23:44:02.448+0000,2011-12-13T18:57:13.083+0000,0,AVRO,cutting,3,AVRO-978,,50,0,Fixed,733.701444476,978,1,1,0,0,0,12
Closed,Minor,2012-02-15T00:46:28.908+0000,Improvement,hasghari,2011-12-12T22:46:21.344+0000,2011-12-13T00:17:19.078+0000,0,AVRO,hasghari,2,AVRO-977,51.0,48,0,Fixed,733.701450207,977,1,1,0,0,0,12
Closed,Minor,2012-02-15T00:46:26.154+0000,Improvement,bruno,2011-12-12T16:30:06.869+0000,2011-12-13T00:12:21.222+0000,0,AVRO,bruno,1,AVRO-976,481.0,46,0,Fixed,733.701482246,976,1,1,0,0,0,12
Closed,Minor,2012-02-15T00:46:25.553+0000,Bug,brandonb,2011-12-08T06:19:12.129+0000,2011-12-09T20:27:49.166+0000,0,AVRO,cutting,6,AVRO-972,1290.0,85,1,Fixed,733.701489145,972,1,1,1,0,3,12
Closed,Minor,2012-02-24T01:34:19.074+0000,Improvement,vchau,2011-12-08T00:31:23.402+0000,2012-02-08T22:14:06.668+0000,0,AVRO,vchau,9,AVRO-971,1112.0,33,0,Fixed,733.701456149,971,1,1,1,1,3,12
Closed,Major,2013-02-27T00:54:02.712+0000,Improvement,nimmervoll,2011-12-02T15:24:56.422+0000,2013-01-18T21:16:37.241+0000,0,AVRO,syshex,5,AVRO-970,109.0,48,3,Fixed,355.696198292,970,1,1,1,1,4,12
Open,Major,2011-12-06T19:51:04.455+0000,Improvement,detonator413,2011-12-02T11:53:41.483+0000,,0,AVRO,,4,AVRO-969,2229.0,57,0,,808.238110689,969,1,1,1,0,4,12
Closed,Minor,2012-02-15T00:46:32.018+0000,Bug,vnadkarni,2011-12-02T02:51:49.206+0000,2012-01-24T14:07:52.146+0000,0,AVRO,dcreager,8,AVRO-968,969.0,82,0,Fixed,733.701414672,968,1,0,3,0,4,12
Closed,Major,2012-02-15T00:49:23.229+0000,Bug,detonator413,2011-11-30T13:26:34.334+0000,2011-11-30T13:38:34.324+0000,0,AVRO,,1,AVRO-967,2284.0,70,1,Duplicate,733.699433065,967,1,1,1,0,2,11
Closed,Major,2012-02-15T00:46:24.689+0000,Bug,detonator413,2011-11-30T13:26:33.759+0000,2011-12-07T23:16:27.675+0000,0,AVRO,cutting,7,AVRO-966,2284.0,70,2,Fixed,733.701498668,966,1,1,1,0,2,11
Closed,Minor,2012-02-15T00:46:29.243+0000,Improvement,gffletch,2011-11-29T20:33:25.182+0000,2011-12-09T20:41:48.950+0000,0,AVRO,gffletch,11,AVRO-965,325.0,69,0,Fixed,733.701446505,965,1,1,1,0,1,11
Open,Major,2011-12-01T15:33:33.498+0000,Improvement,detonator413,2011-11-29T10:12:00.132+0000,,0,AVRO,,7,AVRO-964,822.0,58,2,,811.308728185,964,1,1,1,0,1,11
Open,Major,2011-08-12T20:20:08.652+0000,Improvement,ramanasv,2011-07-06T22:24:18.191+0000,,0,AVRO,,0,AVRO-855,365.0,57,0,,956.800185837,855,1,0,1,2,2,7
Patch Available,Major,2013-08-19T20:52:37.210+0000,Bug,lmoss,2012-07-22T17:28:14.233+0000,,0,AVRO,lmoss,5,AVRO-1132,1079.0,55,3,,573.883934797,1132,1,0,1,1,6,7
Closed,Major,2013-07-08T01:46:35.517+0000,Improvement,kehli,2012-02-10T20:44:23.405+0000,2012-05-20T16:53:54.289+0000,2,AVRO,kehli,12,AVRO-1026,1112.0,28,5,Fixed,615.899281777,1026,1,0,1,1,4,2
Resolved,Major,2014-02-05T00:34:43.269+0000,New Feature,hammer,2011-12-12T12:03:33.018+0000,2014-02-05T00:03:07.236+0000,0,AVRO,jkarp,8,AVRO-974,126.0,31,5,Fixed,12.7315621957,974,1,0,0,0,0,12
Patch Available,Major,2013-07-03T02:02:34.296+0000,Bug,gaurav324,2011-12-11T07:51:33.066+0000,,2,AVRO,,17,AVRO-973,898.0,29,2,,747.953492012,973,1,0,2,1,6,12
Closed,Major,2013-08-22T06:23:49.284+0000,New Feature,scott_carey,2011-11-22T19:43:55.661+0000,2011-11-22T21:19:07.401+0000,0,AVRO,,0,AVRO-958,36.0,41,1,Duplicate,817.845321076,958,0,0,0,0,1,11
Closed,Major,2013-08-22T06:23:49.287+0000,New Feature,lmartinking,2011-11-21T06:54:24.423+0000,2011-12-20T02:28:11.365+0000,1,AVRO,,8,AVRO-957,854.0,29,5,Fixed,733.701458485,957,1,0,0,3,0,11
Closed,Major,2013-08-20T17:46:08.380+0000,New Feature,lmartinking,2011-09-27T01:17:50.056+0000,2013-07-26T13:41:30.404+0000,2,AVRO,,9,AVRO-896,94.0,29,3,Fixed,180.993354933,896,1,0,1,2,1,9
Closed,Major,2013-08-20T17:46:06.585+0000,New Feature,joecrobak,2011-07-28T19:58:59.212+0000,2013-04-22T20:00:17.317+0000,1,AVRO,vince83,9,AVRO-867,455.0,53,4,Fixed,180.993375722,867,1,1,1,0,3,7
Open,Major,2014-02-14T14:53:59.716+0000,Bug,gw4722,2014-02-12T20:50:06.500+0000,,0,AVRO,,0,AVRO-1457,365.0,61,1,,4.86559894073,1457,0,0,1,0,2,2
Patch Available,Major,2014-02-13T12:42:35.831+0000,Bug,tomwhite,2014-02-12T11:53:22.928+0000,,0,AVRO,tomwhite,3,AVRO-1455,195.0,62,2,,5.23585122228,1455,1,1,1,0,2,2
Patch Available,Major,2014-02-14T16:55:29.212+0000,Bug,kryzthov,2014-01-21T08:05:21.651+0000,,0,AVRO,kryzthov,10,AVRO-1443,341.0,83,2,,21.6308909344,1443,1,1,2,0,1,1
Open,Major,2014-02-10T05:38:08.547+0000,Bug,jpivarski,2014-01-21T07:02:34.291+0000,,0,AVRO,,1,AVRO-1442,574.0,53,1,,27.44027729,1442,1,1,1,1,1,1
Closed,Minor,2012-05-17T19:15:27.430+0000,Improvement,gffletch,2011-11-28T20:29:54.829+0000,2011-12-05T23:35:12.927+0000,0,AVRO,gffletch,7,AVRO-963,275.0,69,1,Fixed,733.701419363,963,1,1,1,0,0,11
Closed,Minor,2012-02-15T00:46:31.883+0000,Bug,gffletch,2011-11-28T17:17:42.925+0000,2011-12-05T23:24:56.029+0000,0,AVRO,gffletch,2,AVRO-962,253.0,79,0,Fixed,733.701416274,962,1,1,1,0,0,11
Closed,Trivial,2012-02-15T00:46:30.765+0000,Improvement,mic159,2011-11-28T06:26:21.240+0000,2011-12-20T02:13:50.273+0000,0,AVRO,,5,AVRO-961,171.0,52,1,Fixed,733.701429204,961,1,0,1,4,0,11
Closed,Minor,2012-02-15T00:46:28.059+0000,Improvement,lmartinking,2011-11-25T04:11:23.491+0000,2011-12-13T19:45:18.575+0000,1,AVRO,dcreager,6,AVRO-960,305.0,34,1,Fixed,733.701460201,960,1,0,1,2,4,11
Open,Major,2013-05-06T05:32:28.185+0000,Bug,sjg,2011-11-23T18:27:36.184+0000,,2,AVRO,,1,AVRO-959,903.0,77,2,,816.964560943,959,1,0,1,0,2,11
Closed,Major,2012-02-15T00:49:22.728+0000,Improvement,thiru_mg,2011-11-07T14:31:05.282+0000,2012-02-02T19:12:07.632+0000,0,AVRO,thiru_mg,5,AVRO-956,549.0,31,0,Fixed,733.699438896,956,1,0,1,0,0,11
Open,Major,2011-11-07T04:19:37.098+0000,New Feature,nsabovic,2011-11-07T04:19:04.849+0000,,0,AVRO,,1,AVRO-955,140.0,57,0,,833.553812509,955,1,0,1,1,0,11
Closed,Minor,2012-09-25T21:24:32.065+0000,Bug,nsabovic,2011-11-07T03:53:35.787+0000,2012-04-22T09:42:51.825+0000,0,AVRO,nsabovic,2,AVRO-954,152.0,26,0,Fixed,509.841691943,954,1,0,1,1,0,11
Closed,Minor,2012-02-15T00:46:27.043+0000,Improvement,craigtlandry,2011-11-04T21:27:35.953+0000,2011-12-08T01:00:01.712+0000,0,AVRO,craigtlandry,5,AVRO-953,141.0,20,1,Fixed,733.701472118,953,1,0,0,1,4,11
Closed,Major,2012-09-25T21:22:59.822+0000,Bug,nsabovic,2011-11-04T18:59:27.150+0000,2012-04-23T04:16:37.374+0000,0,AVRO,,3,AVRO-952,199.0,54,0,Won't Fix,509.842759574,952,1,0,1,2,4,11
Closed,Blocker,2011-11-15T17:30:29.229+0000,Bug,puredanger,2011-11-03T21:15:14.492+0000,2011-11-04T20:51:00.585+0000,0,AVRO,cutting,13,AVRO-951,3116.0,84,1,Fixed,825.004224587,951,1,1,1,0,3,11
Closed,Major,2011-11-15T17:30:28.736+0000,Bug,mic159,2011-11-03T06:37:24.318+0000,2011-11-04T21:39:48.541+0000,0,AVRO,dcreager,2,AVRO-950,466.0,50,0,Fixed,825.004229773,950,1,0,1,3,3,11
Open,Major,2011-12-13T19:06:47.999+0000,Bug,philip,2011-10-29T02:29:58.473+0000,,0,AVRO,,2,AVRO-949,552.0,100,0,,842.629580759,949,1,1,2,0,5,10
Closed,Major,2011-11-01T18:36:10.410+0000,Bug,cutting,2011-10-28T18:26:09.406+0000,2011-10-28T22:20:22.375+0000,0,AVRO,cutting,3,AVRO-948,73.0,45,0,Fixed,838.958609255,948,1,1,0,0,4,10
Open,Major,2011-10-28T17:16:23.423+0000,Improvement,cutting,2011-10-28T17:00:26.594+0000,,0,AVRO,,1,AVRO-947,419.0,69,0,,843.02508862,947,1,1,0,0,4,10
Closed,Major,2011-11-15T17:30:29.482+0000,Improvement,hernan.otero,2011-10-27T21:29:04.510+0000,2011-11-04T20:59:08.335+0000,0,AVRO,cutting,16,AVRO-946,3044.0,50,0,Fixed,825.004221701,946,1,1,1,0,3,10
Closed,Major,2011-11-01T18:36:09.881+0000,Bug,thiru_mg,2011-10-27T19:45:15.630+0000,2011-10-28T18:07:43.427+0000,0,AVRO,thiru_mg,3,AVRO-945,200.0,41,0,Fixed,838.958615383,945,1,0,0,0,3,10
Closed,Major,2011-11-01T18:35:58.852+0000,Bug,cutting,2011-10-25T16:33:24.641+0000,2011-10-28T22:24:37.205+0000,0,AVRO,cutting,4,AVRO-944,139.0,47,0,Fixed,838.95874285,944,1,1,1,0,1,10
Closed,Major,2011-11-15T17:30:28.991+0000,Bug,cutting,2011-10-25T16:19:16.292+0000,2011-11-01T19:10:00.630+0000,0,AVRO,jbaldassari,13,AVRO-943,67.0,44,0,Fixed,825.004227122,943,1,1,0,0,1,10
Closed,Major,2011-12-13T19:06:55.444+0000,Bug,decster,2011-10-23T06:34:19.364+0000,2011-10-24T21:07:50.297+0000,0,AVRO,decster,1,AVRO-942,67.0,68,0,Fixed,838.958764415,942,1,1,0,0,6,10
Closed,Major,2011-11-01T18:35:57.983+0000,Improvement,massie,2011-10-22T22:00:45.928+0000,2011-10-28T22:14:23.613+0000,0,AVRO,cutting,5,AVRO-941,895.0,74,0,Fixed,838.958753098,941,1,1,1,0,5,10
Closed,Major,2011-11-01T18:36:03.639+0000,Improvement,thiru_mg,2011-10-21T05:14:20.005+0000,2011-10-21T14:58:55.652+0000,0,AVRO,thiru_mg,1,AVRO-940,497.0,45,0,Fixed,838.958687648,940,1,0,0,0,4,10
Patch Available,Major,2012-07-26T18:19:25.429+0000,New Feature,cutting,2011-10-20T18:14:58.337+0000,,0,AVRO,,30,AVRO-939,428.0,78,12,,578.810209686,939,1,1,1,0,3,10
Closed,Minor,2011-11-01T18:36:06.774+0000,Improvement,thiru_mg,2011-10-19T16:41:22.885+0000,2011-10-20T04:50:42.902+0000,0,AVRO,thiru_mg,1,AVRO-938,64.0,36,0,Fixed,838.958651366,938,1,0,0,0,2,10
Closed,Minor,2011-11-01T18:36:05.742+0000,Improvement,thiru_mg,2011-10-19T13:09:51.762+0000,2011-10-20T04:54:27.645+0000,0,AVRO,thiru_mg,1,AVRO-937,169.0,60,0,Fixed,838.9586633,937,1,0,0,0,2,10
Closed,Major,2011-11-01T18:36:07.442+0000,Bug,thiru_mg,2011-10-19T03:55:21.003+0000,2011-10-20T06:00:47.980+0000,0,AVRO,thiru_mg,4,AVRO-936,164.0,38,0,Fixed,838.958643626,936,1,1,1,0,2,10
Closed,Blocker,2011-11-01T18:36:05.919+0000,Improvement,scott_carey,2011-10-17T21:58:06.926+0000,2011-10-23T23:29:43.583+0000,0,AVRO,scott_carey,10,AVRO-935,65.0,34,0,Fixed,838.958661255,935,1,1,0,0,0,10
Closed,Major,2011-11-01T18:36:06.246+0000,Improvement,abawany,2011-10-17T17:38:52.805+0000,2011-10-17T21:04:21.771+0000,0,AVRO,abawany,3,AVRO-934,915.0,94,0,Fixed,838.958657263,934,1,0,1,2,0,10
Closed,Major,2011-11-01T18:36:10.275+0000,Bug,thiru_mg,2011-10-17T10:05:21.850+0000,2011-10-17T12:50:53.268+0000,0,AVRO,thiru_mg,1,AVRO-933,287.0,52,0,Fixed,838.958610841,933,1,0,1,0,0,10
Closed,Major,2011-11-01T18:36:10.109+0000,Improvement,thiru_mg,2011-10-16T18:49:30.941+0000,2011-10-17T07:00:40.651+0000,0,AVRO,thiru_mg,1,AVRO-932,,64,0,Fixed,838.958612764,932,1,0,0,0,6,10
Closed,Major,2011-11-01T18:35:57.403+0000,Bug,thiru_mg,2011-10-16T18:46:54.270+0000,2011-10-17T07:03:58.078+0000,0,AVRO,thiru_mg,1,AVRO-931,,60,1,Fixed,838.958759826,931,1,0,0,0,6,10
Closed,Blocker,2011-11-01T18:35:55.854+0000,Bug,vnadkarni,2011-10-15T23:49:57.243+0000,2011-10-24T14:29:55.052+0000,0,AVRO,dcreager,6,AVRO-930,2817.0,42,0,Fixed,838.958777478,930,1,0,1,0,5,10
Closed,Major,2011-11-01T18:36:08.599+0000,Bug,dcreager,2011-10-15T14:17:26.765+0000,2011-10-15T14:22:55.158+0000,0,AVRO,dcreager,1,AVRO-929,428.0,42,0,Fixed,838.958630257,929,1,0,1,0,5,10
Closed,Minor,2011-11-01T18:36:11.133+0000,Bug,vnadkarni,2011-10-14T23:26:36.071+0000,2011-10-15T13:24:34.528+0000,0,AVRO,dcreager,2,AVRO-928,254.0,48,0,Fixed,838.958600918,928,1,0,1,1,4,10
Closed,Major,2011-12-13T19:06:49.734+0000,Bug,brocknoland,2011-10-14T15:20:52.435+0000,2011-10-17T20:47:58.103+0000,0,AVRO,brocknoland,2,AVRO-927,588.0,64,2,Fixed,838.958717888,927,1,1,1,0,4,10
Closed,Major,2012-02-15T00:46:32.319+0000,Improvement,cutting,2011-10-12T22:58:38.442+0000,2012-01-23T23:27:01.521+0000,0,AVRO,cutting,3,AVRO-926,125.0,26,1,Fixed,733.701410968,926,1,1,0,0,2,10
Closed,Major,2011-11-01T18:36:11.435+0000,Bug,nsabovic,2011-10-12T21:49:00.057+0000,2011-10-14T03:53:31.571+0000,0,AVRO,nsabovic,2,AVRO-925,320.0,53,0,Fixed,838.958597428,925,1,0,1,1,2,10
Closed,Major,2011-11-01T18:36:00.031+0000,New Feature,cutting,2011-10-12T19:51:43.769+0000,2011-10-17T20:43:25.225+0000,0,AVRO,cutting,3,AVRO-924,292.0,59,0,Fixed,838.95872942,924,1,1,0,0,2,10
Open,Major,2012-05-23T21:51:45.970+0000,Improvement,julien.muller,2011-10-11T10:01:29.945+0000,,2,AVRO,,3,AVRO-923,1219.0,87,1,,860.316022095,923,1,1,1,0,1,10
Closed,Major,2011-11-01T18:36:02.071+0000,New Feature,dcreager,2011-10-10T13:56:39.340+0000,2011-10-15T13:39:07.634+0000,0,AVRO,dcreager,2,AVRO-922,105.0,36,0,Fixed,838.958705812,922,1,0,1,0,0,10
Closed,Major,2011-11-01T18:36:03.143+0000,New Feature,dcreager,2011-10-10T13:50:54.397+0000,2011-10-15T13:36:55.087+0000,0,AVRO,dcreager,2,AVRO-921,424.0,52,0,Fixed,838.958693418,921,1,0,1,0,0,10
Closed,Major,2011-11-01T18:35:59.532+0000,New Feature,dcreager,2011-10-10T13:45:40.961+0000,2011-10-15T13:34:42.708+0000,0,AVRO,dcreager,2,AVRO-920,330.0,27,0,Fixed,838.958735202,920,1,0,1,0,0,10
Closed,Major,2011-11-01T18:36:01.713+0000,New Feature,dcreager,2011-10-10T13:42:29.640+0000,2011-10-15T13:30:29.310+0000,0,AVRO,dcreager,2,AVRO-919,127.0,36,0,Fixed,838.95870996,919,1,0,1,0,0,10
Closed,Major,2011-11-01T18:35:58.508+0000,Improvement,thiru_mg,2011-10-08T13:27:46.489+0000,2011-10-17T07:14:51.357+0000,0,AVRO,thiru_mg,4,AVRO-918,156.0,34,0,Fixed,838.958747068,918,1,0,0,0,5,10
Closed,Major,2011-11-01T18:36:02.918+0000,Bug,thiru_mg,2011-10-08T13:15:39.854+0000,2011-10-12T12:59:30.495+0000,0,AVRO,thiru_mg,4,AVRO-917,381.0,79,0,Fixed,838.958696017,917,1,0,0,0,5,10
Closed,Major,2011-11-01T18:36:02.525+0000,Bug,thiru_mg,2011-10-08T12:44:18.545+0000,2011-10-12T13:05:30.893+0000,0,AVRO,thiru_mg,2,AVRO-916,169.0,53,0,Fixed,838.958700579,916,1,0,0,0,5,10
Closed,Major,2011-11-01T18:35:55.631+0000,Improvement,thiru_mg,2011-10-08T11:40:51.512+0000,2011-10-12T15:58:41.994+0000,0,AVRO,thiru_mg,3,AVRO-915,125.0,39,0,Fixed,838.958779978,915,1,0,0,0,5,10
Closed,Major,2012-09-11T21:01:08.400+0000,Bug,philip,2011-10-07T07:19:57.404+0000,2011-10-07T20:42:31.698+0000,0,AVRO,philip,2,AVRO-914,933.0,74,0,Fixed,838.958599285,914,1,1,0,0,4,10
Closed,Major,2011-11-01T18:36:07.638+0000,Bug,nsabovic,2011-10-06T21:10:41.714+0000,2011-10-12T17:12:11.096+0000,0,AVRO,nsabovic,4,AVRO-913,233.0,50,0,Fixed,838.958641394,913,1,0,1,1,3,10
Closed,Major,2011-12-13T19:06:49.319+0000,Bug,thiru_mg,2011-10-06T09:49:52.491+0000,2011-10-07T07:21:57.798+0000,0,AVRO,thiru_mg,3,AVRO-912,489.0,38,0,Fixed,838.958679578,912,1,1,0,0,3,10
Closed,Major,2011-10-07T20:27:19.265+0000,Improvement,cutting,2011-10-05T23:14:34.132+0000,2011-10-07T19:31:32.840+0000,0,AVRO,cutting,14,AVRO-911,708.0,34,2,Won't Fix,863.881423503,911,1,1,0,0,2,10
Closed,Major,2011-11-01T18:36:04.023+0000,Improvement,cutting,2011-10-05T21:12:59.242+0000,2011-10-05T21:41:24.067+0000,0,AVRO,cutting,3,AVRO-910,353.0,33,0,Fixed,838.958683239,910,1,1,0,0,2,10
Closed,Major,2011-10-07T20:23:20.241+0000,Sub-task,cutting,2011-10-05T20:52:29.870+0000,2011-10-07T19:28:49.301+0000,0,AVRO,,1,AVRO-909,553.0,92,0,Won't Fix,863.884189988,909,1,1,0,0,2,10
Closed,Major,2011-11-01T18:36:01.191+0000,New Feature,nsabovic,2011-10-05T20:50:44.697+0000,2011-10-09T08:22:39.765+0000,0,AVRO,nsabovic,4,AVRO-908,200.0,50,0,Fixed,838.95871602,908,1,0,1,1,2,10
Closed,Major,2011-11-01T18:36:03.304+0000,Improvement,cutting,2011-10-04T22:47:12.653+0000,2011-10-05T18:38:06.150+0000,0,AVRO,cutting,3,AVRO-907,99.0,36,0,Fixed,838.958691565,907,1,1,0,0,1,10
Closed,Major,2011-11-01T18:36:07.174+0000,Bug,dkaminsky,2011-10-04T21:16:35.733+0000,2011-10-05T18:11:21.842+0000,1,AVRO,cutting,3,AVRO-906,361.0,37,1,Fixed,838.95864652,906,1,1,0,0,1,10
Closed,Minor,2011-12-13T19:06:44.121+0000,Improvement,yangyangyyy,2011-10-04T18:41:29.620+0000,2011-10-05T18:20:49.315+0000,0,AVRO,cutting,6,AVRO-905,1586.0,63,0,Fixed,838.958731557,905,1,1,0,0,1,10
Closed,Major,2011-11-01T18:35:59.022+0000,Bug,nsabovic,2011-10-04T17:56:12.586+0000,2011-10-07T09:00:30.991+0000,0,AVRO,nsabovic,1,AVRO-904,152.0,62,0,Fixed,838.95874113,904,1,0,1,1,1,10
Closed,Major,2011-11-01T18:36:06.454+0000,Bug,nsabovic,2011-10-04T17:39:09.855+0000,2011-10-07T08:36:12.765+0000,0,AVRO,nsabovic,2,AVRO-903,187.0,45,0,Fixed,838.958655113,903,1,0,1,1,1,10
Closed,Major,2011-11-01T18:35:56.310+0000,Bug,nsabovic,2011-10-04T17:32:37.629+0000,2011-10-07T12:52:36.548+0000,0,AVRO,nsabovic,2,AVRO-902,275.0,41,0,Fixed,838.95877229,902,1,0,1,1,1,10
Closed,Major,2011-12-13T19:06:46.499+0000,Bug,thiru_mg,2011-10-02T17:51:13.529+0000,2011-10-05T19:07:08.373+0000,0,AVRO,thiru_mg,3,AVRO-901,169.0,88,0,Fixed,838.958750938,901,1,1,0,0,6,10
Closed,Major,2011-11-01T18:35:59.712+0000,Bug,thiru_mg,2011-10-01T19:03:05.270+0000,2011-10-05T19:26:51.645+0000,0,AVRO,thiru_mg,2,AVRO-900,114.0,59,0,Fixed,838.95873315,900,1,1,0,0,5,10
Closed,Major,2011-11-01T18:36:08.077+0000,Improvement,cutting,2011-09-27T18:12:55.200+0000,2011-09-29T23:35:39.463+0000,0,AVRO,cutting,3,AVRO-899,71.0,61,1,Fixed,838.9586363,899,1,0,0,0,1,9
Closed,Critical,2012-06-20T07:10:19.976+0000,Bug,vadimtsarik,2011-09-27T15:54:44.304+0000,2011-10-03T19:46:22.647+0000,0,AVRO,cutting,7,AVRO-898,389.0,31,4,Fixed,838.958591463,898,1,1,1,0,1,9
Closed,Major,2011-12-13T19:06:50.381+0000,Bug,gwu,2011-09-27T01:36:54.375+0000,2011-10-07T19:52:46.276+0000,0,AVRO,,3,AVRO-897,357.0,42,0,Duplicate,863.884185354,897,1,1,1,0,1,9
Closed,Major,2011-11-01T18:35:59.204+0000,Bug,tomwhite,2011-09-26T00:53:00.029+0000,2011-10-01T18:38:29.599+0000,0,AVRO,thiru_mg,8,AVRO-895,392.0,69,0,Fixed,838.958738828,895,1,1,1,1,0,9
Closed,Major,2011-11-01T18:36:06.073+0000,Bug,dcreager,2011-09-25T19:48:53.150+0000,2011-09-25T20:07:06.319+0000,0,AVRO,dcreager,3,AVRO-894,633.0,44,0,Fixed,838.958659535,894,1,0,2,0,6,9
Closed,Major,2011-11-01T18:36:08.765+0000,Improvement,lmartinking,2011-09-23T04:08:58.394+0000,2011-09-26T13:27:10.172+0000,1,AVRO,dcreager,2,AVRO-893,468.0,99,0,Fixed,838.958628078,893,1,0,1,1,4,9
Closed,Major,2011-11-01T18:35:57.640+0000,Bug,mic159,2011-09-21T04:35:15.848+0000,2011-09-22T20:50:40.629+0000,0,AVRO,mic159,2,AVRO-892,1233.0,63,1,Fixed,838.958756598,892,1,0,1,0,2,9
Closed,Major,2011-11-01T18:36:04.481+0000,Improvement,alex.holmes,2011-09-20T10:42:47.315+0000,2011-09-22T19:09:05.847+0000,0,AVRO,cutting,7,AVRO-891,2707.0,69,0,Fixed,838.958677746,891,1,1,1,0,1,9
Closed,Minor,2011-11-01T18:36:01.513+0000,Improvement,sgargan,2011-09-18T02:09:48.760+0000,2011-09-26T21:15:42.703+0000,0,AVRO,sgargan,9,AVRO-890,1277.0,51,0,Fixed,838.958711925,890,1,1,1,2,6,9
Closed,Major,2011-12-13T19:06:54.502+0000,Improvement,cutting,2011-09-16T22:08:23.256+0000,2011-09-19T18:44:23.621+0000,0,AVRO,cutting,4,AVRO-889,114.0,66,0,Fixed,838.958603269,889,1,1,0,0,4,9
Closed,Major,2011-11-01T18:35:58.305+0000,Improvement,saleemshafi,2011-09-16T04:22:29.376+0000,2011-09-20T22:33:23.924+0000,0,AVRO,saleemshafi,5,AVRO-888,231.0,44,0,Fixed,838.958749069,888,1,1,1,0,4,9
Closed,Trivial,2011-11-01T18:36:10.773+0000,Improvement,cwilkes,2011-09-08T23:36:21.027+0000,2011-09-21T20:45:04.712+0000,0,AVRO,cutting,3,AVRO-887,704.0,48,0,Fixed,838.958605008,887,1,1,1,0,3,9
Closed,Major,2011-12-13T19:06:49.168+0000,Improvement,gffletch,2011-09-08T17:07:12.119+0000,2011-09-20T17:56:15.179+0000,0,AVRO,gffletch,20,AVRO-886,1102.0,63,1,Fixed,838.958766295,886,1,1,1,0,3,9
Open,Minor,2011-10-27T22:34:59.889+0000,Improvement,yangyangyyy,2011-09-07T20:56:14.427+0000,,0,AVRO,,1,AVRO-885,1209.0,28,2,,893.861340648,885,1,1,0,0,2,9
Closed,Major,2011-09-11T21:07:47.260+0000,Bug,tomwhite,2011-09-06T18:17:03.149+0000,2011-09-07T19:31:45.028+0000,0,AVRO,tomwhite,3,AVRO-884,228.0,53,0,Fixed,889.853321529,884,1,1,2,0,1,9
Open,Major,2012-06-27T12:19:57.898+0000,Task,billmcn,2011-09-03T21:03:20.218+0000,,5,AVRO,,3,AVRO-883,203.0,43,6,,897.856412515,883,1,1,0,0,5,9
Closed,Major,2011-11-01T18:36:03.450+0000,New Feature,tomwhite,2011-08-30T21:37:28.947+0000,2011-09-21T20:57:57.114+0000,0,AVRO,tomwhite,5,AVRO-881,117.0,35,0,Fixed,838.958689912,881,1,1,0,0,1,8
Closed,Critical,2011-08-30T05:59:18.747+0000,Task,tucu00,2011-08-23T20:17:35.102+0000,2011-08-25T21:42:46.369+0000,0,AVRO,tucu00,2,AVRO-880,366.0,29,0,Fixed,902.484206268,880,1,0,1,0,1,8
Closed,Major,2011-11-01T18:36:04.699+0000,Bug,cutting,2011-08-22T17:58:22.608+0000,2011-08-25T23:20:34.588+0000,0,AVRO,cutting,2,AVRO-879,80.0,25,0,Fixed,838.958675459,879,1,1,0,0,0,8
Closed,Major,2011-12-13T19:06:54.376+0000,Test,jeremy@lewi.us,2011-08-18T15:50:37.355+0000,2011-10-12T22:59:34.383+0000,0,AVRO,,15,AVRO-878,160.0,38,0,Not A Problem,838.958723007,878,1,1,1,0,3,8
Closed,Major,2011-12-13T19:06:54.813+0000,Improvement,billgraham,2011-08-16T22:20:51.895+0000,2011-08-25T20:55:13.848+0000,0,AVRO,billgraham,6,AVRO-877,962.0,54,1,Fixed,902.484204027,877,1,1,0,0,1,8
Closed,Critical,2011-10-07T20:27:18.954+0000,Task,tucu00,2011-08-15T18:46:31.809+0000,2011-08-23T22:24:14.267+0000,0,AVRO,cutting,4,AVRO-876,455.0,51,0,Won't Fix,863.881427142,876,1,0,1,0,0,8
Closed,Major,2011-12-13T19:06:50.945+0000,New Feature,billgraham,2011-08-15T17:05:46.880+0000,2011-08-16T22:41:32.892+0000,0,AVRO,billgraham,3,AVRO-875,116.0,47,0,Not A Problem,863.881425187,875,1,1,0,0,0,8
Closed,Major,2011-11-01T18:36:12.144+0000,Improvement,cutting,2011-08-11T20:32:02.286+0000,2011-09-21T20:47:26.823+0000,0,AVRO,cutting,3,AVRO-874,217.0,55,0,Fixed,838.958589309,874,1,1,0,0,3,8
Closed,Major,2012-05-26T18:13:46.384+0000,Improvement,marmbrus,2011-08-10T02:55:31.396+0000,2011-08-11T20:14:25.270+0000,0,AVRO,marmbrus,4,AVRO-873,651.0,71,1,Fixed,838.958703373,873,1,1,0,0,2,8
Closed,Major,2011-12-13T19:06:54.656+0000,Improvement,billgraham,2011-08-09T20:33:18.054+0000,2011-08-12T20:48:21.572+0000,0,AVRO,cutting,26,AVRO-872,851.0,49,0,Fixed,902.484201719,872,1,1,0,0,1,8
Closed,Major,2011-12-13T19:08:35.435+0000,Bug,billgraham,2011-08-09T20:28:38.870+0000,2011-10-07T21:00:45.712+0000,0,AVRO,cutting,1,AVRO-871,148.0,45,0,Fixed,838.958737276,871,1,0,0,0,1,8
Open,Major,2011-08-05T00:08:38.534+0000,Improvement,kimballa,2011-08-03T20:59:03.691+0000,,0,AVRO,,2,AVRO-870,310.0,51,1,,928.859381595,870,1,1,1,0,2,8
Closed,Major,2011-11-01T18:36:04.945+0000,Bug,thiru_mg,2011-08-03T02:12:13.060+0000,2011-10-12T13:15:40.366+0000,0,AVRO,thiru_mg,3,AVRO-869,447.0,63,0,Fixed,838.958672441,869,1,0,0,0,2,8
Closed,Blocker,2011-10-07T20:23:19.996+0000,Bug,puredanger,2011-08-01T15:50:31.667+0000,2011-08-16T13:07:17.807+0000,0,AVRO,,7,AVRO-868,3413.0,65,1,Cannot Reproduce,863.884192871,868,1,1,1,0,0,8
Closed,Major,2011-12-23T23:54:10.639+0000,New Feature,joecrobak,2011-07-28T19:46:50.321+0000,2011-09-07T21:36:03.012+0000,0,AVRO,tomwhite,5,AVRO-866,227.0,30,2,Fixed,889.853318926,866,1,0,0,0,3,7
Closed,Major,2011-11-01T18:36:10.613+0000,Improvement,dcreager,2011-07-26T18:37:18.562+0000,2011-09-25T20:51:53.565+0000,0,AVRO,dcreager,2,AVRO-865,415.0,22,0,Fixed,838.958607029,865,1,0,2,0,1,7
Closed,Major,2011-12-13T19:06:48.393+0000,Bug,isabel,2011-07-24T20:25:06.970+0000,2011-07-27T22:53:06.216+0000,0,AVRO,isabel,4,AVRO-864,432.0,82,0,Fixed,919.884736834,864,1,1,0,0,6,7
Closed,Major,2011-11-01T18:36:09.704+0000,New Feature,dcreager,2011-07-22T20:52:53.533+0000,2011-09-26T12:41:32.619+0000,0,AVRO,dcreager,2,AVRO-863,829.0,43,0,Fixed,838.958617553,863,1,0,1,0,4,7
Open,Major,2011-07-21T07:26:44.318+0000,Bug,thh,2011-07-21T07:25:51.213+0000,,0,AVRO,,0,AVRO-862,497.0,60,0,,942.42410936,862,1,0,1,0,3,7
Closed,Minor,2011-11-01T18:36:09.542+0000,Bug,dcreager,2011-07-14T23:11:06.958+0000,2011-07-15T00:58:31.035+0000,0,AVRO,dcreager,2,AVRO-861,301.0,41,0,Fixed,838.958619431,861,1,0,1,0,3,7
Closed,Major,2012-09-25T21:22:59.468+0000,Bug,tebeka,2011-07-14T18:37:54.300+0000,2012-09-13T20:09:07.201+0000,0,AVRO,tebeka,16,AVRO-860,1478.0,51,3,Duplicate,509.842763807,860,1,1,1,3,3,7
Open,Major,2011-07-21T18:17:53.134+0000,New Feature,scott_carey,2011-07-14T16:42:01.579+0000,,0,AVRO,scott_carey,5,AVRO-859,1363.0,52,1,,949.037878277,859,1,1,0,0,3,7
Closed,Major,2011-11-01T18:36:06.607+0000,Improvement,tebeka,2011-07-14T13:30:41.392+0000,2011-09-19T18:48:56.502+0000,0,AVRO,tebeka,5,AVRO-858,144.0,55,1,Fixed,838.958653406,858,0,0,0,2,3,7
Closed,Minor,2011-12-13T19:06:47.088+0000,Improvement,jendap,2011-07-10T22:53:08.364+0000,2011-07-25T20:17:14.971+0000,0,AVRO,jendap,1,AVRO-857,189.0,25,0,Fixed,838.958666011,857,1,1,0,0,6,7
Closed,Major,2011-08-12T20:22:33.807+0000,Improvement,cutting,2011-07-07T20:34:49.217+0000,2011-07-11T21:21:23.892+0000,0,AVRO,cutting,3,AVRO-856,221.0,26,0,Fixed,919.884727483,856,1,1,1,0,3,7
Closed,Minor,2012-02-15T00:46:27.673+0000,New Feature,jeremy@lewi.us,2011-07-06T21:46:20.189+0000,2012-01-23T23:43:46.321+0000,1,AVRO,qwertymaniac,4,AVRO-854,327.0,80,1,Fixed,733.701464232,854,1,0,1,0,2,7
Closed,Major,2011-11-01T18:36:07.811+0000,Improvement,dkaminsky,2011-07-06T21:38:05.147+0000,2011-08-12T21:54:07.283+0000,0,AVRO,cutting,34,AVRO-853,460.0,36,1,Fixed,838.958639476,853,1,1,1,0,2,7
Open,Major,2011-10-17T22:41:56.680+0000,Bug,jeremy@lewi.us,2011-07-06T19:40:56.566+0000,,0,AVRO,jeremy@lewi.us,1,AVRO-852,793.0,78,0,,956.913630751,852,1,1,1,1,2,7
Closed,Major,2012-09-25T21:16:14.025+0000,Bug,jmesnil,2011-07-06T06:52:20.746+0000,2012-09-13T20:07:49.806+0000,0,AVRO,jmesnil,4,AVRO-851,279.0,40,2,Fixed,509.847456447,851,1,1,1,0,2,7
Open,Major,2012-02-09T00:58:05.857+0000,Bug,jeremy@lewi.us,2011-07-04T14:49:41.288+0000,,0,AVRO,jeremy@lewi.us,3,AVRO-850,538.0,93,0,,959.115890916,850,1,0,1,0,0,7
Patch Available,Minor,2011-09-03T14:12:29.956+0000,Bug,jeremy@lewi.us,2011-07-01T15:19:14.425+0000,,0,AVRO,jeremy@lewi.us,7,AVRO-849,947.0,56,0,,898.141715767,849,1,0,1,0,4,7
Closed,Major,2012-02-15T00:49:23.692+0000,Improvement,h2o,2011-07-01T09:11:00.810+0000,2011-11-23T23:24:45.228+0000,0,AVRO,,1,AVRO-848,3617.0,57,0,Duplicate,733.69942769,848,1,1,1,0,4,7
Closed,Minor,2011-11-01T18:36:04.161+0000,Test,jeremy@lewi.us,2011-06-30T20:06:17.716+0000,2011-07-01T16:24:12.774+0000,0,AVRO,jeremy@lewi.us,4,AVRO-847,2835.0,40,0,Fixed,838.958681534,847,1,1,1,1,3,6
Closed,Major,2011-10-07T20:23:19.785+0000,Bug,puredanger,2011-06-30T18:12:54.897+0000,2011-08-30T06:15:18.302+0000,0,AVRO,,2,AVRO-846,1028.0,91,0,Duplicate,863.884195343,846,1,1,1,0,3,6
Closed,Major,2011-08-12T20:22:32.234+0000,Bug,tebeka,2011-06-29T13:53:22.072+0000,2011-06-30T16:57:01.550+0000,0,AVRO,tebeka,3,AVRO-845,109.0,38,0,Fixed,919.884745298,845,1,0,1,1,2,6
Closed,Major,2011-12-13T19:06:44.660+0000,Improvement,billgraham,2011-06-28T00:23:03.791+0000,2011-07-01T19:53:17.189+0000,0,AVRO,billgraham,5,AVRO-844,224.0,35,0,Fixed,838.9587742,844,1,1,1,0,1,6
Open,Major,2011-06-28T13:18:18.212+0000,Improvement,dona,2011-06-24T13:00:12.466+0000,,0,AVRO,dona,1,AVRO-843,135.0,28,0,,969.191918959,843,1,0,0,0,4,6
Closed,Major,2011-08-12T20:22:31.959+0000,Bug,h2o,2011-06-24T12:53:50.145+0000,2011-07-01T16:33:11.389+0000,0,AVRO,jbaldassari,14,AVRO-842,639.0,61,0,Fixed,919.884748891,842,1,1,1,0,4,6
Closed,Minor,2011-11-01T18:36:11.609+0000,Improvement,waterdragon,2011-06-23T08:46:51.951+0000,2011-06-24T14:35:03.653+0000,0,AVRO,waterdragon,3,AVRO-841,126.0,43,0,Fixed,838.958595351,841,1,1,0,0,3,6
Closed,Critical,2011-11-01T18:36:11.789+0000,Improvement,ramanasv,2011-06-16T17:41:51.635+0000,2011-10-12T13:27:42.270+0000,1,AVRO,thiru_mg,3,AVRO-840,1458.0,63,2,Fixed,838.958593235,840,1,0,0,1,3,6
Closed,Major,2012-01-24T04:56:04.703+0000,Improvement,jbaldassari,2011-06-16T04:35:39.806+0000,2011-08-26T20:56:51.922+0000,0,AVRO,jbaldassari,33,AVRO-839,3497.0,91,4,Fixed,838.958648885,839,1,1,0,0,3,6
Closed,Major,2011-12-13T19:06:52.096+0000,Improvement,kkrugler,2011-06-10T23:15:53.352+0000,2011-06-30T19:25:38.175+0000,0,AVRO,cutting,5,AVRO-838,367.0,100,0,Fixed,919.884769164,838,1,1,2,0,4,6
Closed,Major,2011-11-01T18:36:02.710+0000,New Feature,dcreager,2011-06-07T16:03:20.817+0000,2011-07-14T02:40:42.001+0000,0,AVRO,dcreager,5,AVRO-837,447.0,24,0,Fixed,838.958698448,837,1,0,1,0,1,6
Closed,Major,2012-01-24T16:09:02.314+0000,New Feature,tebeka,2011-06-04T04:24:49.738+0000,2011-06-21T12:37:26.168+0000,0,AVRO,tebeka,13,AVRO-836,121.0,67,3,Fixed,838.958669954,836,1,0,0,2,5,6
Closed,Major,2012-02-15T00:46:26.680+0000,Bug,ewhauser,2011-06-04T01:08:00.634+0000,2011-12-07T22:37:20.882+0000,1,AVRO,dona,5,AVRO-835,417.0,34,0,Fixed,733.701476009,835,1,0,0,0,5,6
Open,Minor,2011-06-03T00:12:43.593+0000,New Feature,scott_carey,2011-06-03T00:07:10.518+0000,,0,AVRO,,2,AVRO-834,284.0,34,0,,990.728747075,834,1,1,0,0,4,6
Closed,Minor,2011-08-12T20:22:33.666+0000,Bug,tebeka,2011-05-31T17:20:38.857+0000,2011-05-31T19:07:11.002+0000,0,AVRO,miki,4,AVRO-833,216.0,40,0,Fixed,919.884729068,833,1,0,0,1,1,5
Closed,Major,2011-12-13T19:06:51.508+0000,Bug,cutting,2011-05-31T10:10:32.979+0000,2011-06-02T11:45:14.436+0000,0,AVRO,cutting,4,AVRO-832,68.0,68,1,Fixed,919.884738467,832,1,1,0,0,1,5
Patch Available,Major,2012-05-23T21:51:45.357+0000,Improvement,jkoshy,2011-05-27T16:38:25.228+0000,,1,AVRO,jkoshy,3,AVRO-831,734.0,106,1,,997.039328191,831,1,0,0,2,4,5
Closed,Major,2011-08-12T20:22:34.070+0000,New Feature,tomwhite,2011-05-26T18:19:31.878+0000,2011-05-30T08:31:49.182+0000,0,AVRO,tomwhite,2,AVRO-830,198.0,61,0,Fixed,919.884724477,830,1,1,0,0,3,5
Patch Available,Major,2011-06-01T08:39:07.491+0000,Improvement,jkoshy,2011-05-26T11:51:20.470+0000,,0,AVRO,jkoshy,6,AVRO-829,619.0,91,0,,998.224258808,829,1,0,0,0,3,5
Closed,Major,2011-10-07T20:23:20.384+0000,Improvement,dbritsch,2011-05-25T22:41:41.570+0000,2011-05-26T17:43:43.528+0000,0,AVRO,,2,AVRO-828,547.0,74,0,Invalid,863.884187814,828,1,1,1,5,2,5
Patch Available,Major,2011-05-26T16:22:28.529+0000,Improvement,jkoshy,2011-05-25T11:33:04.093+0000,,0,AVRO,,3,AVRO-827,152.0,38,0,,998.609700038,827,1,0,1,4,2,5
Closed,Minor,2011-08-12T20:22:32.537+0000,Improvement,dona,2011-05-20T13:54:42.251+0000,2011-05-30T09:01:40.328+0000,0,AVRO,dona,4,AVRO-826,256.0,48,0,Fixed,919.884742227,826,1,0,0,0,4,5
Closed,Blocker,2011-08-12T20:22:30.559+0000,Bug,ramanasv,2011-05-19T16:46:54.760+0000,2011-07-01T20:03:41.282+0000,0,AVRO,thiru_mg,6,AVRO-825,5006.0,83,0,Fixed,919.884764752,825,1,0,1,0,3,5
Closed,Trivial,2011-11-01T18:35:58.700+0000,Bug,david206,2011-05-18T08:52:45.807+0000,2011-06-29T21:48:21.056+0000,0,AVRO,jghoman,2,AVRO-824,116.0,48,2,Fixed,838.95874473,824,1,1,0,1,2,5
Closed,Major,2011-08-12T20:23:46.254+0000,Bug,patrickangeles,2011-05-17T00:57:27.836+0000,2011-05-17T12:27:47.655+0000,0,AVRO,,5,AVRO-822,245.0,26,0,Invalid,919.883888922,822,2,1,1,0,1,5
Closed,Major,2011-11-15T17:30:29.654+0000,New Feature,awick,2011-05-16T19:15:54.413+0000,2011-11-01T19:33:52.091+0000,0,AVRO,abawany,8,AVRO-821,43.0,20,2,Fixed,825.004219919,821,1,0,1,0,0,5
Closed,Critical,2011-08-12T20:22:31.119+0000,Bug,scott_carey,2011-05-13T20:31:57.980+0000,2011-05-19T15:53:10.492+0000,0,AVRO,scott_carey,10,AVRO-820,365.0,109,0,Fixed,919.884758231,820,1,1,3,0,4,5
Closed,Major,2011-08-12T20:22:32.406+0000,Bug,dcreager,2011-05-12T14:23:25.890+0000,2011-05-12T15:16:07.984+0000,0,AVRO,dcreager,2,AVRO-819,302.0,56,0,Fixed,919.884743765,819,1,0,1,0,3,5
Closed,Major,2011-08-12T20:22:31.745+0000,Bug,dcreager,2011-05-12T13:46:43.998+0000,2011-05-12T15:16:32.534+0000,0,AVRO,dcreager,3,AVRO-818,689.0,42,0,Fixed,919.884751405,818,1,0,1,0,3,5
Open,Major,2011-05-31T17:13:22.426+0000,Improvement,miki,2011-05-06T19:26:58.585+0000,,1,AVRO,miki,6,AVRO-817,129.0,35,1,,1017.92122146,817,1,0,1,0,4,5
Patch Available,Minor,2013-01-31T18:48:51.416+0000,New Feature,joecrobak,2011-05-06T19:19:13.961+0000,,0,AVRO,joecrobak,30,AVRO-816,1520.0,23,5,,960.114621848,816,1,1,0,0,4,5
Closed,Minor,2011-08-12T20:22:33.944+0000,Bug,sgargan,2011-05-03T21:10:44.267+0000,2011-05-03T21:25:23.013+0000,0,AVRO,sgargan,4,AVRO-815,400.0,51,0,Fixed,919.88472597,815,1,1,1,2,1,5
Closed,Major,2011-12-13T19:06:54.081+0000,Bug,stuhood,2011-04-29T23:05:40.911+0000,2011-05-04T18:16:37.899+0000,0,AVRO,,4,AVRO-814,277.0,59,0,Later,1017.92913258,814,1,1,0,0,4,4
Open,Major,2011-04-27T16:53:12.391+0000,Bug,bruno,2011-04-27T15:44:21.417+0000,,0,AVRO,,1,AVRO-813,3052.0,46,1,,1027.07792652,813,1,1,1,0,2,4
Closed,Minor,2011-05-06T19:13:59.958+0000,Improvement,h2o,2011-04-27T09:16:16.917+0000,2011-04-29T22:09:52.264+0000,0,AVRO,h2o,11,AVRO-812,209.0,40,0,Fixed,1017.93234144,812,1,1,1,0,2,4
Closed,Minor,2011-05-06T19:18:37.362+0000,Task,alambert,2011-04-26T22:49:37.488+0000,2011-05-03T19:33:26.637+0000,0,AVRO,cutting,2,AVRO-811,192.0,37,0,Fixed,1017.92913085,811,1,0,1,0,1,4
Closed,Minor,2011-08-12T20:22:33.364+0000,Improvement,ewhauser,2011-04-23T04:10:37.815+0000,2011-07-01T20:12:47.675+0000,0,AVRO,ewhauser,6,AVRO-810,123.0,34,1,Fixed,919.884732518,810,1,0,0,0,5,4
Closed,Major,2011-08-12T20:22:34.191+0000,Bug,decster,2011-04-22T07:38:32.802+0000,2011-05-18T09:30:46.440+0000,0,AVRO,cutting,2,AVRO-809,239.0,66,0,Fixed,919.884722994,809,1,1,1,0,4,4
Closed,Major,2011-05-06T19:14:02.346+0000,New Feature,tomwhite,2011-04-21T00:27:28.785+0000,2011-04-26T16:34:51.604+0000,0,AVRO,tomwhite,4,AVRO-808,212.0,61,0,Fixed,1017.93231381,808,1,1,0,0,3,4
Closed,Major,2011-05-06T19:13:59.555+0000,New Feature,dona,2011-04-20T20:18:09.378+0000,2011-04-20T21:55:25.757+0000,0,AVRO,dona,3,AVRO-807,383.0,62,0,Fixed,1017.93234571,807,1,0,0,0,2,4
Closed,Major,2013-05-02T02:30:56.762+0000,New Feature,cutting,2011-04-19T23:24:21.991+0000,2012-09-11T21:41:11.698+0000,6,AVRO,cutting,40,AVRO-806,143.0,30,33,Fixed,509.847463821,806,2,1,0,0,1,4
Closed,Major,2011-11-01T18:36:00.834+0000,New Feature,cutting,2011-04-19T23:09:40.245+0000,2011-09-12T20:24:25.647+0000,0,AVRO,cutting,6,AVRO-805,267.0,53,5,Fixed,838.958720154,805,1,1,0,0,1,4
Closed,Major,2011-11-01T18:36:05.374+0000,New Feature,cutting,2011-04-19T23:02:50.368+0000,2011-10-04T21:54:56.916+0000,0,AVRO,cutting,19,AVRO-804,252.0,49,7,Fixed,838.958667759,804,1,1,0,0,1,4
Closed,Major,2013-06-19T21:56:24.858+0000,Improvement,spullara,2011-04-13T19:54:53.687+0000,2011-10-11T23:27:12.614+0000,2,AVRO,jadler,17,AVRO-803,583.0,66,8,Fixed,838.958707958,803,1,1,1,0,2,4
Closed,Major,2011-05-06T19:14:02.920+0000,Improvement,cutting,2011-04-12T22:09:13.584+0000,2011-04-19T20:44:58.393+0000,0,AVRO,cutting,3,AVRO-802,165.0,65,1,Fixed,1017.93230729,802,1,1,0,0,1,4
Closed,Major,2011-05-06T19:14:02.475+0000,Bug,nrc,2011-04-08T08:06:59.497+0000,2011-04-20T23:12:59.864+0000,0,AVRO,cutting,4,AVRO-801,127.0,28,0,Fixed,1017.93231232,801,1,1,2,0,4,4
Open,Major,2011-12-13T19:06:47.809+0000,New Feature,cutting,2011-04-07T23:30:23.933+0000,,0,AVRO,,6,AVRO-800,130.0,26,3,,1046.75428631,800,1,1,0,0,3,4
Closed,Major,2011-05-06T19:14:02.795+0000,Improvement,cutting,2011-04-06T23:07:26.824+0000,2011-04-19T20:48:40.623+0000,0,AVRO,cutting,2,AVRO-799,47.0,39,0,Fixed,1017.93230873,799,1,1,0,0,2,4
Closed,Major,2011-05-06T19:14:01.460+0000,Improvement,cutting,2011-04-06T22:09:06.709+0000,2011-04-19T20:52:14.392+0000,0,AVRO,cutting,6,AVRO-798,360.0,29,0,Fixed,1017.93232403,798,2,1,0,0,2,4
Open,Major,2011-04-06T20:04:39.218+0000,New Feature,dkaminsky,2011-04-06T20:04:19.011+0000,,0,AVRO,,0,AVRO-797,1873.0,32,3,,1047.89739884,797,2,1,1,0,2,4
Closed,Minor,2011-08-12T20:23:45.944+0000,Bug,dkaminsky,2011-04-05T20:58:24.828+0000,2011-07-14T14:14:25.351+0000,0,AVRO,,4,AVRO-796,116.0,37,0,Not A Problem,919.883892656,796,1,1,1,0,1,4
Closed,Major,2011-05-06T19:14:03.464+0000,Improvement,thiru_mg,2011-04-04T18:26:28.706+0000,2011-04-05T16:54:26.223+0000,0,AVRO,thiru_mg,3,AVRO-795,309.0,59,0,Fixed,1017.93230099,795,1,0,1,0,0,4
Closed,Minor,2011-05-06T19:14:02.187+0000,Improvement,thiru_mg,2011-04-04T18:06:23.360+0000,2011-04-05T16:42:39.723+0000,0,AVRO,thiru_mg,3,AVRO-794,95.0,40,0,Fixed,1017.93231577,794,1,0,1,0,0,4
Closed,Critical,2011-05-06T19:14:02.636+0000,Bug,ygnhzeus,2011-03-31T02:42:14.964+0000,2011-04-29T19:05:22.696+0000,0,AVRO,thiru_mg,3,AVRO-793,4511.0,83,1,Fixed,1017.93231058,793,1,1,1,4,3,3
Closed,Blocker,2011-08-12T20:23:46.083+0000,Bug,eychih,2011-03-30T21:53:14.293+0000,2011-06-30T19:28:41.814+0000,0,AVRO,,32,AVRO-792,5722.0,68,1,Cannot Reproduce,919.883891054,792,1,1,2,0,2,3
Closed,Major,2011-05-06T19:14:01.119+0000,Wish,xiaoluye,2011-03-30T15:59:28.925+0000,2011-04-29T19:37:15.085+0000,1,AVRO,scott_carey,11,AVRO-791,440.0,102,0,Fixed,1017.93232802,791,1,1,1,0,2,3
Closed,Major,2011-05-06T19:13:59.755+0000,Bug,scott_carey,2011-03-29T22:22:18.801+0000,2011-04-18T23:13:11.619+0000,0,AVRO,scott_carey,3,AVRO-790,657.0,92,0,Fixed,1017.93234305,790,1,1,0,0,1,3
Closed,Major,2011-05-06T19:14:03.592+0000,Improvement,thiru_mg,2011-03-28T18:07:15.916+0000,2011-03-30T07:42:57.338+0000,0,AVRO,thiru_mg,5,AVRO-789,51.0,23,0,Fixed,1017.93229952,789,1,0,0,0,0,3
Closed,Major,2011-05-06T19:14:03.315+0000,New Feature,cutting,2011-03-24T16:08:56.804+0000,2011-04-06T18:00:44.037+0000,1,AVRO,cutting,9,AVRO-788,142.0,22,4,Fixed,1017.93230273,788,2,1,0,0,3,3
Closed,Major,2011-05-06T19:14:01.286+0000,Improvement,mlartz,2011-03-22T20:59:40.820+0000,2011-03-30T23:11:32.125+0000,0,AVRO,mlartz,3,AVRO-787,213.0,49,0,Fixed,1017.93232606,787,1,0,1,1,1,3
Closed,Minor,2011-05-06T19:14:00.138+0000,Bug,stuhood,2011-03-22T19:43:28.037+0000,2011-03-29T20:36:41.767+0000,0,AVRO,cutting,3,AVRO-786,408.0,57,0,Fixed,1017.93233937,786,1,1,0,0,1,3
Closed,Minor,2011-05-06T19:14:01.910+0000,Improvement,smartnut007,2011-03-21T19:21:51.419+0000,2011-03-29T20:41:58.912+0000,0,AVRO,cutting,3,AVRO-785,3731.0,43,1,Fixed,1017.93231899,785,1,1,1,3,0,3
Closed,Major,2012-03-06T01:05:18.760+0000,Improvement,esammer,2011-03-20T04:40:18.576+0000,2011-10-05T20:08:44.237+0000,1,AVRO,,17,AVRO-784,71.0,42,3,Duplicate,863.884197246,784,1,1,1,1,6,3
Closed,Major,2011-05-06T19:14:01.759+0000,Improvement,thiru_mg,2011-03-19T19:14:52.057+0000,2011-03-27T12:22:52.125+0000,0,AVRO,thiru_mg,5,AVRO-783,133.0,29,0,Fixed,1017.93232074,783,1,0,0,0,5,3
Open,Major,2012-05-23T21:51:47.136+0000,Bug,eychih,2011-03-17T00:28:11.738+0000,,0,AVRO,,3,AVRO-782,4671.0,53,1,,1068.7088553,782,1,1,1,0,3,3
Closed,Major,2011-05-06T19:14:00.381+0000,Improvement,thiru_mg,2011-03-13T18:35:02.852+0000,2011-03-19T18:16:43.486+0000,1,AVRO,thiru_mg,5,AVRO-781,114.0,27,0,Fixed,1017.9323365,781,1,0,1,0,6,3
Closed,Major,2011-05-06T19:14:00.737+0000,Bug,eychih,2011-03-11T00:41:51.892+0000,2011-03-30T23:37:32.572+0000,0,AVRO,cutting,6,AVRO-780,2407.0,36,0,Fixed,1017.93233231,780,1,1,1,0,4,3
Closed,Minor,2011-03-12T00:36:42.128+0000,Test,milindb,2011-03-09T20:28:04.099+0000,2011-03-09T21:43:01.102+0000,0,AVRO,milindb,5,AVRO-779,298.0,65,0,Won't Fix,1073.70824242,779,1,1,1,0,2,3
Open,Major,2011-03-14T14:56:12.500+0000,New Feature,dcreager,2011-03-09T15:10:24.816+0000,,1,AVRO,dcreager,3,AVRO-778,912.0,34,0,,1076.10149834,778,1,0,0,0,2,3
Open,Major,2012-05-23T21:51:46.350+0000,Improvement,gillouxgaillard@wanadoo.fr,2011-03-09T10:45:13.125+0000,,4,AVRO,,4,AVRO-777,35.0,23,4,,1076.28566144,777,1,0,1,0,2,3
Closed,Minor,2011-08-12T20:22:33.521+0000,Bug,sgargan,2011-03-09T06:56:44.454+0000,2011-06-30T20:07:45.450+0000,2,AVRO,sgargan,2,AVRO-776,185.0,42,0,Fixed,919.884730916,776,1,1,1,1,2,3
Closed,Major,2011-03-12T00:32:55.626+0000,Bug,thiru_mg,2011-03-05T02:57:34.772+0000,2011-03-08T00:57:24.379+0000,0,AVRO,cutting,5,AVRO-775,464.0,34,0,Fixed,1073.71086396,775,1,1,1,0,5,3
Closed,Minor,2011-03-12T00:32:49.521+0000,Improvement,lars_francke,2011-02-22T22:30:18.282+0000,2011-02-24T22:34:04.571+0000,0,AVRO,lars_francke,6,AVRO-774,414.0,51,1,Fixed,1073.71093462,774,2,1,1,0,1,2
Closed,Trivial,2011-03-12T00:32:43.696+0000,Improvement,jendap,2011-02-22T17:15:23.022+0000,2011-02-24T22:26:17.469+0000,0,AVRO,jendap,2,AVRO-773,69.0,37,1,Fixed,1073.71100204,773,1,1,0,0,1,2
Closed,Blocker,2011-03-12T00:32:53.388+0000,Bug,brucem,2011-02-21T17:08:01.187+0000,2011-02-24T17:58:58.660+0000,0,AVRO,brucem,5,AVRO-772,162.0,29,1,Fixed,1073.71088988,772,1,1,1,0,0,2
Closed,Major,2011-12-13T19:06:55.137+0000,Improvement,scott_carey,2011-02-20T10:36:27.844+0000,2011-02-21T21:21:29.427+0000,0,AVRO,scott_carey,6,AVRO-771,1969.0,36,0,Fixed,1073.71087884,771,1,1,0,0,6,2
Open,Major,2011-07-01T20:37:08.670+0000,Improvement,xiaoluye,2011-02-18T14:45:02.946+0000,,0,AVRO,,2,AVRO-770,857.0,46,1,,1095.11911259,770,1,1,1,0,4,2
Closed,Blocker,2011-03-12T00:32:52.083+0000,Improvement,scott_carey,2011-02-17T03:53:35.034+0000,2011-02-25T23:46:04.192+0000,0,AVRO,scott_carey,9,AVRO-769,2153.0,73,1,Fixed,1073.71090499,769,1,1,0,0,3,2
Closed,Major,2011-03-12T00:36:41.697+0000,Improvement,ekohlwey,2011-02-15T15:05:46.727+0000,2011-02-15T16:31:16.634+0000,0,AVRO,,1,AVRO-768,330.0,47,0,Duplicate,1073.70824741,768,1,0,2,0,1,2
Open,Major,2011-04-05T18:58:29.157+0000,Improvement,sdavid_fr2,2011-02-15T15:04:23.584+0000,,0,AVRO,,2,AVRO-767,204.0,27,0,,1048.94311469,767,1,0,1,1,1,2
Open,Major,2012-09-15T00:40:18.030+0000,Bug,dcreager,2011-02-14T15:08:35.677+0000,,0,AVRO,,2,AVRO-766,232.0,42,1,,1099.10276155,766,1,0,1,0,0,2
Closed,Minor,2011-12-13T19:06:44.485+0000,Improvement,scott_carey,2011-02-14T01:28:29.263+0000,2011-02-14T19:11:30.536+0000,0,AVRO,scott_carey,3,AVRO-765,174.0,55,0,Fixed,1073.71100752,765,1,1,0,0,0,2
Closed,Critical,2011-03-12T00:32:49.055+0000,Bug,qwertymaniac,2011-02-13T15:37:29.146+0000,2011-02-16T01:25:31.721+0000,0,AVRO,qwertymaniac,6,AVRO-764,3761.0,62,1,Fixed,1073.71094003,764,1,1,1,1,6,2
Closed,Major,2011-05-06T19:14:00.961+0000,Improvement,scott_carey,2011-02-09T22:08:57.201+0000,2011-04-20T19:55:53.703+0000,0,AVRO,mpierce,9,AVRO-763,407.0,103,2,Fixed,1017.93232986,763,1,1,1,0,2,2
Closed,Blocker,2011-03-12T00:32:55.480+0000,New Feature,dcreager,2011-02-09T20:44:33.078+0000,2011-02-25T21:15:58.106+0000,0,AVRO,dcreager,9,AVRO-762,1574.0,24,1,Fixed,1073.71086567,762,1,0,0,0,2,2
Closed,Major,2011-03-12T00:32:50.472+0000,Bug,rahrens,2011-02-09T20:28:33.432+0000,2011-03-08T01:02:53.349+0000,0,AVRO,cutting,5,AVRO-761,363.0,75,1,Fixed,1073.71092364,761,1,1,1,0,2,2
Open,Major,2012-01-03T06:59:16.972+0000,Bug,xiaoluye,2011-02-09T19:50:04.327+0000,,0,AVRO,,4,AVRO-760,291.0,46,1,,1103.90729107,760,1,0,1,0,2,2
Closed,Major,2011-03-12T00:32:48.603+0000,Bug,xiaoluye,2011-02-08T15:25:07.590+0000,2011-02-15T21:50:45.700+0000,0,AVRO,xiaoluye,8,AVRO-759,1013.0,86,1,Fixed,1073.71094528,759,1,1,1,0,1,2
Closed,Minor,2011-07-06T00:56:22.895+0000,Bug,stuhood,2011-02-05T00:04:17.358+0000,2011-07-06T00:55:56.648+0000,0,AVRO,,17,AVRO-758,121.0,36,0,Duplicate,957.694576166,758,1,1,1,0,5,2
Closed,Major,2011-03-12T00:32:53.821+0000,New Feature,stuhood,2011-02-04T09:32:23.406+0000,2011-02-07T21:21:32.561+0000,0,AVRO,stuhood,7,AVRO-757,147.0,56,0,Fixed,1073.71088488,757,1,1,0,1,4,2
Closed,Major,2011-03-12T00:32:48.473+0000,Improvement,cutting,2011-02-01T19:46:24.864+0000,2011-02-21T17:22:05.347+0000,0,AVRO,cutting,2,AVRO-756,267.0,75,0,Fixed,1073.71094679,756,1,1,0,0,1,2
Closed,Blocker,2011-03-12T00:32:51.263+0000,Bug,xiaoluye,2011-02-01T18:48:45.030+0000,2011-02-21T17:20:45.412+0000,1,AVRO,cutting,8,AVRO-755,273.0,74,1,Fixed,1073.7109145,755,1,1,1,0,1,2
Closed,Major,2011-03-12T00:32:50.351+0000,Improvement,bruno,2011-02-01T12:15:05.505+0000,2011-02-24T22:54:20.374+0000,0,AVRO,bruno,1,AVRO-754,470.0,56,1,Fixed,1073.71092505,754,1,1,1,0,1,2
Closed,Blocker,2011-03-12T00:32:55.190+0000,Improvement,scott_carey,2011-02-01T09:07:25.319+0000,2011-02-25T00:38:16.168+0000,1,AVRO,scott_carey,28,AVRO-753,651.0,40,2,Fixed,1073.71086904,753,1,1,0,0,1,2
Closed,Minor,2011-03-12T00:32:46.812+0000,Improvement,scott_carey,2011-02-01T08:35:36.266+0000,2011-02-09T01:38:52.835+0000,0,AVRO,scott_carey,6,AVRO-752,308.0,38,0,Fixed,1073.71096602,752,1,1,0,0,1,2
Closed,Blocker,2011-03-12T00:32:55.350+0000,Improvement,dcreager,2011-01-28T17:24:12.684+0000,2011-02-25T15:45:15.734+0000,0,AVRO,dcreager,6,AVRO-751,972.0,41,0,Fixed,1073.71086721,751,1,0,0,0,4,1
Closed,Major,2011-03-12T00:32:51.543+0000,New Feature,dcreager,2011-01-28T15:51:29.688+0000,2011-02-15T15:28:01.378+0000,0,AVRO,dcreager,4,AVRO-750,130.0,15,0,Fixed,1073.71091126,750,1,0,0,0,4,1
Closed,Major,2011-03-12T00:32:52.249+0000,Bug,dcreager,2011-01-28T15:38:35.922+0000,2011-01-31T12:29:48.323+0000,0,AVRO,dcreager,3,AVRO-749,249.0,46,0,Fixed,1073.71090309,749,1,0,0,0,4,1
Open,Major,2011-01-27T23:28:39.120+0000,Bug,radix,2011-01-27T23:13:37.262+0000,,0,AVRO,,1,AVRO-748,989.0,77,1,,1116.76593767,748,1,0,1,0,3,1
Closed,Major,2011-08-12T20:23:46.413+0000,Improvement,bruno,2011-01-27T14:11:33.052+0000,2011-06-30T19:32:32.501+0000,1,AVRO,,5,AVRO-747,2104.0,78,1,Duplicate,919.883887062,747,1,1,1,0,3,1
Closed,Major,2011-11-01T18:36:08.311+0000,Bug,dcreager,2011-01-24T21:21:47.804+0000,2011-07-12T20:22:41.988+0000,0,AVRO,dcreager,12,AVRO-746,886.0,23,0,Fixed,838.958633083,746,1,0,0,0,0,1
Closed,Major,2011-03-12T00:32:47.092+0000,Bug,dcreager,2011-01-24T16:11:50.645+0000,2011-01-24T16:52:45.740+0000,0,AVRO,dcreager,1,AVRO-745,311.0,40,0,Fixed,1073.71096278,745,1,0,0,0,0,1
Closed,Major,2011-03-12T00:32:58.147+0000,New Feature,dcreager,2011-01-24T16:09:18.533+0000,2011-02-15T15:40:43.642+0000,0,AVRO,dcreager,3,AVRO-744,410.0,60,0,Fixed,1073.71083483,744,1,0,0,0,0,1
Closed,Critical,2011-03-12T00:32:50.732+0000,Bug,scott_carey,2011-01-24T07:26:04.470+0000,2011-02-07T18:37:57.964+0000,0,AVRO,scott_carey,7,AVRO-743,410.0,72,3,Fixed,1073.71092067,743,1,1,1,0,0,1
Closed,Major,2011-03-12T00:32:49.302+0000,Bug,dcreager,2011-01-22T03:21:54.058+0000,2011-01-24T12:06:14.169+0000,0,AVRO,dcreager,1,AVRO-742,458.0,47,0,Fixed,1073.71093722,742,1,0,0,0,5,1
Closed,Blocker,2011-03-12T00:32:55.778+0000,Bug,cutting,2011-01-20T22:10:28.451+0000,2011-01-26T03:45:19.945+0000,0,AVRO,,9,AVRO-741,536.0,31,0,Fixed,1073.71086227,741,1,0,0,0,3,1
Closed,Major,2011-03-12T00:32:49.426+0000,Bug,brucem,2011-01-20T11:32:24.005+0000,2011-01-20T11:36:55.458+0000,0,AVRO,brucem,0,AVRO-740,1595.0,34,0,Fixed,1073.71093578,740,0,0,0,0,3,1
Closed,Critical,2011-05-06T19:18:37.708+0000,Bug,devsarkar,2011-01-19T06:00:56.730+0000,2011-03-14T16:59:52.870+0000,0,AVRO,,3,AVRO-738,371.0,96,0,Duplicate,1017.9291268,738,1,1,1,0,2,1
Closed,Major,2011-03-12T00:32:46.410+0000,Sub-task,scott_carey,2011-01-18T20:48:36.562+0000,2011-01-28T01:05:59.708+0000,0,AVRO,scott_carey,28,AVRO-737,437.0,54,0,Fixed,1073.71097069,737,1,1,0,0,1,1
Closed,Major,2011-03-12T00:32:48.929+0000,Bug,mchugh,2011-01-18T19:09:30.838+0000,2011-01-24T12:10:49.809+0000,0,AVRO,brucem,4,AVRO-736,1497.0,54,0,Fixed,1073.71094153,736,1,0,1,0,1,1
Closed,Major,2011-03-12T00:32:43.377+0000,Bug,h2o,2011-01-14T15:27:19.984+0000,2011-01-28T01:12:15.148+0000,2,AVRO,scott_carey,5,AVRO-735,1716.0,31,0,Fixed,1073.71100579,735,1,1,1,0,4,1
Closed,Trivial,2011-03-12T00:32:45.598+0000,Improvement,h2o,2011-01-14T14:40:13.218+0000,2011-01-14T18:38:39.889+0000,0,AVRO,h2o,4,AVRO-734,302.0,43,0,Fixed,1073.71098009,734,1,1,1,0,4,1
Closed,Critical,2011-03-12T00:32:58.026+0000,Bug,h2o,2011-01-14T14:32:55.470+0000,2011-01-14T18:45:31.985+0000,0,AVRO,scott_carey,9,AVRO-733,433.0,59,0,Fixed,1073.71083625,733,1,1,1,0,4,1
Open,Major,2012-12-20T18:13:58.191+0000,Bug,sharadag,2011-01-13T09:25:08.544+0000,,3,AVRO,,17,AVRO-732,247.0,64,4,,1131.34127008,732,1,1,0,0,3,1
Closed,Major,2011-03-12T00:32:56.423+0000,Improvement,cutting,2011-01-11T21:37:00.631+0000,2011-01-12T21:07:01.139+0000,0,AVRO,cutting,1,AVRO-731,64.0,47,0,Fixed,1073.71085481,731,1,0,0,0,1,1
Closed,Major,2011-03-12T00:32:53.683+0000,New Feature,cbradford,2011-01-10T04:30:40.290+0000,2011-02-19T00:40:26.704+0000,0,AVRO,cbradford,10,AVRO-730,246.0,73,1,Fixed,1073.71088652,730,1,1,1,0,0,1
Closed,Major,2011-03-12T00:32:46.269+0000,New Feature,dcreager,2011-01-08T19:34:20.369+0000,2011-01-11T18:32:49.921+0000,0,AVRO,dcreager,3,AVRO-729,553.0,24,1,Fixed,1073.71097234,729,1,0,0,0,5,1
Closed,Major,2011-03-12T00:36:41.569+0000,Task,cutting,2011-01-08T00:35:55.064+0000,2011-01-12T21:07:19.544+0000,0,AVRO,cutting,1,AVRO-728,185.0,51,0,Fixed,1073.70824895,728,1,0,0,0,5,1
Closed,Major,2011-03-12T00:32:47.501+0000,Improvement,dcreager,2011-01-05T21:59:27.094+0000,2011-01-11T14:57:50.200+0000,0,AVRO,dcreager,5,AVRO-727,1501.0,34,1,Fixed,1073.71095808,727,1,0,0,0,2,1
Closed,Major,2011-07-01T20:37:09.103+0000,Improvement,xiaoluye,2011-01-05T21:49:59.223+0000,2011-03-07T20:14:02.975+0000,0,AVRO,cutting,16,AVRO-726,521.0,110,3,Fixed,1073.7109533,726,1,1,1,0,2,1
Closed,Minor,2011-03-12T00:32:50.871+0000,New Feature,dcreager,2011-01-04T23:10:35.716+0000,2011-01-11T14:34:07.706+0000,0,AVRO,dcreager,6,AVRO-725,307.0,34,0,Fixed,1073.71091907,725,1,0,0,0,1,1
Open,Major,2011-12-13T17:45:12.108+0000,Bug,jjh,2011-01-03T05:07:54.460+0000,,0,AVRO,,4,AVRO-724,1025.0,105,2,,1141.51990533,724,1,0,1,0,0,1
Closed,Minor,2011-03-12T00:32:49.641+0000,Bug,sgargan,2011-01-02T02:58:33.271+0000,2011-01-07T20:43:26.267+0000,0,AVRO,sgargan,8,AVRO-723,590.0,73,0,Fixed,1073.71093331,723,1,1,1,0,6,1
Closed,Minor,2011-03-12T00:32:50.610+0000,Bug,sgargan,2010-12-30T00:21:09.143+0000,2011-01-07T18:00:05.790+0000,0,AVRO,sgargan,8,AVRO-722,511.0,74,0,Fixed,1073.7109221,722,1,1,1,0,3,12
Open,Major,2010-12-29T18:08:10.127+0000,New Feature,hammer,2010-12-29T09:00:29.358+0000,,0,AVRO,,3,AVRO-721,115.0,66,3,,1146.35839031,721,1,0,0,0,2,12
Open,Major,2011-01-07T21:49:05.509+0000,Improvement,hammer,2010-12-28T21:08:27.562+0000,,0,AVRO,cutting,8,AVRO-720,242.0,72,1,,1136.82891246,720,1,1,0,0,1,12
Closed,Minor,2011-03-12T00:32:47.374+0000,Improvement,joecrobak,2010-12-23T18:59:39.827+0000,2011-01-07T21:20:05.880+0000,0,AVRO,joecrobak,4,AVRO-719,241.0,52,0,Fixed,1073.71095956,719,1,1,1,0,3,12
Closed,Major,2011-03-12T00:32:48.342+0000,Bug,cwsteinbach,2010-12-23T08:12:44.937+0000,2010-12-29T21:29:38.054+0000,0,AVRO,cwsteinbach,2,AVRO-718,152.0,27,0,Fixed,1073.71094837,718,2,0,0,0,3,12
Closed,Major,2011-03-12T00:32:57.720+0000,Bug,joecrobak,2010-12-21T20:14:32.745+0000,2011-01-04T22:28:58.880+0000,0,AVRO,joecrobak,6,AVRO-717,2200.0,63,0,Fixed,1073.71083981,717,1,1,1,0,1,12
Closed,Blocker,2011-03-12T00:32:50.211+0000,Task,scott_carey,2010-12-17T01:20:33.481+0000,2011-02-01T19:25:30.282+0000,0,AVRO,scott_carey,20,AVRO-716,361.0,60,0,Fixed,1073.71092674,716,2,1,0,0,4,12
Open,Minor,2011-02-07T18:40:53.391+0000,Task,scott_carey,2010-12-17T01:17:30.004+0000,,0,AVRO,scott_carey,4,AVRO-715,212.0,86,0,,1158.67991062,715,1,1,0,0,4,12
Closed,Major,2011-03-12T00:32:53.111+0000,Task,scott_carey,2010-12-17T01:14:07.014+0000,2011-01-28T05:30:56.071+0000,0,AVRO,scott_carey,2,AVRO-714,278.0,29,1,Fixed,1073.71089316,714,2,1,0,0,4,12
Closed,Major,2012-11-09T15:59:19.911+0000,Bug,jkreps,2010-12-15T21:54:54.950+0000,2010-12-16T21:57:59.872+0000,0,AVRO,jkreps,2,AVRO-713,174.0,47,0,Fixed,1073.71087063,713,1,1,1,0,2,12
Open,Major,2012-12-13T21:12:48.848+0000,New Feature,cutting,2010-12-15T20:42:08.000+0000,,0,AVRO,,7,AVRO-712,120.0,27,5,,1159.87113752,712,1,0,0,0,2,12
Closed,Blocker,2011-03-12T00:32:46.133+0000,Improvement,thiru_mg,2010-12-13T16:47:03.243+0000,2011-02-20T18:25:24.745+0000,0,AVRO,thiru_mg,7,AVRO-711,62.0,32,0,Fixed,1073.71097394,711,1,0,1,0,0,12
Closed,Major,2011-03-12T00:32:44.901+0000,Bug,bshi,2010-12-12T00:12:30.431+0000,2010-12-13T20:03:23.788+0000,0,AVRO,bshi,1,AVRO-710,60.0,79,0,Fixed,1073.71098819,710,1,1,3,0,6,12
Closed,Minor,2011-05-06T19:14:01.596+0000,Improvement,justinazoff,2010-12-05T23:55:07.880+0000,2011-03-31T22:51:45.931+0000,1,AVRO,justinazoff,10,AVRO-709,240.0,20,2,Fixed,1017.93232261,709,1,0,1,0,6,12
Closed,Minor,2011-03-12T00:32:52.978+0000,Bug,sgargan,2010-12-05T02:10:19.359+0000,2011-01-07T20:36:35.946+0000,0,AVRO,sgargan,2,AVRO-708,632.0,40,0,Fixed,1073.71089472,708,1,1,1,0,6,12
Closed,Major,2011-03-12T00:32:47.233+0000,Improvement,cutting,2010-12-04T00:58:06.002+0000,2010-12-09T22:10:05.784+0000,0,AVRO,cutting,3,AVRO-707,536.0,22,0,Fixed,1073.71096121,707,1,1,0,0,5,12
Closed,Major,2011-03-12T00:32:51.821+0000,Bug,scott_carey,2010-12-02T17:37:12.511+0000,2010-12-03T16:41:38.762+0000,0,AVRO,thiru_mg,4,AVRO-706,570.0,53,1,Fixed,1073.71090811,706,1,1,1,0,3,12
Closed,Major,2011-03-12T00:32:48.046+0000,Bug,gillouxgaillard@wanadoo.fr,2010-12-01T18:04:52.781+0000,2010-12-10T20:24:51.431+0000,0,AVRO,thiru_mg,3,AVRO-705,923.0,66,0,Fixed,1073.7109518,705,1,1,1,0,2,12
Closed,Major,2011-03-12T00:32:46.940+0000,Bug,urandom,2010-11-30T23:50:49.552+0000,2010-12-10T19:43:51.625+0000,0,AVRO,cutting,9,AVRO-704,239.0,29,0,Fixed,1073.7109646,704,1,1,1,0,1,11
Patch Available,Minor,2011-07-05T17:24:11.924+0000,New Feature,urandom,2010-11-30T21:34:10.379+0000,,0,AVRO,urandom,4,AVRO-703,83.0,27,1,,1174.83103329,703,1,0,1,0,1,11
Closed,Major,2011-03-12T00:32:47.642+0000,Bug,xiaoluye,2010-11-24T21:50:39.538+0000,2010-11-29T23:20:22.893+0000,0,AVRO,cutting,4,AVRO-702,593.0,90,1,Fixed,1073.71095649,702,1,1,1,0,2,11
Closed,Critical,2011-03-12T00:32:51.010+0000,Bug,brucem,2010-11-23T17:49:32.246+0000,2011-02-24T17:57:55.398+0000,1,AVRO,brucem,14,AVRO-701,216.0,75,0,Fixed,1073.7109175,701,1,1,1,0,1,11
Closed,Major,2011-03-12T00:32:54.937+0000,Improvement,thiru_mg,2010-11-22T12:57:10.124+0000,2011-01-30T19:12:20.237+0000,0,AVRO,thiru_mg,11,AVRO-700,426.0,32,0,Fixed,1073.71087205,700,1,0,1,0,0,11
Closed,Major,2011-03-12T00:32:51.666+0000,Bug,prabhakhar,2010-11-19T21:48:20.894+0000,2010-11-22T06:18:16.289+0000,0,AVRO,,3,AVRO-699,1570.0,81,0,Duplicate,1073.71090991,699,1,1,1,0,4,11
Closed,Major,2011-03-12T00:32:57.903+0000,Test,cutting,2010-11-18T23:54:29.991+0000,2010-11-23T20:11:44.299+0000,0,AVRO,cutting,4,AVRO-698,410.0,50,0,Fixed,1073.71083773,698,1,1,0,0,3,11
Open,Major,2010-11-23T21:40:51.967+0000,Improvement,plinehan,2010-11-17T21:39:54.166+0000,,0,AVRO,,4,AVRO-697,950.0,54,0,,1187.83101988,697,1,1,0,0,2,11
Open,Major,2013-09-10T16:39:27.858+0000,New Feature,hammer,2011-01-20T01:30:50.233+0000,,6,AVRO,,13,AVRO-739,,24,14,,1124.67064874,739,1,0,0,0,3,1
Patch Available,Blocker,2014-02-15T20:06:06.572+0000,Bug,tomwhite,2014-02-15T20:00:38.838+0000,,0,AVRO,tomwhite,1,AVRO-1458,117.0,61,1,,1.89615405047,1458,1,1,1,0,5,2
Patch Available,Major,2014-02-11T19:51:50.859+0000,Bug,piccolbo,2014-02-07T22:41:20.908+0000,,0,AVRO,cutting,8,AVRO-1454,441.0,58,2,,9.75637428343,1454,1,1,1,0,4,2
Open,Major,2014-02-10T08:21:23.762+0000,Bug,nivance,2014-01-15T12:13:42.474+0000,,0,AVRO,,2,AVRO-1440,2445.0,34,2,,33.2242107664,1440,1,1,1,1,2,1
Closed,Major,2011-03-12T00:32:43.085+0000,Bug,plinehan,2010-11-17T05:32:26.784+0000,2010-11-17T21:04:24.152+0000,0,AVRO,plinehan,2,AVRO-696,119.0,75,0,Fixed,1073.71100924,696,1,1,0,0,2,11
Open,Major,2012-05-23T21:51:45.794+0000,New Feature,mcherri,2010-11-15T16:01:16.143+0000,,1,AVRO,,5,AVRO-695,1072.0,23,4,,1190.06618219,695,1,0,1,0,0,11
Closed,Major,2011-03-12T00:32:51.411+0000,Bug,rahrens,2010-11-08T21:47:15.361+0000,2011-01-07T21:24:20.095+0000,1,AVRO,hammer,7,AVRO-694,2027.0,87,2,Fixed,1073.71091288,694,1,0,1,0,0,11
Closed,Minor,2011-03-12T00:32:54.111+0000,Bug,sgargan,2010-11-04T22:44:20.061+0000,2010-11-05T21:13:56.894+0000,0,AVRO,sgargan,4,AVRO-693,394.0,67,0,Fixed,1073.71088164,693,1,1,0,0,3,11
Closed,Major,2011-03-12T00:32:43.544+0000,Improvement,cutting,2010-11-04T21:23:24.120+0000,2010-12-09T19:51:00.608+0000,1,AVRO,cutting,6,AVRO-692,69.0,34,1,Fixed,1073.71100392,692,1,1,0,0,3,11
Open,Major,2011-12-13T19:06:54.247+0000,Improvement,rbodkin,2010-11-04T18:12:51.813+0000,,0,AVRO,,0,AVRO-691,572.0,36,0,,1200.97479713,691,1,1,0,0,3,11
Open,Major,2011-12-13T19:06:53.635+0000,Improvement,rbodkin,2010-11-04T18:09:50.641+0000,,0,AVRO,thiru_mg,0,AVRO-690,1960.0,58,0,,1200.97689403,690,1,1,0,0,3,11
Closed,Major,2011-03-12T00:32:56.138+0000,New Feature,cutting,2010-11-04T16:37:07.221+0000,2010-12-09T19:47:55.862+0000,0,AVRO,cutting,5,AVRO-689,85.0,41,0,Fixed,1073.71085818,689,1,1,0,0,3,11
Closed,Major,2011-03-12T00:32:50.051+0000,Bug,califloridan,2010-11-01T18:08:28.822+0000,2011-01-17T20:58:07.628+0000,0,AVRO,cutting,5,AVRO-688,389.0,56,0,Fixed,1073.71092863,688,3,1,1,0,0,11
Closed,Major,2011-03-12T00:32:56.292+0000,New Feature,cutting,2010-11-01T16:46:12.807+0000,2010-12-14T23:46:00.174+0000,0,AVRO,cutting,4,AVRO-687,182.0,47,0,Fixed,1073.7108564,687,1,1,0,0,0,11
Closed,Critical,2011-03-12T00:32:54.633+0000,Bug,rahrens,2010-10-27T19:27:30.802+0000,2010-10-28T23:22:23.188+0000,0,AVRO,rahrens,6,AVRO-685,4065.0,97,1,Fixed,1073.7108756,685,1,1,1,0,2,10
Closed,Major,2011-03-12T00:32:53.529+0000,New Feature,plinehan,2010-10-25T19:55:27.654+0000,2010-11-22T21:18:29.278+0000,0,AVRO,plinehan,6,AVRO-684,648.0,61,0,Fixed,1073.71088838,684,1,1,0,0,0,10
Closed,Trivial,2011-03-12T00:32:51.137+0000,Improvement,sgargan,2010-10-24T19:55:06.093+0000,2010-10-26T20:46:45.097+0000,0,AVRO,sgargan,3,AVRO-683,354.0,53,1,Fixed,1073.71091607,683,1,1,1,0,6,10
Closed,Minor,2011-03-12T00:32:44.758+0000,Improvement,qwertymaniac,2010-10-24T14:50:55.694+0000,2010-10-26T20:33:10.470+0000,0,AVRO,qwertymaniac,8,AVRO-682,492.0,39,1,Fixed,1073.7109899,682,1,1,1,0,6,10
Closed,Minor,2011-03-12T00:32:42.785+0000,Bug,yaojingguo,2010-10-14T13:40:16.332+0000,2010-10-14T21:14:22.882+0000,0,AVRO,yaojingguo,2,AVRO-681,334.0,23,0,Fixed,1073.71101272,681,1,0,1,0,3,10
Open,Major,2012-05-10T13:26:27.757+0000,Improvement,jeromatron,2010-10-12T18:37:09.068+0000,,1,AVRO,,2,AVRO-680,765.0,25,1,,1223.95793077,680,0,0,0,0,1,10
Closed,Minor,2011-05-06T19:18:37.564+0000,New Feature,stuhood,2010-10-10T20:48:51.211+0000,2011-04-22T18:20:54.070+0000,0,AVRO,,10,AVRO-679,513.0,29,2,Incomplete,1017.92912872,679,1,0,0,0,6,10
Closed,Major,2011-03-12T00:32:44.471+0000,Sub-task,cutting,2010-10-06T20:15:04.150+0000,2010-10-22T22:19:04.864+0000,0,AVRO,cutting,3,AVRO-678,72.0,31,0,Fixed,1073.71099323,678,1,1,0,0,2,10
Open,Major,2010-10-05T20:35:02.760+0000,Bug,plinehan,2010-10-05T20:33:13.692+0000,,0,AVRO,,1,AVRO-677,405.0,52,1,,1230.8773217,677,1,1,1,0,1,10
Open,Major,2010-10-05T19:02:34.288+0000,Bug,acmurthy,2010-10-05T00:34:15.257+0000,,0,AVRO,,4,AVRO-676,417.0,56,2,,1231.70994248,676,1,1,1,0,1,10
Closed,Major,2011-03-12T00:32:42.929+0000,Bug,dcreager,2010-09-30T21:00:11.607+0000,2010-10-05T22:57:49.260+0000,0,AVRO,dcreager,5,AVRO-675,436.0,47,2,Fixed,1073.71101108,675,1,0,1,0,3,9
Closed,Trivial,2011-12-13T19:08:35.118+0000,New Feature,dln,2010-09-25T12:29:29.092+0000,2010-09-30T17:45:17.116+0000,1,AVRO,dln,3,AVRO-674,163.0,32,1,Fixed,1073.71096933,674,1,0,0,0,5,9
Closed,Minor,2010-10-14T19:06:54.648+0000,Improvement,erikfrey,2010-09-24T21:22:53.373+0000,2010-10-08T21:15:24.241+0000,0,AVRO,erikfrey,6,AVRO-673,390.0,36,1,Fixed,1221.93726411,673,1,0,0,0,4,9
Patch Available,Major,2012-02-17T21:36:48.170+0000,New Feature,rbodkin,2010-09-20T23:05:13.962+0000,,1,AVRO,,8,AVRO-672,869.0,36,3,,1245.74624185,672,1,1,0,0,0,9
Closed,Major,2011-03-12T00:32:54.756+0000,Bug,rbodkin,2010-09-19T00:11:47.260+0000,2010-10-07T21:32:24.448+0000,0,AVRO,cutting,9,AVRO-671,101.0,68,0,Fixed,1073.71087421,671,1,1,0,0,6,9
Closed,Major,2011-12-13T19:06:48.131+0000,Improvement,rbodkin,2010-09-17T17:55:34.047+0000,2010-09-20T17:14:49.623+0000,0,AVRO,rbodkin,5,AVRO-670,296.0,55,0,Fixed,1073.71089155,670,1,1,0,0,4,9
Closed,Major,2012-03-27T06:29:15.859+0000,Bug,rbodkin,2010-09-17T05:46:16.716+0000,2010-12-29T21:38:53.408+0000,1,AVRO,cutting,14,AVRO-669,2376.0,48,3,Fixed,1073.71097542,669,1,1,0,0,4,9
Closed,Major,2010-10-14T19:06:54.260+0000,Improvement,scott_carey,2010-09-16T05:46:55.936+0000,2010-09-21T19:24:08.543+0000,0,AVRO,scott_carey,11,AVRO-668,213.0,71,0,Fixed,1221.93726879,668,1,1,0,0,3,9
Closed,Blocker,2010-10-14T19:06:53.721+0000,Bug,scott_carey,2010-09-16T04:49:48.632+0000,2010-09-17T01:42:29.392+0000,0,AVRO,scott_carey,10,AVRO-667,1221.0,88,0,Fixed,1221.93727487,667,1,1,1,0,3,9
Closed,Major,2010-10-14T19:06:53.408+0000,Bug,hammer,2010-09-12T23:45:10.727+0000,2010-09-12T23:49:46.987+0000,0,AVRO,hammer,1,AVRO-666,,62,0,Fixed,1221.9372784,666,1,0,0,0,6,9
Open,Major,2010-09-16T23:20:44.445+0000,Bug,rtyler,2010-09-10T19:27:31.645+0000,,0,AVRO,rtyler,2,AVRO-665,280.0,42,1,,1255.92294726,665,1,0,0,0,4,9
Closed,Major,2010-10-14T19:06:53.023+0000,Bug,thiru_mg,2010-09-10T08:21:11.878+0000,2010-09-14T12:49:33.944+0000,0,AVRO,thiru_mg,3,AVRO-664,225.0,55,0,Fixed,1221.93728304,664,1,0,1,0,4,9
Closed,Major,2011-03-12T00:32:54.219+0000,Bug,brianf,2010-09-09T14:12:14.977+0000,2011-01-14T19:46:54.409+0000,0,AVRO,scott_carey,15,AVRO-663,350.0,98,1,Fixed,1073.71088043,663,1,0,1,0,3,9
Closed,Major,2010-10-14T19:06:52.536+0000,New Feature,cutting,2010-09-08T17:52:50.386+0000,2010-09-17T22:25:54.937+0000,0,AVRO,cutting,4,AVRO-662,357.0,57,0,Fixed,1221.93728867,662,1,1,0,0,2,9
Open,Major,2010-09-08T16:06:26.161+0000,Improvement,hammer,2010-09-08T07:08:37.725+0000,,1,AVRO,,2,AVRO-661,,55,4,,1258.43607134,661,1,1,0,0,2,9
Open,Major,2010-09-10T05:40:26.270+0000,Improvement,hammer,2010-09-08T07:03:32.005+0000,,0,AVRO,,1,AVRO-660,,120,2,,1258.43960977,660,1,0,0,0,2,9
Open,Major,2011-12-13T19:06:45.161+0000,New Feature,hammer,2010-09-08T06:49:46.071+0000,,0,AVRO,,8,AVRO-659,618.0,67,1,,1258.44916919,659,1,1,0,0,2,9
Open,Major,2011-12-13T19:06:53.940+0000,New Feature,hammer,2010-09-08T06:43:59.285+0000,,1,AVRO,,0,AVRO-658,197.0,34,4,,1258.45318292,658,1,1,0,0,2,9
Closed,Minor,2010-10-14T19:06:52.205+0000,Bug,phunt,2010-09-07T06:34:20.454+0000,2010-09-13T19:04:52.561+0000,0,AVRO,cutting,2,AVRO-657,721.0,44,0,Fixed,1221.93729259,657,1,0,1,0,1,9
Closed,Blocker,2011-03-12T00:32:48.724+0000,Bug,cutting,2010-09-03T18:49:11.534+0000,2011-02-24T22:21:11.866+0000,0,AVRO,cutting,30,AVRO-656,763.0,77,2,Fixed,1073.71094404,656,1,1,1,0,4,9
Closed,Major,2010-10-14T19:06:51.860+0000,Improvement,cutting,2010-09-03T17:56:11.508+0000,2010-09-13T19:00:01.388+0000,0,AVRO,cutting,4,AVRO-655,210.0,42,0,Fixed,1221.93729647,655,1,0,1,0,4,9
Open,Major,2010-12-06T18:48:51.584+0000,Bug,mrflip,2010-09-03T02:24:55.282+0000,,0,AVRO,,1,AVRO-654,748.0,71,4,,1263.63309037,654,1,0,1,0,4,9
Closed,Major,2010-09-08T21:08:17.686+0000,Bug,urandom,2010-09-02T15:46:23.154+0000,2010-09-02T23:03:57.096+0000,0,AVRO,urandom,3,AVRO-653,128.0,55,0,Fixed,1257.8529699,653,1,0,1,0,3,9
Closed,Minor,2010-09-08T21:08:17.304+0000,Bug,stuhood,2010-09-02T03:19:59.417+0000,2010-09-02T23:11:49.439+0000,0,AVRO,stuhood,3,AVRO-652,419.0,36,1,Fixed,1257.85297432,652,1,1,0,0,3,9
Open,Major,2010-09-02T18:10:02.417+0000,New Feature,cwsteinbach,2010-09-02T01:34:39.546+0000,,0,AVRO,,1,AVRO-651,719.0,41,4,,1264.66799473,651,1,1,0,0,3,9
Closed,Blocker,2011-01-25T01:15:50.593+0000,Bug,urandom,2010-09-01T20:05:52.819+0000,2010-09-03T01:27:51.243+0000,0,AVRO,cutting,11,AVRO-650,212.0,33,3,Fixed,1257.85297883,650,1,1,0,0,2,9
Closed,Major,2010-09-08T21:15:35.685+0000,Improvement,stuhood,2010-09-01T18:34:56.550+0000,2010-09-01T20:53:51.190+0000,0,AVRO,,7,AVRO-649,123.0,46,0,Invalid,1257.84790046,649,1,1,0,0,2,9
Closed,Major,2011-03-12T00:32:44.617+0000,Improvement,philip,2010-09-01T08:21:52.543+0000,2010-11-01T18:25:46.766+0000,0,AVRO,philip,8,AVRO-648,1401.0,47,2,Fixed,1073.71099148,648,1,1,0,0,2,9
Closed,Major,2011-03-12T00:32:51.952+0000,Improvement,scott_carey,2010-09-01T01:25:04.062+0000,2010-12-16T00:40:39.574+0000,0,AVRO,scott_carey,47,AVRO-647,898.0,62,5,Fixed,1073.7109067,647,1,1,0,0,2,9
Closed,Major,2010-09-08T21:08:16.550+0000,Test,cutting,2010-08-30T23:37:56.679+0000,2010-08-30T23:53:13.751+0000,0,AVRO,cutting,2,AVRO-646,265.0,25,0,Fixed,1257.85298307,646,1,1,0,0,0,8
Closed,Major,2010-09-08T21:08:16.176+0000,Improvement,grzm,2010-08-30T22:22:44.347+0000,2010-08-30T23:46:53.526+0000,0,AVRO,grzm,1,AVRO-645,201.0,34,0,Fixed,1257.85298739,645,1,0,0,0,0,8
Closed,Major,2011-03-12T00:32:46.672+0000,Bug,scott_carey,2010-08-30T21:16:52.717+0000,2010-12-16T00:55:32.510+0000,0,AVRO,,2,AVRO-644,1983.0,54,0,Not A Problem,1073.71096782,644,1,1,1,0,0,8
Closed,Major,2011-03-12T00:32:55.920+0000,Bug,cutting,2010-08-30T19:45:21.180+0000,2011-01-07T17:52:23.008+0000,0,AVRO,cutting,2,AVRO-643,304.0,35,0,Fixed,1073.71086077,643,1,1,1,0,0,8
Closed,Minor,2011-03-12T00:32:49.801+0000,Improvement,qwertymaniac,2010-08-28T05:11:54.472+0000,2010-10-29T21:31:48.132+0000,0,AVRO,qwertymaniac,10,AVRO-642,1212.0,82,0,Fixed,1073.71093159,642,2,1,1,0,5,8
Closed,Major,2012-07-02T00:15:04.391+0000,New Feature,cutting,2010-08-27T21:39:00.024+0000,2010-09-17T22:03:23.754+0000,1,AVRO,cutting,16,AVRO-641,224.0,28,6,Fixed,1221.93730671,641,1,1,0,0,4,8
Closed,Blocker,2010-09-08T21:11:26.107+0000,Bug,cutting,2010-08-27T20:36:27.189+0000,2010-08-27T21:08:00.533+0000,0,AVRO,cutting,2,AVRO-640,132.0,42,0,Fixed,1257.85299098,640,1,0,0,0,4,8
Closed,Major,2010-09-08T21:11:25.475+0000,Improvement,cutting,2010-08-27T18:53:05.598+0000,2010-08-27T21:08:12.780+0000,0,AVRO,cutting,6,AVRO-639,138.0,42,0,Fixed,1257.85299532,639,1,0,0,0,4,8
Closed,Major,2012-03-27T06:29:15.614+0000,New Feature,cutting,2010-08-27T18:29:33.051+0000,2011-01-04T21:52:37.920+0000,0,AVRO,cutting,1,AVRO-638,394.0,50,3,Fixed,1073.71093896,638,1,1,0,0,4,8
Closed,Major,2010-12-28T21:10:19.165+0000,New Feature,cutting,2010-08-27T17:52:39.444+0000,2010-09-01T03:24:36.994+0000,1,AVRO,cutting,21,AVRO-637,537.0,40,1,Fixed,1257.85300065,637,1,1,0,0,4,8
Closed,Major,2010-10-14T19:06:50.624+0000,Sub-task,pwendell,2010-08-26T23:19:35.753+0000,2010-08-27T23:34:55.463+0000,0,AVRO,pwendell,8,AVRO-636,,39,0,Fixed,1221.93731072,636,1,1,0,0,3,8
Open,Critical,2013-05-07T13:59:44.353+0000,Bug,cutting,2010-08-26T22:15:24.834+0000,,0,AVRO,,5,AVRO-635,163.0,60,1,,1270.80635947,635,1,0,0,0,3,8
Closed,Major,2010-10-14T19:06:50.270+0000,Improvement,cutting,2010-08-26T18:13:45.674+0000,2010-09-13T19:21:29.066+0000,0,AVRO,cutting,2,AVRO-634,60.0,28,0,Fixed,1221.9373149,634,1,1,0,0,3,8
Closed,Major,2010-09-08T21:08:14.681+0000,Bug,jmhodges,2010-08-26T01:09:59.721+0000,2010-08-26T19:27:53.653+0000,0,AVRO,jmhodges,4,AVRO-633,77.0,66,0,Fixed,1257.85300471,633,1,0,1,0,3,8
Closed,Major,2010-09-08T21:08:14.333+0000,Bug,cutting,2010-08-26T00:00:10.844+0000,2010-08-26T00:20:48.792+0000,0,AVRO,cutting,3,AVRO-632,123.0,53,0,Fixed,1257.85300875,632,1,1,0,0,3,8
Closed,Major,2010-09-08T21:08:13.964+0000,Bug,pwendell,2010-08-25T22:37:59.073+0000,2010-08-26T00:05:00.323+0000,0,AVRO,pwendell,2,AVRO-631,610.0,36,0,Fixed,1257.85301301,631,1,1,0,0,2,8
Closed,Major,2011-03-12T00:32:45.861+0000,Improvement,gavinmroy,2010-08-25T22:33:43.588+0000,2011-01-11T14:49:08.585+0000,0,AVRO,dcreager,1,AVRO-630,158.0,25,1,Fixed,1073.71097721,630,1,0,1,0,2,8
Closed,Major,2011-08-12T20:22:31.483+0000,Improvement,gavinmroy,2010-08-25T22:30:17.849+0000,2011-07-14T23:40:08.051+0000,0,AVRO,dcreager,1,AVRO-629,260.0,28,1,Won't Fix,919.884754657,629,1,0,1,0,2,8
Open,Major,2010-08-25T22:21:59.880+0000,Improvement,gavinmroy,2010-08-25T22:21:59.880+0000,,0,AVRO,,0,AVRO-628,551.0,47,1,,1271.80178719,628,0,0,0,0,2,8
Closed,Major,2010-09-08T21:08:13.585+0000,New Feature,grzm,2010-08-25T19:10:50.850+0000,2010-08-30T16:52:57.184+0000,0,AVRO,grzm,13,AVRO-627,366.0,20,3,Fixed,1257.85301738,627,1,0,0,0,2,8
Closed,Minor,2010-08-25T20:29:46.662+0000,Improvement,alexb,2010-08-25T07:35:29.587+0000,2010-08-25T16:11:39.955+0000,0,AVRO,,3,AVRO-626,134.0,44,0,Fixed,1271.9408067,626,1,0,0,0,2,8
Open,Minor,2010-08-24T02:48:00.970+0000,Bug,whitepixel,2010-08-24T02:48:00.970+0000,,0,AVRO,,0,AVRO-624,439.0,37,0,,1273.61705236,624,1,0,1,0,1,8
Open,Major,2011-05-29T02:46:29.711+0000,Bug,philip,2010-08-24T01:14:58.920+0000,,0,AVRO,,1,AVRO-623,322.0,52,2,,1273.68165942,623,2,0,0,0,1,8
Closed,Major,2010-09-08T21:08:13.226+0000,Bug,philip,2010-08-24T00:26:23.691+0000,2010-08-24T05:14:58.156+0000,0,AVRO,philip,1,AVRO-622,85.0,43,0,Fixed,1257.85302155,622,1,0,0,0,1,8
Open,Major,2010-08-23T21:06:55.831+0000,Improvement,gavinmroy,2010-08-23T21:06:55.831+0000,,0,AVRO,,0,AVRO-621,414.0,68,1,,1273.8539174,621,1,0,1,0,0,8
Closed,Major,2010-09-08T21:08:12.554+0000,Bug,philip,2010-08-20T17:12:52.861+0000,2010-08-24T04:41:11.524+0000,0,AVRO,philip,4,AVRO-620,732.0,61,1,Fixed,1257.85302931,620,1,0,0,0,4,8
Closed,Trivial,2010-09-08T21:08:11.501+0000,Improvement,qwertymaniac,2010-08-19T20:26:37.122+0000,2010-08-19T22:57:49.585+0000,0,AVRO,qwertymaniac,2,AVRO-619,281.0,58,0,Fixed,1257.85304152,619,1,0,1,0,3,8
Closed,Major,2010-09-08T21:08:11.098+0000,Bug,philip,2010-08-19T06:49:42.649+0000,2010-08-20T15:23:24.138+0000,0,AVRO,philip,5,AVRO-618,501.0,33,0,Fixed,1257.85304614,618,0,0,1,0,3,8
Closed,Major,2010-09-08T21:08:10.720+0000,Improvement,jkristian,2010-08-17T16:59:34.137+0000,2010-08-23T20:40:29.103+0000,0,AVRO,cutting,3,AVRO-617,1020.0,31,0,Fixed,1257.85305058,617,1,1,1,0,1,8
Closed,Major,2010-09-08T21:08:10.414+0000,New Feature,pwendell,2010-08-16T19:14:00.513+0000,2010-08-17T19:37:17.908+0000,0,AVRO,pwendell,2,AVRO-616,228.0,38,0,Fixed,1257.85305412,616,1,1,0,0,0,8
Closed,Major,2010-09-08T21:08:10.071+0000,Improvement,jkristian,2010-08-16T16:52:35.702+0000,2010-08-18T21:45:24.939+0000,0,AVRO,cutting,5,AVRO-615,216.0,28,0,Fixed,1257.85305809,615,1,1,1,0,0,8
Closed,Major,2011-12-13T19:06:50.515+0000,Sub-task,pwendell,2010-08-13T22:42:22.484+0000,2010-08-27T01:00:09.604+0000,0,AVRO,pwendell,4,AVRO-614,,25,0,Fixed,1073.70825072,614,1,1,0,0,4,8
Closed,Major,2011-12-13T19:06:47.435+0000,Sub-task,pwendell,2010-08-13T17:49:02.960+0000,2010-08-23T06:58:43.637+0000,0,AVRO,pwendell,5,AVRO-613,,44,1,Fixed,1257.85306373,613,1,1,0,0,4,8
Closed,Minor,2011-12-13T19:06:54.949+0000,Bug,darose,2010-08-13T00:01:07.839+0000,2010-08-18T21:36:24.543+0000,0,AVRO,cutting,3,AVRO-612,1151.0,39,0,Fixed,1257.8531236,612,1,1,1,0,4,8
Closed,Major,2010-09-08T21:08:04.076+0000,New Feature,pwendell,2010-08-12T18:28:22.928+0000,2010-08-18T21:29:43.619+0000,0,AVRO,cutting,3,AVRO-611,57.0,26,0,Fixed,1257.85312748,611,1,1,0,0,3,8
Open,Major,2010-08-09T16:22:42.937+0000,Improvement,kingryan,2010-08-06T21:10:41.074+0000,,0,AVRO,,2,AVRO-610,233.0,23,1,,1290.85131044,610,1,0,0,0,4,8
Closed,Major,2010-09-08T21:08:03.582+0000,Bug,cutting,2010-08-06T19:16:24.326+0000,2010-08-10T21:58:05.165+0000,0,AVRO,cutting,3,AVRO-609,93.0,45,0,Fixed,1257.8531332,609,1,1,0,0,4,8
Closed,Major,2010-10-14T19:24:43.148+0000,Bug,pwendell,2010-08-05T17:57:22.393+0000,2010-08-25T22:39:01.295+0000,0,AVRO,pwendell,1,AVRO-608,205.0,58,0,Duplicate,1221.92489737,608,1,1,0,0,3,8
Open,Minor,2013-05-01T23:01:28.864+0000,Bug,stephentu,2010-08-05T04:28:22.005+0000,,0,AVRO,,5,AVRO-607,207.0,38,3,,1292.54736448,607,1,1,1,0,3,8
Closed,Major,2013-05-02T02:29:29.767+0000,Sub-task,pwendell,2010-08-04T22:21:19.902+0000,2010-08-13T20:59:43.221+0000,0,AVRO,pwendell,10,AVRO-606,,42,0,Fixed,1257.85313769,606,1,1,0,0,2,8
Closed,Major,2010-12-28T21:10:20.002+0000,Improvement,cutting,2010-08-04T18:22:59.910+0000,2010-08-10T17:10:21.760+0000,0,AVRO,cutting,11,AVRO-605,286.0,38,2,Fixed,1257.85314179,605,1,1,0,0,2,8
Closed,Major,2010-09-08T21:08:02.374+0000,Bug,pwendell,2010-08-03T17:37:46.500+0000,2010-08-03T23:10:42.186+0000,0,AVRO,pwendell,2,AVRO-604,209.0,52,0,Fixed,1257.8531471,604,1,1,0,0,1,8
Closed,Minor,2010-09-08T21:08:02.038+0000,Improvement,stuhood,2010-08-03T16:13:39.375+0000,2010-08-03T23:22:47.304+0000,0,AVRO,stuhood,5,AVRO-603,553.0,67,3,Fixed,1257.85315108,603,1,1,0,0,1,8
Closed,Major,2010-09-08T21:08:01.698+0000,Improvement,yaojingguo,2010-08-03T14:37:47.468+0000,2010-08-04T18:52:45.306+0000,0,AVRO,yaojingguo,3,AVRO-602,198.0,38,0,Fixed,1257.8531549,602,1,0,1,0,1,8
Closed,Minor,2010-09-08T21:08:01.169+0000,Improvement,darose,2010-07-27T21:08:09.882+0000,2010-08-03T22:50:09.897+0000,0,AVRO,cutting,10,AVRO-601,935.0,83,1,Fixed,1257.85316105,601,2,1,0,0,1,7
Closed,Major,2010-09-08T21:08:00.816+0000,New Feature,cutting,2010-07-22T20:21:50.916+0000,2010-08-17T19:11:42.815+0000,0,AVRO,cutting,9,AVRO-600,675.0,43,3,Fixed,1257.85316523,600,2,1,0,0,3,7
Closed,Major,2010-09-08T21:08:00.519+0000,Improvement,hammer,2010-07-19T22:21:18.124+0000,2010-07-28T05:00:46.169+0000,0,AVRO,,1,AVRO-599,,55,0,Won't Fix,1257.85316866,599,1,0,0,0,0,7
Closed,Major,2010-09-08T21:08:00.050+0000,Bug,jtravis,2010-07-15T20:26:38.303+0000,2010-08-25T17:52:30.546+0000,0,AVRO,cutting,6,AVRO-598,451.0,75,0,Fixed,1257.85317409,598,1,1,2,0,3,7
Open,Major,2010-11-02T23:41:35.960+0000,Improvement,jtravis,2010-07-14T20:52:57.329+0000,,0,AVRO,,5,AVRO-597,268.0,43,2,,1272.85159646,597,2,1,1,0,2,7
Closed,Minor,2010-09-08T21:07:59.620+0000,Bug,plinehan,2010-07-14T06:44:31.951+0000,2010-07-20T20:56:45.335+0000,0,AVRO,plinehan,7,AVRO-596,331.0,45,2,Fixed,1257.85317898,596,1,1,1,0,2,7
Closed,Major,2013-05-02T02:29:29.771+0000,Sub-task,pwendell,2010-07-12T22:48:51.598+0000,2010-08-13T17:47:13.558+0000,0,AVRO,pwendell,13,AVRO-595,,42,4,Fixed,1257.85318376,595,1,1,0,0,0,7
Open,Major,2010-07-19T22:03:31.186+0000,Improvement,hammer,2010-07-07T18:41:18.912+0000,,0,AVRO,,4,AVRO-594,133.0,48,1,,1320.95503919,594,1,1,0,0,2,7
Closed,Major,2012-06-11T20:01:35.189+0000,New Feature,sseverance,2010-07-07T18:16:26.467+0000,2012-04-13T19:03:45.394+0000,8,AVRO,gwu,29,AVRO-593,124.0,49,18,Fixed,615.899294663,593,1,1,2,0,2,7
Open,Major,2010-08-25T19:31:01.715+0000,New Feature,scott_carey,2010-07-06T18:09:12.652+0000,,2,AVRO,scott_carey,5,AVRO-592,362.0,49,13,,1321.97733387,592,1,1,0,0,1,7
Closed,Major,2010-09-08T21:07:58.719+0000,Bug,spullara,2010-07-06T00:42:08.753+0000,2010-07-06T03:32:05.324+0000,0,AVRO,thiru_mg,2,AVRO-591,3030.0,83,1,Duplicate,1257.8531895,591,1,1,1,0,1,7
Closed,Major,2010-09-08T21:07:58.420+0000,Bug,cutting,2010-07-01T20:20:50.190+0000,2010-08-23T20:53:32.628+0000,0,AVRO,cutting,4,AVRO-590,84.0,36,0,Fixed,1257.85319298,590,1,1,0,0,3,7
Closed,Major,2010-09-08T21:07:58.087+0000,Bug,cjcdoomed,2010-07-01T19:41:28.755+0000,2010-07-05T03:18:31.291+0000,0,AVRO,thiru_mg,4,AVRO-589,1232.0,135,1,Fixed,1257.85319673,589,1,1,5,0,3,7
Closed,Major,2010-09-08T21:07:57.619+0000,Improvement,hammer,2010-06-30T09:46:58.512+0000,2010-08-25T19:36:12.385+0000,0,AVRO,hammer,15,AVRO-588,,62,1,Duplicate,1257.85320218,588,1,0,0,0,2,6
Closed,Major,2011-12-13T19:06:51.236+0000,Sub-task,pwendell,2010-06-24T21:47:15.833+0000,2010-07-28T19:34:04.894+0000,0,AVRO,pwendell,10,AVRO-587,,39,1,Fixed,1257.85320651,587,1,1,0,0,3,6
Closed,Minor,2010-09-08T21:07:56.916+0000,Improvement,kkrugler,2010-06-24T16:46:33.080+0000,2010-08-12T01:13:26.021+0000,0,AVRO,kkrugler,5,AVRO-586,138.0,46,1,Fixed,1257.85321029,586,1,1,0,0,3,6
Closed,Major,2011-08-12T20:23:46.575+0000,New Feature,cutting,2010-06-24T16:08:13.191+0000,2011-06-29T22:03:17.738+0000,0,AVRO,,3,AVRO-585,178.0,21,6,Duplicate,919.883885579,585,1,1,0,0,3,6
Closed,Major,2011-12-13T19:06:53.169+0000,Sub-task,pwendell,2010-06-23T21:37:25.593+0000,2010-06-24T22:05:19.303+0000,0,AVRO,pwendell,8,AVRO-584,,33,0,Fixed,1257.85321557,584,1,1,0,0,2,6
Closed,Minor,2010-09-08T21:07:56.089+0000,Bug,spullara,2010-06-22T23:00:45.538+0000,2010-08-03T23:04:32.673+0000,0,AVRO,cutting,14,AVRO-583,460.0,116,1,Fixed,1257.85321998,583,1,1,1,0,1,6
Closed,Major,2010-09-08T21:07:55.706+0000,Improvement,cutting,2010-06-17T18:46:24.322+0000,2010-07-23T18:15:14.339+0000,0,AVRO,cutting,5,AVRO-582,327.0,65,1,Fixed,1257.8532244,582,1,1,0,0,3,6
Closed,Major,2010-09-08T21:07:55.269+0000,New Feature,cutting,2010-06-17T17:40:08.011+0000,2010-07-21T21:20:51.505+0000,1,AVRO,cutting,9,AVRO-581,602.0,73,1,Fixed,1257.85322946,581,1,1,0,0,3,6
Closed,Major,2010-09-08T21:07:54.911+0000,New Feature,cutting,2010-06-17T17:28:55.543+0000,2010-07-21T21:16:59.182+0000,0,AVRO,cutting,5,AVRO-580,203.0,41,1,Fixed,1257.85323361,580,1,1,0,0,3,6
Closed,Major,2011-12-13T19:06:49.533+0000,Sub-task,pwendell,2010-06-17T03:21:43.091+0000,2010-06-24T21:59:06.427+0000,0,AVRO,,0,AVRO-579,,55,1,Duplicate,1271.94081215,579,1,1,0,0,3,6
Closed,Major,2010-09-08T21:07:54.525+0000,Sub-task,pwendell,2010-06-15T21:59:41.497+0000,2010-06-26T00:05:08.680+0000,0,AVRO,pwendell,15,AVRO-578,468.0,35,1,Fixed,1257.85323799,578,1,1,0,0,1,6
Closed,Major,2010-09-08T21:07:54.102+0000,New Feature,tomwhite,2010-06-14T20:39:53.687+0000,2010-06-15T21:51:15.237+0000,0,AVRO,tomwhite,4,AVRO-577,295.0,37,1,Fixed,1257.85324298,577,1,1,0,0,0,6
Open,Major,2011-12-13T19:06:51.708+0000,New Feature,pwendell,2010-06-14T20:22:19.661+0000,,0,AVRO,pwendell,0,AVRO-576,261.0,44,6,,1343.88489166,576,1,1,0,0,0,6
Resolved,Major,2013-01-21T11:03:14.570+0000,Bug,tomwhite,2010-06-14T04:32:54.901+0000,2013-01-21T11:03:14.550+0000,0,AVRO,,4,AVRO-575,114.0,90,5,Not A Problem,392.273145003,575,1,1,0,0,0,6
Closed,Major,2010-08-25T19:01:47.684+0000,Bug,tomwhite,2010-06-14T04:08:32.601+0000,2010-06-14T16:18:09.289+0000,0,AVRO,,1,AVRO-574,143.0,43,0,Duplicate,1271.94081705,574,1,1,0,0,0,6
Closed,Major,2010-09-08T21:07:53.723+0000,Bug,hammer,2010-06-11T05:16:11.765+0000,2010-07-28T19:46:09.334+0000,0,AVRO,cutting,14,AVRO-573,75.0,87,2,Fixed,1257.85324736,573,2,1,0,0,4,6
Open,Major,2011-07-06T00:54:44.477+0000,New Feature,hammer,2010-06-10T02:50:50.908+0000,,0,AVRO,,8,AVRO-572,197.0,81,1,,1348.61508556,572,1,1,0,0,3,6
Closed,Major,2010-09-08T21:07:53.417+0000,Bug,hammer,2010-06-09T22:36:21.101+0000,2010-06-09T23:18:40.812+0000,0,AVRO,hammer,1,AVRO-571,,76,1,Fixed,1257.85325091,571,1,0,0,0,2,6
Patch Available,Critical,2012-05-23T21:51:45.082+0000,New Feature,cutting,2010-06-08T17:16:02.121+0000,,0,AVRO,jeremy@lewi.us,31,AVRO-570,119.0,44,5,,913.6985064,570,1,0,1,1,1,6
Open,Major,2010-06-07T23:58:49.571+0000,New Feature,hammer,2010-06-07T23:58:49.571+0000,,0,AVRO,,0,AVRO-569,157.0,54,2,,1350.73454549,569,1,0,0,0,0,6
Open,Major,2011-07-05T17:24:12.335+0000,New Feature,hammer,2010-06-07T23:41:48.178+0000,,0,AVRO,,2,AVRO-568,,60,2,,1350.74636717,568,1,0,0,0,0,6
Closed,Major,2010-09-08T21:07:52.998+0000,New Feature,cutting,2010-06-07T22:08:55.172+0000,2010-06-18T19:06:59.111+0000,0,AVRO,pwendell,12,AVRO-567,105.0,41,3,Fixed,1257.85325576,567,1,1,0,0,0,6
Closed,Major,2010-09-08T21:07:52.674+0000,Wish,hammer,2010-06-07T02:47:02.485+0000,2010-06-07T17:57:18.665+0000,0,AVRO,cutting,5,AVRO-566,430.0,69,1,Fixed,1257.85325951,566,1,1,0,0,0,6
Closed,Major,2012-09-25T21:22:59.748+0000,Bug,hammer,2010-06-06T03:01:43.222+0000,2012-04-16T21:16:07.871+0000,1,AVRO,,13,AVRO-565,82.0,33,3,Invalid,509.842760956,565,1,0,0,0,6,6
Open,Major,2010-06-07T03:50:31.533+0000,Improvement,hammer,2010-06-06T02:34:12.293+0000,,0,AVRO,,1,AVRO-564,128.0,66,0,,1352.62664362,564,1,0,0,0,6,6
Open,Major,2010-06-07T03:49:34.922+0000,Improvement,hammer,2010-06-06T02:26:26.617+0000,,0,AVRO,,3,AVRO-563,424.0,42,1,,1352.63203339,563,1,0,0,0,6,6
Closed,Major,2010-06-14T01:37:08.947+0000,Bug,jmhodges,2010-06-04T05:51:29.900+0000,2010-06-04T06:42:09.284+0000,0,AVRO,jmhodges,4,AVRO-562,106.0,39,0,Fixed,1344.66626562,562,1,0,1,0,4,6
Open,Major,2011-12-13T19:06:53.489+0000,Test,hammer,2010-06-03T20:16:34.305+0000,,1,AVRO,pwendell,0,AVRO-561,,69,2,,1354.88888886,561,1,1,0,0,3,6
Closed,Major,2010-06-14T01:37:08.625+0000,Improvement,hammer,2010-06-03T18:01:36.994+0000,2010-06-04T00:27:53.436+0000,0,AVRO,hammer,4,AVRO-560,,58,0,Fixed,1344.66626934,560,1,0,0,0,3,6
Closed,Major,2010-06-14T01:37:08.345+0000,Improvement,hammer,2010-06-03T11:26:16.404+0000,2010-06-04T00:59:07.846+0000,0,AVRO,,3,AVRO-559,104.0,111,1,Fixed,1344.66627259,559,1,0,0,0,3,6
Closed,Major,2010-08-25T19:01:47.331+0000,Bug,hammer,2010-06-03T11:11:24.690+0000,2010-06-03T17:53:47.195+0000,0,AVRO,,3,AVRO-558,260.0,93,1,Won't Fix,1271.9408212,558,1,1,0,0,3,6
Closed,Major,2010-09-08T21:07:52.168+0000,Improvement,kevinoliver,2010-06-02T20:12:22.189+0000,2010-08-10T22:20:31.235+0000,0,AVRO,cutting,21,AVRO-557,252.0,31,3,Fixed,1257.85326539,557,1,1,1,1,2,6
Closed,Major,2010-06-14T01:37:07.871+0000,Improvement,wrightd,2010-05-31T20:12:44.229+0000,2010-06-06T02:16:10.226+0000,0,AVRO,,3,AVRO-556,845.0,61,1,Fixed,1344.66627808,556,1,0,1,0,0,5
Closed,Major,2010-06-14T01:37:07.508+0000,Bug,jmhodges,2010-05-30T04:51:59.425+0000,2010-05-30T04:59:28.285+0000,0,AVRO,jmhodges,1,AVRO-555,357.0,22,0,Fixed,1344.66628229,555,1,0,1,0,6,5
Closed,Major,2010-06-14T01:37:07.054+0000,Bug,grantr,2010-05-27T17:56:52.504+0000,2010-06-01T03:40:25.281+0000,0,AVRO,grantr,12,AVRO-554,140.0,57,1,Fixed,1344.66628743,554,1,0,2,0,3,5
Open,Major,2010-08-25T19:10:41.332+0000,Improvement,brucem,2010-05-25T12:41:48.420+0000,,0,AVRO,brucem,1,AVRO-553,402.0,56,0,,1364.20469772,553,1,0,0,0,1,5
Closed,Major,2012-09-25T21:24:32.030+0000,Sub-task,brucem,2010-05-25T08:37:42.033+0000,2012-04-28T19:44:26.620+0000,0,AVRO,brucem,3,AVRO-552,,25,0,Fixed,509.841692966,552,1,0,0,0,1,5
Closed,Major,2013-05-02T02:29:32.908+0000,Improvement,brucem,2010-05-25T02:33:23.263+0000,2012-04-28T19:41:42.390+0000,0,AVRO,,9,AVRO-551,68.0,32,0,Fixed,615.899288535,551,1,0,2,0,1,5
Closed,Major,2013-05-02T02:29:32.911+0000,Improvement,brucem,2010-05-25T02:04:10.041+0000,2011-01-11T18:34:22.659+0000,0,AVRO,,1,AVRO-550,372.0,27,0,Won't Fix,1073.70824608,550,1,0,0,0,1,5
Closed,Major,2011-03-12T00:32:53.951+0000,New Feature,brucem,2010-05-23T09:04:12.822+0000,2011-01-11T15:06:59.160+0000,0,AVRO,dcreager,4,AVRO-549,89.0,54,1,Fixed,1073.7108837,549,1,0,0,0,6,5
Closed,Major,2010-06-14T01:37:06.567+0000,Bug,hammer,2010-05-22T01:46:18.933+0000,2010-05-24T10:16:22.376+0000,0,AVRO,hammer,6,AVRO-548,612.0,67,1,Fixed,1344.66629319,548,1,0,0,0,5,5
Open,Major,2011-12-13T19:08:34.155+0000,New Feature,hammer,2010-05-19T20:24:18.398+0000,,0,AVRO,,0,AVRO-547,,68,2,,1369.88351743,547,1,0,0,0,2,5
Open,Major,2011-12-13T19:06:45.306+0000,Improvement,hammer,2010-05-19T04:18:09.432+0000,,0,AVRO,,0,AVRO-546,,127,1,,1370.55445454,546,1,1,0,0,2,5
Closed,Blocker,2011-03-12T00:32:54.497+0000,Sub-task,owen.omalley,2010-05-18T23:12:28.636+0000,2010-12-16T00:40:55.671+0000,1,AVRO,scott_carey,12,AVRO-545,100.0,39,2,Duplicate,1073.71087739,545,1,1,1,0,1,5
Closed,Major,2010-09-08T21:07:51.649+0000,New Feature,hammer,2010-05-18T02:32:18.470+0000,2010-07-19T22:11:00.285+0000,0,AVRO,hammer,21,AVRO-544,152.0,70,1,Fixed,1257.85327142,544,1,1,0,0,1,5
Closed,Major,2010-06-14T01:37:06.249+0000,Improvement,jmhodges,2010-05-15T04:10:13.214+0000,2010-05-19T22:31:00.042+0000,0,AVRO,jmhodges,3,AVRO-543,74.0,37,0,Fixed,1344.66629687,543,1,0,1,0,5,5
Closed,Major,2010-08-25T19:01:46.625+0000,Bug,dbritsch,2010-05-14T18:39:41.663+0000,2010-05-14T19:04:11.849+0000,0,AVRO,,2,AVRO-542,431.0,19,1,Duplicate,1271.94082939,542,1,1,1,0,4,5
Closed,Critical,2010-09-08T21:07:51.281+0000,Bug,cutting,2010-05-13T22:42:19.961+0000,2010-08-24T21:24:10.273+0000,0,AVRO,scott_carey,11,AVRO-541,726.0,40,1,Fixed,1257.85327556,541,1,1,0,0,3,5
Closed,Minor,2010-09-08T21:07:47.924+0000,New Feature,urandom,2010-05-13T21:01:47.597+0000,2010-05-13T21:56:53.039+0000,0,AVRO,urandom,3,AVRO-540,568.0,28,0,Fixed,1257.85331454,540,1,1,1,0,3,5
Closed,Major,2011-12-13T19:06:45.694+0000,New Feature,hammer,2010-05-11T17:17:21.030+0000,2011-06-16T09:35:35.971+0000,2,AVRO,jbaldassari,32,AVRO-539,,91,4,Fixed,919.884767534,539,1,1,0,0,1,5
Open,Major,2010-05-05T23:22:20.896+0000,Bug,raelity,2010-05-05T23:22:20.896+0000,,0,AVRO,,0,AVRO-538,862.0,93,0,,1383.75987742,538,1,0,1,0,2,5
Closed,Major,2011-12-16T17:45:27.345+0000,Bug,jmhodges,2010-05-05T07:04:02.591+0000,2010-10-08T21:06:38.265+0000,0,AVRO,gabortorok,5,AVRO-537,104.0,53,2,Fixed,1221.93732244,537,1,0,1,0,2,5
Open,Major,2010-08-26T19:57:59.567+0000,Bug,jmhodges,2010-05-05T00:42:39.677+0000,,0,AVRO,jmhodges,0,AVRO-536,166.0,57,0,,1384.70410449,536,1,0,0,0,2,5
Closed,Major,2010-08-25T19:01:46.071+0000,Bug,wanliyang,2010-04-30T21:54:53.527+0000,2010-05-05T05:46:32.139+0000,0,AVRO,jmhodges,2,AVRO-535,1622.0,21,0,Invalid,1271.9408357,535,1,0,1,0,4,4
Closed,Trivial,2010-09-08T21:07:47.489+0000,New Feature,qwertymaniac,2010-04-30T12:31:01.686+0000,2010-08-23T19:19:55.184+0000,0,AVRO,qwertymaniac,10,AVRO-534,1008.0,79,2,Fixed,1257.85331925,534,1,1,1,1,4,4
Closed,Major,2011-05-17T12:35:27.560+0000,New Feature,hammer,2010-04-29T07:36:12.732+0000,2011-03-31T21:22:56.214+0000,9,AVRO,dona,58,AVRO-533,,27,13,Fixed,1017.93233503,533,1,0,1,0,3,4
Open,Major,2010-09-08T13:58:20.085+0000,Improvement,cutting,2010-04-28T23:45:45.802+0000,,0,AVRO,,5,AVRO-532,120.0,53,5,,1390.74361694,532,1,1,0,0,2,4
Open,Major,2010-04-28T08:03:51.511+0000,Improvement,jmhodges,2010-04-28T07:35:49.824+0000,,0,AVRO,jmhodges,1,AVRO-531,492.0,71,0,,1391.4171815,531,1,0,1,0,2,4
Open,Major,2012-10-01T17:30:16.921+0000,Improvement,jmhodges,2010-04-28T07:30:27.153+0000,,1,AVRO,,10,AVRO-530,832.0,46,3,,1391.42091612,530,1,0,1,0,2,4
Closed,Major,2010-09-08T21:14:57.348+0000,Bug,wanliyang,2010-04-28T00:06:01.180+0000,2010-04-28T07:39:06.989+0000,0,AVRO,,3,AVRO-529,1983.0,37,0,Won't Fix,1257.8483443,529,1,0,1,0,2,4
Closed,Major,2010-12-29T09:00:53.476+0000,New Feature,esteve,2010-04-25T16:30:08.285+0000,2010-08-26T21:17:31.663+0000,7,AVRO,esteve,13,AVRO-528,213.0,23,2,Fixed,1257.85332367,528,1,0,0,0,6,4
Closed,Minor,2010-08-30T10:39:43.868+0000,Bug,esteve,2010-04-25T12:30:11.093+0000,2010-05-07T08:04:01.203+0000,0,AVRO,esteve,3,AVRO-527,141.0,31,1,Fixed,1344.66630403,527,1,0,0,0,6,4
Closed,Minor,2010-08-30T10:39:50.154+0000,Improvement,esteve,2010-04-25T12:24:40.509+0000,2010-05-07T07:54:15.943+0000,0,AVRO,esteve,4,AVRO-526,170.0,63,1,Fixed,1344.66631055,526,1,0,0,0,6,4
Closed,Minor,2010-08-30T10:39:54.955+0000,Improvement,esteve,2010-04-25T12:19:33.887+0000,2010-05-07T07:37:17.080+0000,0,AVRO,esteve,3,AVRO-525,73.0,21,1,Fixed,1344.66631556,525,1,0,0,0,6,4
Closed,Major,2010-06-14T01:37:04.210+0000,Bug,thiru_mg,2010-04-24T02:33:29.104+0000,2010-04-27T08:05:11.396+0000,0,AVRO,thiru_mg,4,AVRO-524,682.0,72,0,Fixed,1344.6663204,524,1,1,0,0,5,4
Open,Major,2013-06-24T08:42:48.477+0000,Bug,jplevyak,2010-04-22T18:06:48.776+0000,,0,AVRO,,0,AVRO-523,488.0,60,1,,1396.9789992,523,1,0,0,0,3,4
Open,Major,2010-04-22T16:45:04.878+0000,Bug,jplevyak,2010-04-22T16:45:04.878+0000,,0,AVRO,,0,AVRO-522,177.0,62,1,,1397.03575728,522,1,0,0,0,3,4
Closed,Major,2010-09-08T21:07:46.808+0000,Bug,thiru_mg,2010-04-19T11:16:24.708+0000,2010-04-23T14:04:50.155+0000,0,AVRO,thiru_mg,3,AVRO-521,107.0,61,0,Fixed,1257.85332738,521,1,1,1,0,0,4
Closed,Major,2010-05-11T14:54:51.330+0000,Improvement,sbanacho,2010-04-17T23:05:08.369+0000,2010-04-18T17:19:53.931+0000,0,AVRO,,1,AVRO-520,680.0,24,0,Fixed,1378.11230291,520,1,0,0,0,5,4
Open,Major,2010-04-29T18:24:19.692+0000,New Feature,jplevyak,2010-04-17T18:17:23.146+0000,,2,AVRO,,6,AVRO-519,1925.0,40,2,,1401.97165696,519,1,0,0,0,5,4
Closed,Major,2010-09-08T21:10:11.405+0000,Bug,jplevyak,2010-04-15T17:10:46.202+0000,2010-04-17T16:34:35.197+0000,0,AVRO,jplevyak,2,AVRO-518,301.0,78,0,Fixed,1257.85333187,518,1,0,0,0,3,4
Closed,Critical,2010-06-14T01:37:03.613+0000,Bug,scott_carey,2010-04-15T17:06:08.911+0000,2010-04-19T11:12:37.851+0000,0,AVRO,thiru_mg,5,AVRO-517,174.0,37,1,Fixed,1344.6663274,517,1,1,1,0,3,4
Closed,Major,2010-06-14T01:37:03.289+0000,Bug,jmhodges,2010-04-11T23:12:33.089+0000,2010-04-12T10:29:31.797+0000,0,AVRO,jmhodges,2,AVRO-516,165.0,61,0,Fixed,1344.66633118,516,1,0,0,0,6,4
Closed,Major,2010-09-08T21:10:34.580+0000,Bug,sbanacho,2010-04-11T17:00:43.206+0000,2010-04-11T17:41:10.998+0000,0,AVRO,sbanacho,2,AVRO-515,305.0,36,0,Fixed,1257.85333613,515,1,0,0,0,6,4
Closed,Major,2010-06-14T01:37:02.973+0000,Improvement,jmhodges,2010-04-09T00:22:56.356+0000,2010-04-12T09:17:10.741+0000,0,AVRO,jmhodges,2,AVRO-514,45.0,55,0,Fixed,1344.66633483,514,1,0,0,0,4,4
Closed,Major,2010-09-08T21:07:45.691+0000,Improvement,cutting,2010-04-08T23:24:18.168+0000,2010-07-22T18:26:55.010+0000,0,AVRO,cutting,14,AVRO-513,291.0,69,2,Duplicate,1257.85334042,513,1,1,0,0,3,4
Closed,Major,2011-06-29T22:05:19.168+0000,New Feature,cutting,2010-04-06T18:23:19.436+0000,2010-06-15T18:22:12.366+0000,0,AVRO,cutting,10,AVRO-512,342.0,49,8,Fixed,1257.85334455,512,1,1,0,0,1,4
Closed,Major,2010-06-14T01:37:02.590+0000,Improvement,jmhodges,2010-04-06T09:17:58.906+0000,2010-04-27T18:19:06.525+0000,0,AVRO,jmhodges,4,AVRO-511,59.0,43,1,Fixed,1344.66633928,511,2,0,1,0,1,4
Closed,Major,2010-09-08T21:07:44.901+0000,Bug,neopallium,2010-04-06T01:39:24.198+0000,2010-08-25T21:40:11.286+0000,0,AVRO,neopallium,4,AVRO-510,143.0,41,1,Fixed,1257.85334957,510,1,0,1,0,1,4
Open,Major,2010-04-05T20:59:45.984+0000,Bug,jmhodges,2010-04-05T20:59:19.640+0000,,0,AVRO,jmhodges,0,AVRO-509,167.0,56,0,,1413.85919756,509,1,0,1,0,0,4
Closed,Major,2010-09-08T21:12:45.018+0000,Improvement,sbanacho,2010-04-05T17:28:26.761+0000,2010-04-08T16:48:33.758+0000,0,AVRO,sbanacho,2,AVRO-508,903.0,61,0,Fixed,1257.85335278,508,1,0,0,0,0,4
Open,Major,2011-12-13T19:08:34.023+0000,Improvement,hammer,2010-04-05T14:36:25.577+0000,,0,AVRO,,1,AVRO-507,223.0,58,1,,1414.12510107,507,1,0,0,0,0,4
Open,Major,2010-04-05T06:34:56.518+0000,Improvement,jmhodges,2010-04-05T06:34:42.497+0000,,0,AVRO,,0,AVRO-506,258.0,68,0,,1414.45962746,506,1,1,1,0,0,4
Closed,Critical,2010-08-25T19:01:45.482+0000,Bug,jmhodges,2010-04-05T06:25:54.915+0000,2010-04-06T21:58:43.144+0000,0,AVRO,,5,AVRO-505,100.0,55,0,Invalid,1271.94084232,505,1,1,1,0,0,4
Closed,Major,2010-06-14T01:37:02.271+0000,Improvement,jmhodges,2010-04-05T05:51:03.903+0000,2010-04-07T04:54:39.537+0000,0,AVRO,jmhodges,1,AVRO-504,75.0,61,0,Fixed,1344.66634298,504,1,0,1,0,0,4
Open,Major,2010-04-05T17:50:36.694+0000,Bug,urandom,2010-04-04T23:08:09.038+0000,,0,AVRO,,8,AVRO-503,3228.0,47,1,,1414.76973694,503,2,1,1,0,6,4
Closed,Major,2010-09-08T21:07:44.248+0000,Bug,neopallium,2010-04-04T02:38:59.883+0000,2010-04-04T15:22:11.587+0000,0,AVRO,neopallium,10,AVRO-502,150.0,37,1,Fixed,1257.85335715,502,1,0,1,0,6,4
Closed,Major,2010-09-08T21:07:43.829+0000,Bug,neopallium,2010-04-03T13:45:43.028+0000,2010-08-25T19:24:00.389+0000,0,AVRO,neopallium,5,AVRO-501,72.0,75,0,Fixed,1257.85336186,501,1,0,1,0,5,4
Closed,Major,2010-06-14T01:37:01.998+0000,Bug,jmhodges,2010-04-03T01:09:12.124+0000,2010-04-06T05:56:18.279+0000,0,AVRO,jmhodges,3,AVRO-500,154.0,23,0,Fixed,1344.66634615,500,1,0,1,0,5,4
Closed,Major,2011-08-30T19:22:18.575+0000,Bug,cutting,2010-04-02T21:40:10.455+0000,2010-05-13T22:27:07.603+0000,0,AVRO,cutting,6,AVRO-499,315.0,66,2,Fixed,1344.66635058,499,1,1,1,0,4,4
Closed,Major,2010-09-08T21:14:56.894+0000,Improvement,sbanacho,2010-04-02T18:23:41.965+0000,2010-08-24T21:16:28.597+0000,0,AVRO,,5,AVRO-498,595.0,39,0,Duplicate,1257.84834967,498,1,0,0,0,4,4
Closed,Major,2010-09-08T21:12:45.615+0000,Improvement,sbanacho,2010-04-02T17:15:26.044+0000,2010-04-05T17:10:57.851+0000,0,AVRO,sbanacho,1,AVRO-497,504.0,30,0,Fixed,1257.85336538,497,1,0,0,0,4,4
Closed,Major,2010-06-14T01:37:01.244+0000,Bug,jmhodges,2010-04-02T04:51:09.894+0000,2010-04-05T01:00:49.675+0000,0,AVRO,hammer,4,AVRO-496,465.0,38,1,Fixed,1344.66635476,496,1,0,0,0,4,4
Closed,Major,2010-10-05T05:26:34.894+0000,Improvement,urandom,2010-04-02T01:14:47.532+0000,2010-08-18T21:25:42.856+0000,0,AVRO,cutting,10,AVRO-495,45.0,32,4,Fixed,1257.85336971,495,1,1,1,0,4,4
Closed,Minor,2010-09-08T21:07:42.704+0000,Improvement,urandom,2010-04-02T01:12:41.633+0000,2010-07-01T20:35:48.801+0000,0,AVRO,cutting,11,AVRO-494,80.0,42,4,Fixed,1257.85337502,494,1,1,1,0,4,4
Closed,Major,2010-09-11T01:44:05.704+0000,New Feature,cutting,2010-03-30T21:43:51.837+0000,2010-04-01T18:46:09.694+0000,0,AVRO,cutting,12,AVRO-493,76.0,38,9,Fixed,1257.85338877,493,1,1,0,0,1,3
Open,Major,2010-03-27T02:02:19.387+0000,Bug,jmhodges,2010-03-27T01:39:16.760+0000,,0,AVRO,jmhodges,3,AVRO-492,272.0,60,1,,1423.66478647,492,1,0,1,0,5,3
Closed,Minor,2010-06-14T01:37:00.957+0000,Improvement,jmhodges,2010-03-26T20:51:26.945+0000,2010-04-03T02:26:40.597+0000,0,AVRO,jmhodges,2,AVRO-491,131.0,52,1,Fixed,1344.66635821,491,1,0,1,0,4,3
Closed,Major,2010-04-01T16:50:45.852+0000,Improvement,cutting,2010-03-24T23:52:28.901+0000,2010-03-25T18:46:24.199+0000,0,AVRO,cutting,3,AVRO-490,77.0,38,1,Fixed,1418.03181086,490,2,1,0,0,2,3
Closed,Major,2010-09-08T21:07:41.188+0000,Bug,jmhodges,2010-03-24T08:56:51.299+0000,2010-04-03T02:22:15.755+0000,0,AVRO,jmhodges,3,AVRO-489,89.0,47,1,Fixed,1257.85339249,489,1,0,1,0,2,3
Open,Minor,2010-03-23T14:37:00.778+0000,Bug,amichai,2010-03-23T14:37:00.778+0000,,1,AVRO,,0,AVRO-488,254.0,25,1,,1427.12469368,488,1,0,0,0,1,3
Closed,Major,2010-04-01T16:50:45.639+0000,Bug,cutting,2010-03-22T23:58:48.492+0000,2010-03-24T19:50:25.879+0000,0,AVRO,cutting,3,AVRO-487,81.0,44,1,Fixed,1418.03181334,487,1,1,1,0,0,3
Closed,Minor,2010-06-14T01:37:00.540+0000,Improvement,jmhodges,2010-03-21T01:44:31.860+0000,2010-04-03T02:17:03.652+0000,0,AVRO,jmhodges,3,AVRO-486,147.0,29,1,Fixed,1344.66636303,486,1,0,1,0,6,3
Closed,Major,2012-12-10T17:57:35.635+0000,Wish,brucem,2010-03-20T05:56:36.206+0000,2012-10-08T23:26:45.806+0000,1,AVRO,sqs,15,AVRO-485,335.0,28,10,Fixed,433.985401332,485,0,0,0,0,5,3
Open,Major,2010-03-19T22:50:33.320+0000,Improvement,xingjin,2010-03-19T19:01:49.824+0000,,0,AVRO,,3,AVRO-484,518.0,25,4,,1430.94079269,484,1,0,0,4,4,3
Closed,Major,2010-03-22T23:22:19.114+0000,Bug,sandys,2010-03-19T12:18:39.950+0000,2010-03-19T20:56:15.762+0000,0,AVRO,,2,AVRO-483,6299.0,64,0,Duplicate,1427.75989786,483,1,0,1,0,4,3
Open,Major,2011-04-26T22:50:23.103+0000,Improvement,hammer,2010-03-19T09:23:16.555+0000,,0,AVRO,,7,AVRO-482,84.0,79,1,,1431.34256664,482,1,0,0,0,4,3
Closed,Major,2010-04-01T16:50:45.580+0000,Improvement,brucem,2010-03-18T16:20:18.021+0000,2010-03-18T16:54:30.758+0000,0,AVRO,brucem,1,AVRO-481,26.0,22,0,Fixed,1418.031814,481,1,0,0,0,3,3
Closed,Major,2010-04-01T16:50:45.520+0000,Bug,brucem,2010-03-17T22:09:12.339+0000,2010-03-17T23:21:52.918+0000,0,AVRO,brucem,1,AVRO-480,144.0,50,0,Fixed,1418.03181473,480,1,0,0,0,2,3
Closed,Major,2010-04-01T16:50:45.425+0000,Bug,cutting,2010-03-17T21:33:10.909+0000,2010-03-17T22:32:24.532+0000,0,AVRO,cutting,1,AVRO-479,158.0,42,0,Fixed,1418.03181565,479,1,0,1,0,2,3
Closed,Major,2011-03-12T00:36:42.014+0000,Wish,plaes,2010-03-17T11:34:43.828+0000,2010-12-16T01:14:54.005+0000,0,AVRO,,5,AVRO-478,72.0,26,0,Not A Problem,1073.70824419,478,1,0,0,0,2,3
Closed,Major,2010-03-22T23:22:19.041+0000,Wish,brucem,2010-03-16T08:38:24.259+0000,2010-03-18T17:12:53.247+0000,0,AVRO,massie,6,AVRO-477,191.0,9,1,Fixed,1427.75989883,477,2,0,0,0,1,3
Open,Major,2010-03-16T18:44:23.041+0000,Improvement,brucem,2010-03-16T08:16:16.692+0000,,0,AVRO,,1,AVRO-476,140.0,45,0,,1434.38909284,476,1,0,0,0,1,3
Closed,Major,2011-11-01T18:36:01.372+0000,Sub-task,brucem,2010-03-16T08:11:37.699+0000,2011-10-15T14:11:21.422+0000,0,AVRO,dcreager,2,AVRO-475,222.0,33,0,Won't Fix,838.958714588,475,1,0,0,1,1,3
Closed,Major,2011-11-01T18:35:56.532+0000,Sub-task,brucem,2010-03-16T08:10:16.822+0000,2011-10-15T14:08:59.080+0000,0,AVRO,dcreager,2,AVRO-474,112.0,22,0,Fixed,838.958770376,474,1,0,0,1,1,3
Closed,Major,2011-11-01T18:36:03.819+0000,Sub-task,brucem,2010-03-16T08:07:25.294+0000,2011-10-15T14:09:40.121+0000,0,AVRO,dcreager,3,AVRO-473,54.0,47,0,Won't Fix,838.958686269,473,1,0,0,1,1,3
Closed,Major,2011-11-01T18:36:09.371+0000,Sub-task,brucem,2010-03-16T08:05:50.449+0000,2011-10-15T14:12:32.080+0000,0,AVRO,dcreager,2,AVRO-472,89.0,33,0,Won't Fix,838.958622011,472,1,0,0,1,1,3
Closed,Major,2011-11-01T18:36:00.258+0000,Sub-task,brucem,2010-03-16T08:04:59.241+0000,2011-10-15T14:12:46.047+0000,0,AVRO,dcreager,2,AVRO-471,,28,0,Won't Fix,838.958727499,471,1,0,0,1,1,3
Closed,Major,2011-08-12T20:22:30.716+0000,Sub-task,brucem,2010-03-16T08:04:13.624+0000,2011-05-31T14:42:42.571+0000,0,AVRO,dcreager,2,AVRO-470,104.0,37,0,Fixed,919.884762165,470,1,0,0,1,1,3
Closed,Major,2011-08-12T20:22:30.993+0000,Sub-task,brucem,2010-03-16T08:02:27.779+0000,2011-05-31T15:01:31.517+0000,0,AVRO,dcreager,2,AVRO-469,81.0,55,0,Fixed,919.88476065,469,1,0,0,1,1,3
Closed,Major,2011-11-01T18:36:09.171+0000,Sub-task,brucem,2010-03-16T07:59:09.804+0000,2011-10-15T14:33:00.003+0000,0,AVRO,dcreager,1,AVRO-468,149.0,47,0,Fixed,838.958624332,468,1,0,0,1,1,3
Closed,Major,2011-11-01T18:36:08.997+0000,Improvement,brucem,2010-03-16T07:57:37.410+0000,2011-10-24T15:02:14.486+0000,0,AVRO,dcreager,8,AVRO-467,105.0,68,0,Fixed,838.95862636,467,1,0,1,1,1,3
Reopened,Major,2010-08-25T19:10:43.558+0000,Improvement,brucem,2010-03-16T06:13:34.483+0000,,0,AVRO,brucem,2,AVRO-466,329.0,64,0,,1271.950492,466,1,0,1,0,1,3
Closed,Major,2010-09-08T21:07:40.759+0000,Bug,jmhodges,2010-03-15T16:16:02.004+0000,2010-04-04T15:26:13.663+0000,0,AVRO,,8,AVRO-465,879.0,68,2,Fixed,1257.85339746,465,1,0,1,0,0,3
Closed,Major,2011-08-12T20:22:31.365+0000,Improvement,brucem,2010-03-15T05:08:00.145+0000,2011-07-14T23:43:10.285+0000,0,AVRO,dcreager,6,AVRO-464,129.0,63,1,Won't Fix,919.884756365,464,1,0,0,0,0,3
Closed,Blocker,2011-03-12T00:32:49.929+0000,Improvement,jmhodges,2010-03-14T05:38:52.992+0000,2011-02-25T16:08:49.337+0000,0,AVRO,dcreager,2,AVRO-463,346.0,48,1,Fixed,1073.71093038,463,1,0,1,0,6,3
Open,Major,2010-08-25T19:10:42.113+0000,Bug,jmhodges,2010-03-14T05:33:15.259+0000,,0,AVRO,,1,AVRO-462,438.0,59,2,,1436.50230389,462,1,0,1,0,6,3
Closed,Major,2010-06-14T01:36:57.288+0000,Bug,jmhodges,2010-03-14T02:05:35.379+0000,2010-04-03T02:14:39.385+0000,0,AVRO,jmhodges,6,AVRO-461,160.0,32,1,Fixed,1344.66640049,461,1,0,1,0,6,3
Closed,Major,2010-03-22T23:19:16.830+0000,Improvement,brucem,2010-03-12T17:28:05.422+0000,2010-03-12T18:07:57.977+0000,0,AVRO,brucem,2,AVRO-460,113.0,39,0,Fixed,1427.76200793,460,1,0,1,0,4,3
Open,Major,2010-03-13T22:01:48.028+0000,New Feature,kimballa,2010-03-12T03:57:55.021+0000,,0,AVRO,,2,AVRO-459,189.0,50,5,,1438.56851035,459,1,1,0,0,4,3
Closed,Major,2012-02-15T00:49:22.510+0000,New Feature,cutting,2010-03-10T19:21:10.431+0000,2012-01-24T16:07:07.864+0000,0,AVRO,,6,AVRO-458,113.0,61,5,Duplicate,733.699442022,458,1,1,0,1,2,3
Open,Major,2011-12-13T19:06:51.078+0000,New Feature,cutting,2010-03-10T19:17:43.153+0000,,0,AVRO,,1,AVRO-457,113.0,61,4,,1439.92975883,457,1,1,0,1,2,3
Closed,Major,2012-02-15T00:49:23.880+0000,New Feature,cutting,2010-03-10T19:10:51.920+0000,2012-01-24T16:08:03.071+0000,0,AVRO,pwendell,2,AVRO-456,116.0,62,6,Duplicate,733.699426215,456,1,1,0,1,2,3
Closed,Minor,2010-03-22T23:19:16.787+0000,Improvement,dmdabbs,2010-03-08T17:03:38.720+0000,2010-03-08T23:10:33.791+0000,0,AVRO,dmdabbs,3,AVRO-455,109.0,38,1,Fixed,1427.76200831,455,1,1,1,0,0,3
Closed,Minor,2010-03-22T23:19:16.733+0000,Improvement,ijuma,2010-03-06T13:23:31.183+0000,2010-03-12T21:14:00.696+0000,0,AVRO,cutting,1,AVRO-454,70.0,61,2,Fixed,1427.76200907,454,1,1,1,0,5,3
Closed,Major,2010-03-22T23:19:16.704+0000,Improvement,brucem,2010-03-05T16:29:13.557+0000,2010-03-05T19:50:54.215+0000,0,AVRO,brucem,1,AVRO-453,141.0,20,0,Fixed,1427.7620094,453,1,0,0,0,4,3
Closed,Major,2010-03-22T23:19:16.674+0000,Improvement,brucem,2010-03-05T16:26:32.770+0000,2010-03-05T19:39:09.387+0000,0,AVRO,brucem,1,AVRO-452,229.0,15,0,Fixed,1427.76200974,452,1,0,1,0,4,3
Closed,Major,2010-06-30T10:24:29.532+0000,Improvement,hammer,2010-03-04T20:34:09.579+0000,2010-03-19T08:47:03.196+0000,0,AVRO,hammer,2,AVRO-451,288.0,84,0,Fixed,1418.03182047,451,1,0,1,0,3,3
Closed,Blocker,2010-06-14T01:36:56.371+0000,Bug,phunt,2010-03-04T07:40:26.957+0000,2010-04-06T05:52:44.846+0000,0,AVRO,jmhodges,10,AVRO-450,1712.0,72,1,Fixed,1344.66641127,450,2,0,1,0,3,3
Closed,Major,2010-04-01T16:50:44.930+0000,New Feature,brucem,2010-03-04T05:39:15.435+0000,2010-03-15T22:06:08.066+0000,0,AVRO,brucem,8,AVRO-449,325.0,35,1,Fixed,1418.0318214,449,1,0,1,1,3,3
Closed,Major,2010-03-22T23:19:16.616+0000,Bug,brucem,2010-03-03T07:21:59.002+0000,2010-03-04T02:41:21.005+0000,0,AVRO,brucem,4,AVRO-448,26.0,55,0,Fixed,1427.76201042,448,1,0,1,0,2,3
Closed,Blocker,2010-09-08T21:07:40.304+0000,Bug,cutting,2010-03-03T01:07:20.670+0000,2010-06-10T22:36:18.038+0000,0,AVRO,cutting,10,AVRO-447,679.0,30,1,Fixed,1257.85340275,447,1,0,1,0,2,3
Closed,Major,2010-03-22T23:19:16.589+0000,Improvement,cutting,2010-03-03T00:59:50.222+0000,2010-03-12T20:55:48.751+0000,0,AVRO,cutting,1,AVRO-446,329.0,64,1,Fixed,1427.76201074,446,1,0,1,0,2,3
Closed,Major,2010-03-22T23:19:16.547+0000,New Feature,brucem,2010-03-02T18:00:43.590+0000,2010-03-04T02:17:01.180+0000,0,AVRO,brucem,3,AVRO-445,613.0,80,0,Fixed,1427.76201122,445,1,0,1,0,1,3
Closed,Major,2010-03-22T23:19:16.492+0000,Improvement,brucem,2010-03-02T15:01:41.085+0000,2010-03-04T03:06:31.491+0000,0,AVRO,brucem,2,AVRO-444,,12,1,Fixed,1427.76201187,444,1,0,0,0,1,3
Closed,Major,2010-03-22T23:19:16.460+0000,Sub-task,brucem,2010-03-02T11:06:52.997+0000,2010-03-04T02:38:45.104+0000,0,AVRO,brucem,3,AVRO-443,234.0,67,0,Fixed,1427.76201224,443,1,0,0,0,1,3
Closed,Major,2010-03-22T23:19:16.407+0000,Sub-task,brucem,2010-03-02T11:02:06.235+0000,2010-03-04T03:01:29.868+0000,0,AVRO,brucem,2,AVRO-442,471.0,55,0,Fixed,1427.76201273,442,1,0,1,0,1,3
Closed,Major,2012-01-24T16:03:01.315+0000,Bug,brucem,2010-03-02T10:58:58.023+0000,2012-01-24T16:02:50.115+0000,0,AVRO,brucem,5,AVRO-441,207.0,42,1,Fixed,755.064965301,441,1,0,1,0,1,3
Closed,Major,2010-03-22T23:19:16.348+0000,Bug,brucem,2010-03-02T10:35:39.500+0000,2010-03-05T19:54:45.485+0000,0,AVRO,brucem,4,AVRO-440,514.0,34,0,Fixed,1427.76201353,440,1,0,1,0,1,3
Closed,Minor,2010-03-22T23:19:16.288+0000,Improvement,brucem,2010-03-02T09:46:02.053+0000,2010-03-03T02:49:31.078+0000,0,AVRO,brucem,6,AVRO-439,129.0,56,0,Fixed,1427.7620139,439,1,0,1,0,1,3
Closed,Trivial,2010-03-23T14:09:26.658+0000,Improvement,amichai,2010-03-02T01:36:44.416+0000,2010-03-03T23:13:11.618+0000,0,AVRO,amichai,4,AVRO-438,2369.0,48,2,Fixed,1427.76201462,438,1,0,1,0,1,3
Closed,Trivial,2010-03-22T23:19:15.896+0000,Bug,amichai,2010-03-02T00:36:50.737+0000,2010-03-03T00:35:08.918+0000,0,AVRO,amichai,2,AVRO-437,16.0,22,2,Fixed,1427.76201848,437,2,0,1,0,1,3
Open,Minor,2010-03-01T19:44:57.699+0000,Wish,jbellis,2010-03-01T19:41:58.494+0000,,0,AVRO,,0,AVRO-436,312.0,29,3,,1448.91291464,436,1,0,0,0,0,3
Open,Minor,2010-03-02T18:00:07.116+0000,New Feature,jbellis,2010-03-01T19:40:02.712+0000,,0,AVRO,,5,AVRO-435,114.0,22,2,,1448.91425471,435,1,0,0,0,0,3
Open,Major,2010-10-31T18:49:19.335+0000,Improvement,salamat,2010-02-27T00:44:44.325+0000,,0,AVRO,salamat,3,AVRO-434,253.0,43,1,,1451.70266197,434,1,0,1,0,5,2
Closed,Major,2010-03-22T23:19:15.868+0000,Bug,cutting,2010-02-26T23:52:57.382+0000,2010-03-03T23:51:58.456+0000,0,AVRO,cutting,3,AVRO-433,80.0,29,0,Fixed,1427.76201911,433,1,1,1,0,4,2
Closed,Major,2010-03-22T23:19:15.838+0000,New Feature,cutting,2010-02-26T00:12:47.943+0000,2010-03-03T23:29:17.511+0000,0,AVRO,cutting,5,AVRO-432,523.0,51,1,Fixed,1427.76201945,432,1,1,1,0,4,2
Closed,Major,2010-03-22T23:19:15.777+0000,Bug,cutting,2010-02-25T19:49:21.833+0000,2010-03-02T19:49:11.777+0000,0,AVRO,cutting,2,AVRO-431,118.0,41,0,Fixed,1427.76202015,431,1,1,1,0,3,2
Closed,Major,2010-03-01T21:47:59.677+0000,Improvement,massie,2010-02-23T18:44:13.854+0000,2010-02-23T18:48:49.825+0000,0,AVRO,massie,2,AVRO-430,242.0,49,0,Fixed,1448.82540095,430,1,0,0,0,1,2
Reopened,Major,2010-02-23T14:40:45.482+0000,Bug,rtyler,2010-02-23T01:13:12.017+0000,,0,AVRO,hammer,2,AVRO-429,931.0,83,1,,1455.12209248,429,1,0,1,0,1,2
Closed,Major,2010-03-01T21:47:59.610+0000,Improvement,massie,2010-02-22T22:21:36.084+0000,2010-02-23T18:25:54.311+0000,0,AVRO,massie,4,AVRO-428,,47,1,Fixed,1448.82540172,428,1,0,0,0,0,2
Open,Major,2011-12-13T19:08:33.831+0000,Improvement,cutting,2010-02-22T21:42:25.577+0000,,0,AVRO,,3,AVRO-427,178.0,38,0,,1455.82926786,427,1,0,0,0,0,2
Closed,Minor,2010-03-22T23:19:15.710+0000,Improvement,kingryan,2010-02-22T17:51:28.437+0000,2010-02-25T00:56:58.310+0000,0,AVRO,kingryan,4,AVRO-426,152.0,33,1,Fixed,1427.76202052,426,1,0,0,0,0,2
Open,Major,2010-02-20T01:34:27.272+0000,Improvement,wolfeidau,2010-02-20T01:31:27.564+0000,,0,AVRO,,1,AVRO-425,227.0,101,1,,1458.67021708,425,0,0,0,2,5,2
Closed,Major,2011-12-13T19:08:34.333+0000,Bug,scott_carey,2010-02-20T00:34:23.240+0000,2010-02-25T00:38:23.129+0000,0,AVRO,scott_carey,6,AVRO-424,465.0,41,1,Fixed,1427.76202166,424,1,0,1,0,5,2
Closed,Major,2010-04-01T16:50:44.762+0000,Improvement,urandom,2010-02-19T19:56:05.719+0000,2010-03-19T09:00:43.919+0000,0,AVRO,urandom,10,AVRO-423,91.0,42,1,Fixed,1418.0318225,423,1,0,1,0,4,2
Closed,Major,2010-03-01T17:09:25.189+0000,Bug,sbanacho,2010-02-19T17:57:36.147+0000,2010-02-19T19:23:36.858+0000,0,AVRO,,2,AVRO-422,558.0,34,0,Fixed,1449.01885568,422,1,0,0,0,4,2
Closed,Major,2010-03-01T17:09:25.130+0000,Bug,cutting,2010-02-19T01:34:32.213+0000,2010-02-19T18:39:45.336+0000,0,AVRO,cutting,3,AVRO-421,167.0,28,1,Fixed,1449.01885636,421,1,0,0,0,4,2
Open,Major,2010-08-25T19:10:40.782+0000,Improvement,hammer,2010-02-18T19:26:43.730+0000,,0,AVRO,,0,AVRO-420,44.0,54,1,,1459.92350221,420,2,0,0,0,3,2
Open,Major,2010-02-18T23:07:48.462+0000,Bug,raymie,2010-02-18T18:32:40.616+0000,,0,AVRO,,3,AVRO-419,2141.0,63,1,,1459.96103825,419,1,0,0,0,3,2
Closed,Major,2010-04-01T16:50:44.687+0000,Bug,massie,2010-02-17T01:58:08.223+0000,2010-03-15T22:38:21.932+0000,0,AVRO,brucem,6,AVRO-418,52.0,49,1,Fixed,1418.0318242,418,1,0,0,0,2,2
Closed,Major,2010-03-01T17:09:25.096+0000,Bug,scott_carey,2010-02-16T23:27:33.078+0000,2010-02-19T01:56:44.498+0000,0,AVRO,scott_carey,2,AVRO-417,352.0,59,0,Fixed,1449.01885677,417,1,1,4,0,1,2
Closed,Major,2010-03-01T17:09:24.988+0000,Bug,ryanobjc,2010-02-15T19:56:28.255+0000,2010-02-16T22:02:20.205+0000,0,AVRO,ryanobjc,5,AVRO-416,271.0,58,1,Fixed,1449.01885739,416,1,1,1,0,0,2
Closed,Major,2010-03-01T17:09:24.926+0000,Improvement,hammer,2010-02-13T06:10:43.706+0000,2010-02-16T21:24:36.923+0000,0,AVRO,jmhodges,9,AVRO-415,1670.0,61,1,Fixed,1449.01885873,415,1,0,0,0,5,2
Closed,Major,2010-03-01T17:09:24.862+0000,New Feature,scott_carey,2010-02-12T18:08:58.137+0000,2010-02-19T23:17:11.248+0000,0,AVRO,scott_carey,8,AVRO-414,286.0,71,1,Fixed,1449.01885936,414,1,1,0,0,4,2
Closed,Major,2010-03-01T17:09:24.830+0000,Bug,jmhodges,2010-02-09T21:30:13.373+0000,2010-02-09T22:38:16.098+0000,0,AVRO,jmhodges,1,AVRO-413,60.0,46,0,Fixed,1449.01885986,413,1,0,0,0,1,2
Closed,Major,2010-03-01T17:09:24.653+0000,Improvement,massie,2010-02-09T18:32:33.474+0000,2010-02-09T20:42:24.178+0000,0,AVRO,massie,1,AVRO-412,129.0,38,0,Fixed,1449.01886191,412,1,0,0,0,1,2
Closed,Major,2010-03-01T17:09:24.616+0000,Bug,jmhodges,2010-02-09T02:34:43.746+0000,2010-02-09T19:37:46.839+0000,0,AVRO,jmhodges,4,AVRO-411,73.0,34,1,Fixed,1449.01886233,411,1,0,0,0,1,2
Closed,Major,2012-02-10T20:46:22.400+0000,Improvement,massie,2010-02-09T02:02:21.850+0000,2010-02-09T02:07:08.893+0000,0,AVRO,massie,1,AVRO-410,173.0,41,1,Fixed,1449.01886271,410,1,0,0,0,1,2
Closed,Major,2010-03-01T17:09:24.529+0000,Improvement,massie,2010-02-06T03:34:20.045+0000,2010-02-06T03:40:36.078+0000,0,AVRO,massie,1,AVRO-409,86.0,83,1,Fixed,1449.01886335,409,1,0,0,0,5,2
Closed,Major,2011-12-13T19:10:04.040+0000,Bug,massie,2010-02-06T01:05:55.824+0000,2010-02-06T01:08:35.753+0000,0,AVRO,massie,2,AVRO-408,42.0,29,0,Fixed,1449.01886371,408,1,0,0,0,5,2
Closed,Blocker,2010-03-01T17:09:24.461+0000,Bug,cutting,2010-02-05T23:16:45.911+0000,2010-02-08T23:38:20.061+0000,0,AVRO,scott_carey,7,AVRO-407,700.0,28,1,Fixed,1449.01886414,407,1,1,0,0,4,2
Closed,Major,2012-07-02T00:11:49.393+0000,New Feature,tlipcon,2010-02-05T22:45:53.288+0000,2010-07-01T21:26:55.139+0000,1,AVRO,coolwhy,28,AVRO-405,617.0,27,12,Fixed,1257.85340785,405,1,1,0,0,4,2
Open,Major,2010-02-06T05:12:38.379+0000,New Feature,tlipcon,2010-02-05T22:39:48.822+0000,,0,AVRO,,2,AVRO-404,549.0,47,4,,1472.78941552,404,2,1,0,0,4,2
Closed,Major,2010-03-01T17:09:24.380+0000,Improvement,massie,2010-02-05T21:04:29.478+0000,2010-02-06T00:57:11.171+0000,0,AVRO,massie,1,AVRO-403,144.0,53,1,Fixed,1449.01886477,403,1,0,0,0,4,2
Closed,Major,2010-03-01T17:09:24.349+0000,New Feature,massie,2010-02-04T21:35:57.101+0000,2010-02-04T21:42:52.648+0000,0,AVRO,massie,1,AVRO-402,134.0,66,0,Fixed,1449.01886543,402,1,0,0,0,3,2
Closed,Major,2010-03-01T17:09:24.294+0000,Bug,tomwhite,2010-02-04T18:19:00.665+0000,2010-02-04T20:47:44.134+0000,0,AVRO,tomwhite,2,AVRO-401,89.0,86,1,Fixed,1449.01886587,401,1,0,1,0,3,2
Closed,Minor,2010-03-01T17:09:23.759+0000,Improvement,eli,2010-02-04T09:53:40.586+0000,2010-02-06T01:16:04.186+0000,0,AVRO,eli,2,AVRO-400,161.0,36,1,Fixed,1449.01887226,400,1,0,0,0,3,2
Closed,Major,2010-03-01T17:09:23.723+0000,Test,hammer,2010-02-04T09:11:17.423+0000,2010-02-11T00:09:16.266+0000,0,AVRO,hammer,10,AVRO-399,,64,1,Fixed,1449.01887268,399,1,0,0,0,3,2
Closed,Major,2010-03-01T17:09:23.684+0000,Bug,eli,2010-02-04T08:58:10.802+0000,2010-02-05T23:49:40.427+0000,0,AVRO,eli,2,AVRO-398,51.0,33,1,Fixed,1449.01887313,398,1,0,0,0,3,2
Closed,Trivial,2010-03-01T17:09:23.619+0000,Improvement,hammer,2010-02-04T08:05:51.161+0000,2010-02-04T08:12:43.034+0000,0,AVRO,hammer,1,AVRO-397,161.0,58,0,Fixed,1449.01887388,397,1,0,0,0,3,2
Closed,Minor,2011-11-01T18:36:00.405+0000,Improvement,eli,2010-02-04T05:00:32.866+0000,2011-07-15T01:24:06.285+0000,0,AVRO,dcreager,3,AVRO-396,,41,2,Fixed,838.958725911,396,1,0,0,0,3,2
Closed,Major,2010-03-01T17:09:23.546+0000,Improvement,eli,2010-02-04T04:48:11.020+0000,2010-02-04T05:03:21.138+0000,0,AVRO,eli,2,AVRO-395,,28,1,Fixed,1449.01887429,395,1,0,0,0,3,2
Closed,Major,2010-03-01T17:09:23.514+0000,Improvement,massie,2010-02-03T23:38:18.515+0000,2010-02-04T00:10:40.890+0000,0,AVRO,massie,1,AVRO-394,231.0,61,1,Fixed,1449.0188751,394,1,0,0,0,2,2
Closed,Minor,2011-12-13T19:06:50.222+0000,New Feature,jmhodges,2010-02-03T23:25:47.316+0000,2010-02-04T00:26:20.740+0000,0,AVRO,jmhodges,4,AVRO-393,230.0,35,1,Fixed,1449.01887641,393,1,1,0,0,2,2
Closed,Critical,2010-03-01T17:09:23.268+0000,Improvement,scott_carey,2010-02-03T10:49:03.198+0000,2010-02-19T21:46:13.351+0000,0,AVRO,scott_carey,47,AVRO-392,2787.0,51,2,Fixed,1449.01887795,392,1,1,0,0,2,2
Open,Major,2010-04-05T17:30:29.560+0000,Bug,urandom,2010-02-01T17:50:58.636+0000,,1,AVRO,,2,AVRO-391,508.0,32,4,,1476.98999639,391,1,1,1,0,0,2
Closed,Major,2010-03-01T17:09:23.236+0000,Bug,thiru_mg,2010-01-31T17:32:46.571+0000,2010-02-02T05:36:00.317+0000,0,AVRO,thiru_mg,2,AVRO-390,438.0,64,0,Fixed,1449.01887834,390,1,1,0,0,6,1
Closed,Major,2010-03-01T17:09:23.178+0000,Bug,thiru_mg,2010-01-31T16:59:24.944+0000,2010-02-02T05:20:48.337+0000,0,AVRO,thiru_mg,2,AVRO-389,242.0,43,0,Fixed,1449.018879,389,1,1,0,0,6,1
Closed,Major,2010-03-01T17:09:23.137+0000,Improvement,thiru_mg,2010-01-30T09:38:29.525+0000,2010-02-03T01:52:47.476+0000,0,AVRO,thiru_mg,7,AVRO-388,3207.0,44,0,Fixed,1449.01887949,388,1,1,0,0,5,1
Closed,Minor,2010-03-01T17:09:23.085+0000,Bug,marmbrus,2010-01-29T22:07:36.060+0000,2010-02-02T21:53:24.095+0000,0,AVRO,cutting,12,AVRO-387,2020.0,77,1,Fixed,1449.01887996,387,1,1,1,0,4,1
Closed,Major,2010-03-01T17:09:22.996+0000,Improvement,philip,2010-01-29T19:10:38.211+0000,2010-02-03T06:49:45.713+0000,0,AVRO,philip,5,AVRO-386,145.0,36,1,Fixed,1449.01888112,386,1,0,1,0,4,1
Closed,Major,2010-03-01T17:09:22.962+0000,Bug,thiru_mg,2010-01-28T07:54:05.169+0000,2010-01-29T10:51:02.069+0000,0,AVRO,thiru_mg,2,AVRO-385,135.0,54,0,Fixed,1449.01888151,385,1,1,0,0,3,1
Closed,Major,2010-03-01T17:09:22.930+0000,Improvement,massie,2010-01-28T02:02:41.949+0000,2010-01-28T04:29:30.751+0000,0,AVRO,massie,1,AVRO-384,196.0,45,0,Fixed,1449.01888188,384,1,0,0,0,3,1
Closed,Major,2010-03-01T17:09:22.848+0000,Improvement,thiru_mg,2010-01-27T17:22:04.916+0000,2010-02-02T05:07:51.352+0000,0,AVRO,thiru_mg,9,AVRO-383,448.0,46,0,Fixed,1449.01888264,383,1,1,0,0,2,1
Closed,Minor,2010-03-01T17:09:22.669+0000,Bug,marmbrus,2010-01-27T02:34:03.186+0000,2010-01-27T17:38:45.452+0000,0,AVRO,marmbrus,4,AVRO-382,2149.0,68,1,Fixed,1449.01888453,382,1,1,1,0,2,1
Closed,Major,2010-03-01T17:09:22.625+0000,Improvement,massie,2010-01-27T02:09:09.042+0000,2010-01-27T02:13:43.782+0000,0,AVRO,massie,1,AVRO-381,,75,0,Fixed,1449.01888543,381,1,0,0,0,2,1
Closed,Major,2010-03-01T17:09:22.570+0000,Improvement,scott_carey,2010-01-27T01:25:04.227+0000,2010-01-29T19:29:22.396+0000,0,AVRO,scott_carey,12,AVRO-380,427.0,70,2,Fixed,1449.01888605,380,3,1,1,0,2,1
Closed,Major,2010-03-01T17:09:22.220+0000,Improvement,massie,2010-01-26T23:51:45.226+0000,2010-01-27T00:00:09.882+0000,0,AVRO,massie,1,AVRO-379,267.0,57,0,Fixed,1449.0188901,379,1,0,0,0,1,1
Closed,Major,2010-03-01T17:09:22.171+0000,Improvement,massie,2010-01-26T19:03:58.022+0000,2010-01-26T19:07:34.006+0000,0,AVRO,massie,1,AVRO-378,174.0,65,0,Fixed,1449.01889067,378,1,0,0,0,1,1
Closed,Major,2010-03-01T17:09:22.097+0000,Improvement,massie,2010-01-26T00:25:27.817+0000,2010-01-26T00:31:35.637+0000,0,AVRO,massie,1,AVRO-377,217.0,48,0,Fixed,1449.01889132,377,1,0,0,0,1,1
Open,Minor,2011-12-13T19:06:48.631+0000,Test,philip,2010-01-25T21:31:42.150+0000,,0,AVRO,,0,AVRO-376,508.0,61,2,,1483.836715,376,1,1,0,0,0,1
Closed,Major,2010-03-01T17:09:21.999+0000,Bug,thiru_mg,2010-01-25T03:18:39.948+0000,2010-01-26T17:37:22.539+0000,0,AVRO,thiru_mg,4,AVRO-375,147.0,40,0,Fixed,1449.01889268,375,1,1,0,0,0,1
Closed,Minor,2010-03-01T17:09:21.957+0000,Bug,thiru_mg,2010-01-24T03:20:28.819+0000,2010-02-16T21:25:04.402+0000,0,AVRO,sbanacho,7,AVRO-374,607.0,79,0,Fixed,1449.01889317,374,1,0,0,0,6,1
Closed,Major,2010-03-01T17:09:21.910+0000,Bug,cutting,2010-01-23T06:01:56.192+0000,2010-01-26T18:36:46.978+0000,0,AVRO,thiru_mg,3,AVRO-373,411.0,35,0,Fixed,1449.0188937,373,1,1,0,0,5,1
Closed,Major,2010-09-08T21:07:39.217+0000,Task,tlipcon,2010-01-23T00:13:15.295+0000,2010-06-18T19:19:46.368+0000,1,AVRO,cutting,12,AVRO-372,263.0,40,2,Fixed,1257.85341544,372,1,1,0,0,5,1
Closed,Major,2010-03-01T17:09:21.861+0000,Improvement,massie,2010-01-23T00:02:10.181+0000,2010-01-23T00:07:34.142+0000,0,AVRO,massie,1,AVRO-371,85.0,40,0,Fixed,1449.01889427,371,1,0,0,0,5,1
Closed,Major,2010-03-01T17:09:21.831+0000,Improvement,massie,2010-01-22T22:30:26.382+0000,2010-01-22T22:38:37.815+0000,0,AVRO,massie,1,AVRO-370,547.0,44,0,Fixed,1449.01889463,370,1,0,0,0,4,1
Closed,Major,2010-03-01T17:09:21.790+0000,Improvement,massie,2010-01-22T20:50:24.248+0000,2010-01-22T20:56:26.534+0000,0,AVRO,massie,1,AVRO-369,100.0,45,0,Fixed,1449.0188951,369,1,0,0,0,4,1
Closed,Blocker,2010-03-01T17:09:21.745+0000,Improvement,philip,2010-01-22T18:31:47.696+0000,2010-01-26T18:52:26.840+0000,0,AVRO,philip,4,AVRO-368,297.0,77,1,Fixed,1449.01889563,368,1,0,1,0,4,1
Closed,Major,2010-03-01T17:09:21.584+0000,Improvement,massie,2010-01-22T18:16:23.842+0000,2010-01-22T19:04:00.010+0000,0,AVRO,massie,1,AVRO-367,905.0,51,0,Fixed,1449.01889737,367,1,0,0,0,4,1
Open,Minor,2010-11-23T05:46:34.017+0000,New Feature,jrideout,2010-01-22T08:07:23.936+0000,,1,AVRO,,9,AVRO-366,66.0,16,2,,1487.39525916,366,1,1,0,0,4,1
Open,Minor,2010-01-22T01:23:05.846+0000,Improvement,philip,2010-01-22T01:12:53.809+0000,,0,AVRO,,1,AVRO-365,108.0,38,1,,1487.68310786,365,1,1,0,0,4,1
Closed,Major,2010-03-01T17:09:21.543+0000,Improvement,massie,2010-01-21T19:10:15.722+0000,2010-01-22T00:38:43.965+0000,0,AVRO,massie,1,AVRO-364,231.0,41,1,Fixed,1449.01889798,364,1,0,0,0,3,1
Closed,Major,2010-03-01T17:09:21.279+0000,Improvement,philip,2010-01-21T06:24:50.476+0000,2010-01-21T23:19:44.513+0000,0,AVRO,philip,3,AVRO-363,375.0,85,1,Fixed,1449.01890085,363,1,1,0,0,3,1
Closed,Major,2010-03-01T17:09:21.223+0000,Test,hammer,2010-01-21T03:26:56.510+0000,2010-01-21T04:15:57.328+0000,0,AVRO,hammer,1,AVRO-362,,102,0,Fixed,1449.01890138,362,1,0,0,0,3,1
Closed,Blocker,2010-03-01T17:09:21.167+0000,Bug,scott_carey,2010-01-21T02:18:26.225+0000,2010-02-02T06:51:25.542+0000,0,AVRO,scott_carey,5,AVRO-361,2294.0,63,2,Fixed,1449.01890219,361,1,1,0,0,3,1
Closed,Major,2010-03-01T17:09:21.123+0000,Task,massie,2010-01-20T22:52:45.388+0000,2010-01-20T22:58:55.587+0000,0,AVRO,massie,1,AVRO-360,231.0,48,1,Fixed,1449.01890283,360,1,0,0,0,2,1
Closed,Major,2010-03-01T17:09:21.028+0000,Improvement,massie,2010-01-20T21:45:21.871+0000,2010-01-20T21:53:13.360+0000,0,AVRO,massie,0,AVRO-359,109.0,49,1,Fixed,1449.01890393,359,1,0,0,0,2,1
Open,Major,2010-06-04T00:26:35.906+0000,Improvement,hammer,2010-01-20T11:41:36.180+0000,,0,AVRO,,8,AVRO-358,266.0,51,3,,1489.24650635,358,1,0,0,0,2,1
Open,Major,2010-01-21T22:51:24.630+0000,Improvement,philip,2010-01-20T06:58:34.975+0000,,0,AVRO,philip,2,AVRO-357,67.0,56,2,,1489.44304808,357,1,1,0,0,2,1
Closed,Major,2010-03-01T17:09:20.979+0000,Bug,massie,2010-01-20T01:49:40.238+0000,2010-01-20T01:53:04.261+0000,0,AVRO,cutting,2,AVRO-356,,38,0,Fixed,1449.0189045,356,1,0,0,0,2,1
Closed,Minor,2010-03-01T17:09:20.943+0000,Bug,kevinoliver,2010-01-19T21:50:20.554+0000,2010-01-25T09:00:16.078+0000,0,AVRO,kevinoliver,4,AVRO-355,301.0,68,0,Fixed,1449.01890493,355,1,1,1,0,1,1
Closed,Minor,2010-03-01T17:09:20.882+0000,Improvement,kevinoliver,2010-01-19T21:41:43.380+0000,2010-01-26T15:28:41.825+0000,0,AVRO,kevinoliver,7,AVRO-354,309.0,50,2,Fixed,1449.01890563,354,1,1,1,0,1,1
Closed,Major,2010-03-01T17:09:20.843+0000,Improvement,massie,2010-01-19T21:36:40.193+0000,2010-01-19T21:40:37.250+0000,0,AVRO,massie,1,AVRO-353,160.0,60,0,Fixed,1449.01890609,353,1,0,0,0,1,1
Closed,Major,2010-03-01T17:09:20.809+0000,Bug,massie,2010-01-19T21:04:31.423+0000,2010-01-19T21:14:43.366+0000,0,AVRO,massie,0,AVRO-352,130.0,47,0,Fixed,1449.01890649,352,1,0,0,0,1,1
Closed,Major,2011-12-13T19:06:45.000+0000,Improvement,philip,2010-01-19T17:59:08.507+0000,2010-01-19T19:59:04.043+0000,0,AVRO,philip,3,AVRO-351,71.0,80,0,Fixed,1449.0189101,351,1,1,0,0,1,1
Closed,Major,2010-03-01T17:09:20.442+0000,Sub-task,kevinoliver,2010-01-19T17:44:38.514+0000,2010-02-02T22:52:17.567+0000,0,AVRO,kevinoliver,7,AVRO-350,139.0,68,1,Fixed,1449.01891073,350,1,1,1,0,1,1
Closed,Major,2010-03-01T17:09:20.391+0000,Improvement,sbanacho,2010-01-18T23:55:08.855+0000,2010-02-16T21:36:42.752+0000,0,AVRO,sbanacho,3,AVRO-349,591.0,34,1,Fixed,1449.01891132,349,0,0,0,0,0,1
Closed,Minor,2011-03-12T00:32:45.735+0000,Bug,stevel@apache.org,2010-01-18T15:33:50.708+0000,2010-12-16T01:03:01.960+0000,1,AVRO,,2,AVRO-348,446.0,53,0,Duplicate,1073.7109791,348,1,0,1,0,0,1
Closed,Major,2010-03-01T17:09:20.250+0000,Bug,massie,2010-01-18T05:44:55.938+0000,2010-01-18T05:50:57.269+0000,0,AVRO,massie,1,AVRO-347,221.0,73,0,Fixed,1449.01891297,347,1,0,0,0,0,1
Closed,Major,2010-03-01T17:09:20.199+0000,New Feature,massie,2010-01-18T05:07:25.671+0000,2010-01-18T05:35:29.199+0000,0,AVRO,massie,1,AVRO-346,378.0,49,1,Fixed,1449.01891355,346,1,0,0,0,0,1
Closed,Major,2010-03-01T17:09:20.157+0000,Improvement,thiru_mg,2010-01-16T12:08:38.097+0000,2010-01-19T14:31:25.358+0000,0,AVRO,thiru_mg,2,AVRO-345,847.0,33,1,Fixed,1449.01891403,345,1,1,0,0,5,1
Closed,Major,2010-03-01T17:09:20.123+0000,Improvement,massie,2010-01-15T23:05:31.861+0000,2010-01-16T02:00:37.305+0000,0,AVRO,massie,3,AVRO-344,1540.0,36,2,Fixed,1449.01891443,344,1,0,0,0,4,1
Closed,Minor,2010-03-01T17:09:20.071+0000,Improvement,philip,2010-01-15T22:46:08.916+0000,2010-01-26T19:00:20.801+0000,0,AVRO,philip,4,AVRO-343,116.0,48,0,Fixed,1449.01891504,343,2,1,0,0,4,1
Closed,Major,2010-03-01T17:09:20.031+0000,Improvement,cutting,2010-01-15T20:45:10.576+0000,2010-02-04T19:03:14.632+0000,0,AVRO,cutting,1,AVRO-342,158.0,30,0,Fixed,1449.0189155,342,1,1,0,0,4,1
Open,Major,2010-12-04T00:59:36.082+0000,Improvement,cutting,2010-01-15T20:29:42.306+0000,,1,AVRO,,23,AVRO-341,104.0,30,20,,1493.87976881,341,1,0,0,1,4,1
Closed,Major,2010-03-01T17:09:19.969+0000,Improvement,cutting,2010-01-15T19:59:53.138+0000,2010-02-04T19:02:28.393+0000,0,AVRO,cutting,9,AVRO-340,78.0,30,2,Fixed,1449.01891623,340,1,0,0,0,4,1
Closed,Major,2010-03-01T17:09:19.918+0000,Improvement,philip,2010-01-15T18:41:06.745+0000,2010-01-18T21:43:50.579+0000,0,AVRO,philip,3,AVRO-339,49.0,55,0,Fixed,1449.01891682,339,1,0,1,0,4,1
Closed,Major,2010-03-01T21:47:26.645+0000,Bug,thiru_mg,2010-01-15T11:40:38.496+0000,2010-01-15T12:16:13.598+0000,0,AVRO,,8,AVRO-338,268.0,41,0,Won't Fix,1448.8257834,338,1,1,0,0,4,1
Closed,Major,2010-03-01T17:09:19.871+0000,Bug,thiru_mg,2010-01-15T11:29:01.912+0000,2010-01-16T05:12:03.470+0000,0,AVRO,thiru_mg,1,AVRO-337,233.0,54,0,Fixed,1449.01891718,337,1,1,0,0,4,1
Closed,Major,2010-03-01T17:09:19.813+0000,Bug,scott_carey,2010-01-15T08:15:40.943+0000,2010-01-19T00:49:46.408+0000,0,AVRO,cutting,6,AVRO-336,1544.0,39,2,Fixed,1449.0189178,336,1,1,1,0,4,1
Closed,Major,2010-03-01T17:09:19.776+0000,Bug,cutting,2010-01-14T22:19:45.204+0000,2010-01-15T01:02:35.008+0000,0,AVRO,cutting,0,AVRO-335,257.0,36,1,Fixed,1449.01891846,335,1,0,0,0,3,1
Closed,Major,2010-03-22T23:22:18.890+0000,Improvement,hammer,2010-01-14T19:13:39.747+0000,2010-03-19T08:48:55.987+0000,0,AVRO,,9,AVRO-334,125.0,80,1,Won't Fix,1427.75990079,334,1,0,0,0,3,1
Open,Major,2010-05-24T10:09:32.379+0000,Test,hammer,2010-01-14T18:46:12.115+0000,,0,AVRO,,1,AVRO-333,,71,1,,1494.95164603,333,1,0,0,0,3,1
Open,Major,2010-01-14T18:28:02.271+0000,Improvement,hammer,2010-01-14T18:28:02.271+0000,,0,AVRO,,0,AVRO-332,,93,0,,1494.96425997,332,1,0,0,0,3,1
Closed,Major,2010-09-08T21:07:38.886+0000,Improvement,hammer,2010-01-14T18:27:14.049+0000,2010-06-10T04:34:25.928+0000,0,AVRO,pwendell,2,AVRO-331,50.0,108,1,Fixed,1257.85341936,331,2,0,0,0,3,1
Closed,Major,2010-03-01T17:09:19.687+0000,Improvement,hammer,2010-01-14T18:23:24.990+0000,2010-01-14T19:56:11.110+0000,0,AVRO,cutting,1,AVRO-330,120.0,94,1,Fixed,1449.0189195,330,1,0,0,0,3,1
Closed,Major,2010-03-01T17:09:19.650+0000,Bug,hammer,2010-01-14T18:13:09.992+0000,2010-01-14T18:48:26.345+0000,0,AVRO,hammer,1,AVRO-329,38.0,62,0,Fixed,1449.01891994,329,1,0,0,0,3,1
Closed,Major,2010-03-01T17:09:19.253+0000,Improvement,thiru_mg,2010-01-14T14:52:49.324+0000,2010-01-16T06:00:22.229+0000,0,AVRO,thiru_mg,2,AVRO-328,388.0,70,2,Fixed,1449.01892446,328,1,1,0,0,3,1
Closed,Major,2010-03-01T21:47:26.600+0000,Improvement,thiru_mg,2010-01-14T11:15:33.737+0000,2010-02-05T01:20:18.367+0000,0,AVRO,thiru_mg,16,AVRO-327,344.0,52,4,Duplicate,1448.82578393,327,1,1,0,0,3,1
Closed,Major,2011-12-13T19:10:02.802+0000,New Feature,hammer,2010-01-14T01:34:51.746+0000,2010-01-14T17:07:01.208+0000,0,AVRO,cutting,1,AVRO-326,,42,0,Fixed,1449.01892529,326,1,0,0,0,3,1
Closed,Major,2010-03-01T17:09:19.158+0000,New Feature,hammer,2010-01-14T01:30:56.220+0000,2010-02-18T19:26:02.517+0000,0,AVRO,,1,AVRO-325,,28,0,Fixed,1449.01892563,325,1,0,0,0,3,1
Closed,Major,2010-04-01T16:50:44.624+0000,Improvement,hammer,2010-01-14T00:33:38.179+0000,2010-03-02T23:27:47.566+0000,0,AVRO,cutting,4,AVRO-324,17.0,85,1,Fixed,1418.03182507,324,1,1,0,0,3,1
Closed,Major,2010-03-01T21:47:26.557+0000,New Feature,hammer,2010-01-13T23:58:48.369+0000,2010-02-02T21:39:03.570+0000,0,AVRO,cutting,10,AVRO-323,,43,2,Won't Fix,1448.82578444,323,1,1,0,0,2,1
Closed,Major,2010-03-01T17:09:18.968+0000,New Feature,hammer,2010-01-13T22:30:13.326+0000,2010-02-04T08:17:15.194+0000,0,AVRO,hammer,4,AVRO-322,,82,1,Fixed,1449.01892784,322,1,0,0,0,2,1
Closed,Major,2010-03-01T17:09:18.913+0000,Test,hammer,2010-01-13T21:31:04.981+0000,2010-02-04T20:14:26.874+0000,0,AVRO,cutting,23,AVRO-321,,32,1,Fixed,1449.01892848,321,2,1,0,0,2,1
Closed,Major,2010-03-01T17:09:18.879+0000,Improvement,cutting,2010-01-13T20:18:11.107+0000,2010-01-13T23:09:43.937+0000,0,AVRO,cutting,4,AVRO-320,514.0,31,0,Fixed,1449.01892886,320,1,1,0,0,2,1
Closed,Major,2010-03-01T17:09:18.779+0000,Test,cutting,2010-01-13T17:39:54.749+0000,2010-01-13T22:05:18.920+0000,0,AVRO,cutting,2,AVRO-317,59.0,28,1,Fixed,1449.01893002,317,1,1,0,0,2,1
Open,Major,2014-01-27T02:02:09.703+0000,Improvement,hammer,2010-01-13T19:05:36.345+0000,,0,AVRO,,16,AVRO-319,78.0,44,3,,1495.93817117,319,1,0,0,0,2,1
Open,Major,2013-07-03T02:02:34.446+0000,Improvement,hammer,2010-01-04T17:43:09.081+0000,,3,AVRO,hammer,11,AVRO-283,,65,6,,1504.99543117,283,1,0,0,0,0,1
Patch Available,Major,2014-02-15T21:29:45.445+0000,Bug,fluke777,2014-02-15T21:19:06.200+0000,,0,AVRO,,0,AVRO-1459,277.0,50,1,,1.83806580236,1459,1,0,1,0,5,2
Resolved,Major,2014-02-12T19:22:59.352+0000,Bug,jfolson,2014-02-12T18:16:54.531+0000,2014-02-12T19:22:59.326+0000,1,AVRO,,4,AVRO-1456,906.0,101,3,Not A Problem,4.92609929929,1456,1,1,1,0,2,2
Closed,Blocker,2010-03-16T05:43:57.550+0000,Bug,hammer,2010-01-13T19:03:44.884+0000,2010-02-16T23:06:33.830+0000,0,AVRO,,14,AVRO-318,381.0,100,2,Fixed,1449.01892944,318,1,0,0,0,2,1
Closed,Major,2010-03-01T17:09:18.746+0000,Improvement,thiru_mg,2010-01-13T12:41:29.109+0000,2010-01-15T17:20:30.375+0000,0,AVRO,thiru_mg,4,AVRO-316,889.0,43,2,Fixed,1449.01893043,316,1,1,0,0,2,1
Closed,Major,2010-03-01T17:09:18.694+0000,Improvement,thiru_mg,2010-01-13T07:04:48.480+0000,2010-01-14T12:48:38.962+0000,0,AVRO,thiru_mg,7,AVRO-315,621.0,41,1,Fixed,1449.01893102,315,1,1,0,0,2,1
Closed,Major,2010-03-01T17:09:18.637+0000,Improvement,kimballa,2010-01-13T03:13:42.340+0000,2010-01-13T23:27:14.096+0000,0,AVRO,kimballa,10,AVRO-314,153.0,46,2,Fixed,1449.01893156,314,2,1,0,0,2,1
Closed,Major,2010-03-01T17:09:18.603+0000,Bug,thiru_mg,2010-01-13T02:38:41.340+0000,2010-01-15T03:30:45.703+0000,0,AVRO,thiru_mg,4,AVRO-313,1391.0,88,1,Fixed,1449.01893209,313,1,1,0,0,2,1
Open,Major,2010-01-12T22:34:50.107+0000,Improvement,hammer,2010-01-12T22:34:39.981+0000,,0,AVRO,,0,AVRO-312,,45,2,,1496.79299021,312,2,0,0,0,1,1
Open,Major,2010-10-04T20:26:23.592+0000,Improvement,hammer,2010-01-12T22:33:55.892+0000,,0,AVRO,,6,AVRO-311,,26,0,,1496.7935005,311,2,0,0,0,1,1
Closed,Major,2010-03-01T17:09:18.565+0000,Improvement,cutting,2010-01-12T19:58:00.783+0000,2010-01-12T23:07:26.307+0000,0,AVRO,cutting,3,AVRO-310,91.0,30,1,Fixed,1449.01893253,310,1,0,0,0,1,1
Closed,Major,2010-03-01T17:09:18.523+0000,Bug,hammer,2010-01-12T01:29:42.005+0000,2010-01-12T22:38:41.544+0000,0,AVRO,cutting,5,AVRO-309,,89,1,Fixed,1449.01893302,309,1,0,0,0,1,1
Closed,Major,2010-03-01T17:09:18.490+0000,Bug,hammer,2010-01-12T01:16:34.513+0000,2010-01-14T19:55:54.253+0000,0,AVRO,cutting,1,AVRO-308,330.0,68,1,Fixed,1449.01893339,308,1,0,0,0,1,1
Closed,Major,2011-12-13T19:10:03.860+0000,New Feature,hammer,2010-01-11T22:54:41.987+0000,2010-01-11T23:09:59.719+0000,0,AVRO,cutting,1,AVRO-307,87.0,22,0,Fixed,1449.01893383,307,1,0,0,0,0,1
Closed,Major,2010-03-01T17:09:18.391+0000,Improvement,kingryan,2010-01-11T22:53:36.583+0000,2010-01-20T01:05:35.871+0000,0,AVRO,jmhodges,6,AVRO-306,191.0,9,2,Fixed,1449.01893433,306,1,0,0,0,0,1
Open,Major,2010-11-24T23:46:44.181+0000,New Feature,tlipcon,2010-01-11T01:56:55.663+0000,,0,AVRO,tlipcon,2,AVRO-305,143.0,24,3,,1498.65253094,305,1,1,0,0,0,1
Closed,Major,2010-03-01T21:47:26.496+0000,Improvement,thiru_mg,2010-01-10T17:07:27.309+0000,2010-01-13T13:20:43.633+0000,0,AVRO,thiru_mg,3,AVRO-304,228.0,70,1,Invalid,1448.82578518,304,1,1,0,0,6,1
Open,Major,2011-12-13T19:10:03.310+0000,Test,hammer,2010-01-10T00:53:44.525+0000,,0,AVRO,,6,AVRO-303,185.0,64,2,,1499.69640986,303,1,0,0,0,6,1
Closed,Major,2010-03-01T21:47:26.465+0000,New Feature,hammer,2010-01-10T00:01:48.410+0000,2010-01-10T00:09:13.997+0000,0,AVRO,hammer,1,AVRO-302,,73,0,Duplicate,1448.82578554,302,1,0,0,0,6,1
Closed,Major,2012-09-25T21:24:32.264+0000,New Feature,hammer,2010-01-10T00:01:20.971+0000,2012-03-16T17:09:14.895+0000,0,AVRO,marciosilva,12,AVRO-301,,73,1,Fixed,509.841690657,301,1,0,1,0,6,1
Closed,Major,2012-06-11T20:01:34.045+0000,New Feature,hammer,2010-01-09T23:57:01.878+0000,2012-03-16T17:09:28.203+0000,0,AVRO,marciosilva,7,AVRO-300,135.0,55,2,Fixed,615.89930824,300,1,0,0,0,5,1
Closed,Major,2010-03-01T17:09:18.354+0000,Test,hammer,2010-01-09T08:47:22.815+0000,2010-01-10T17:10:09.980+0000,0,AVRO,hammer,2,AVRO-299,200.0,54,1,Fixed,1449.01893499,299,1,0,0,0,5,1
Closed,Major,2010-03-01T17:09:18.268+0000,Improvement,philip,2010-01-09T00:50:17.425+0000,2010-01-13T22:07:54.850+0000,0,AVRO,philip,1,AVRO-298,489.0,68,1,Fixed,1449.01893598,298,1,1,0,0,5,1
Closed,Minor,2010-03-01T17:09:17.940+0000,Improvement,philip,2010-01-08T07:08:53.099+0000,2010-01-12T22:30:58.951+0000,0,AVRO,philip,1,AVRO-297,52.0,54,1,Fixed,1449.01893952,297,1,1,0,0,4,1
Closed,Minor,2011-05-06T19:14:02.039+0000,New Feature,philip,2010-01-08T02:05:24.654+0000,2011-03-31T22:25:34.251+0000,1,AVRO,cutting,4,AVRO-296,77.0,48,2,Fixed,1017.93231818,296,1,1,0,0,4,1
Closed,Major,2010-03-01T21:47:26.425+0000,Improvement,jmhsieh,2010-01-08T00:28:44.481+0000,2010-02-10T06:50:14.505+0000,0,AVRO,thiru_mg,5,AVRO-295,1837.0,66,1,Not A Problem,1448.82578603,295,1,1,1,0,4,1
Closed,Major,2010-03-01T17:09:17.896+0000,Improvement,hammer,2010-01-07T22:36:19.663+0000,2010-01-10T17:31:08.614+0000,0,AVRO,hammer,2,AVRO-294,,104,0,Fixed,1449.01894029,294,1,0,0,0,3,1
Closed,Major,2010-03-01T17:09:17.850+0000,Test,hammer,2010-01-07T19:28:34.354+0000,2010-01-08T02:49:23.514+0000,0,AVRO,hammer,4,AVRO-293,,43,0,Duplicate,1449.01894083,293,1,0,0,0,3,1
Closed,Major,2010-03-01T17:09:17.807+0000,Test,hammer,2010-01-07T01:37:11.960+0000,2010-01-07T19:52:02.654+0000,0,AVRO,hammer,2,AVRO-292,165.0,108,1,Fixed,1449.01894132,292,1,0,0,0,3,1
Closed,Major,2010-03-01T17:09:17.680+0000,Bug,urandom,2010-01-05T04:18:29.095+0000,2010-01-06T23:28:07.669+0000,0,AVRO,urandom,3,AVRO-291,265.0,33,1,Fixed,1449.01894269,291,1,1,1,0,1,1
Closed,Major,2010-03-01T21:47:26.364+0000,Bug,urandom,2010-01-05T04:01:48.177+0000,2010-01-05T18:29:03.052+0000,0,AVRO,,3,AVRO-290,98.0,19,1,Duplicate,1448.82578673,290,1,1,1,0,1,1
Closed,Major,2010-03-01T17:09:17.641+0000,Test,hammer,2010-01-05T02:19:21.510+0000,2010-01-08T19:07:15.475+0000,0,AVRO,hammer,2,AVRO-289,,60,1,Fixed,1449.01894325,289,1,0,0,0,1,1
Closed,Major,2010-03-01T17:09:17.604+0000,Improvement,hammer,2010-01-05T02:18:20.780+0000,2010-01-12T22:40:06.473+0000,0,AVRO,hammer,1,AVRO-288,,60,1,Fixed,1449.01894369,288,1,0,0,0,1,1
Closed,Major,2010-03-01T17:09:17.543+0000,Test,hammer,2010-01-05T02:17:33.323+0000,2010-02-15T22:18:47.093+0000,0,AVRO,hammer,29,AVRO-287,,58,3,Fixed,1449.0189444,287,1,0,0,0,1,1
Open,Major,2010-01-04T23:00:17.945+0000,New Feature,cutting,2010-01-04T23:00:17.945+0000,,0,AVRO,,0,AVRO-286,247.0,15,3,,1504.77518975,286,1,0,0,0,0,1
Closed,Major,2010-09-08T21:07:38.509+0000,New Feature,cutting,2010-01-04T22:00:21.441+0000,2010-05-13T23:02:57.044+0000,0,AVRO,cutting,12,AVRO-285,136.0,21,3,Fixed,1257.8534239,285,1,0,0,0,0,1
Closed,Major,2010-09-08T21:07:37.900+0000,Improvement,hammer,2010-01-04T17:46:26.357+0000,2010-06-16T05:27:11.100+0000,0,AVRO,pwendell,7,AVRO-284,110.0,56,1,Fixed,1257.85343095,284,1,0,0,0,0,1
Closed,Minor,2010-03-01T17:09:17.489+0000,Bug,philip,2010-01-04T05:22:31.963+0000,2010-01-12T22:27:56.633+0000,0,AVRO,philip,2,AVRO-282,449.0,43,0,Fixed,1449.01894484,282,1,1,0,0,0,1
Closed,Major,2010-03-01T17:09:17.453+0000,Bug,thiru_mg,2010-01-04T00:41:01.985+0000,2010-01-10T14:41:14.781+0000,0,AVRO,thiru_mg,1,AVRO-281,665.0,51,0,Fixed,1449.01894545,281,1,1,0,0,0,1
Closed,Major,2010-03-01T17:09:17.407+0000,Bug,hammer,2010-01-04T00:37:00.196+0000,2010-01-07T19:22:12.891+0000,0,AVRO,hammer,1,AVRO-280,168.0,64,2,Fixed,1449.01894582,280,1,0,0,0,0,1
Closed,Minor,2011-12-13T19:06:43.686+0000,New Feature,philip,2009-12-31T23:35:31.508+0000,2010-01-08T18:54:31.250+0000,0,AVRO,philip,4,AVRO-279,143.0,42,1,Fixed,1449.01894642,279,1,1,0,0,3,12
Closed,Major,2010-03-01T17:09:17.326+0000,Improvement,cutting,2009-12-31T23:06:20.356+0000,2010-01-08T20:36:38.003+0000,0,AVRO,cutting,7,AVRO-278,234.0,53,1,Fixed,1449.01894692,278,1,1,0,0,3,12
Closed,Major,2011-03-12T00:36:42.266+0000,Bug,philip,2009-12-31T21:52:02.111+0000,2011-02-21T01:39:52.137+0000,0,AVRO,,3,AVRO-277,132.0,48,1,Cannot Reproduce,1073.70824159,277,1,1,0,0,3,12
Closed,Minor,2010-03-01T17:09:17.291+0000,Bug,philip,2009-12-31T21:12:08.593+0000,2009-12-31T21:30:07.676+0000,0,AVRO,philip,2,AVRO-276,168.0,52,0,Fixed,1449.01894732,276,1,1,0,0,3,12
Closed,Minor,2010-03-01T17:09:14.492+0000,New Feature,philip,2009-12-31T18:29:57.111+0000,2010-01-08T18:54:08.565+0000,0,AVRO,philip,4,AVRO-275,55.0,40,1,Fixed,1449.01897971,275,1,1,0,0,3,12
Closed,Major,2010-03-01T17:09:14.453+0000,New Feature,cutting,2009-12-31T17:34:03.705+0000,2010-01-13T22:07:06.497+0000,0,AVRO,cutting,3,AVRO-274,129.0,41,2,Fixed,1449.01898017,274,1,1,0,0,3,12
Closed,Minor,2010-03-01T17:09:14.419+0000,New Feature,philip,2009-12-31T01:33:30.962+0000,2010-01-08T18:53:53.306+0000,0,AVRO,philip,5,AVRO-273,256.0,68,1,Fixed,1449.01898056,273,1,1,0,0,3,12
Closed,Major,2010-03-01T17:09:14.383+0000,New Feature,philip,2009-12-30T20:40:34.189+0000,2009-12-31T18:51:22.249+0000,0,AVRO,philip,2,AVRO-272,139.0,46,1,Fixed,1449.01898099,272,1,1,0,0,2,12
Closed,Major,2010-03-01T17:09:14.341+0000,New Feature,philip,2009-12-30T20:23:32.143+0000,2010-01-05T18:55:45.560+0000,0,AVRO,philip,6,AVRO-271,349.0,67,1,Fixed,1449.01898147,271,1,1,0,0,2,12
Open,Major,2010-01-04T05:06:12.392+0000,New Feature,philip,2009-12-30T19:37:49.673+0000,,0,AVRO,philip,2,AVRO-270,282.0,61,1,,1509.91579477,270,1,1,0,0,2,12
Closed,Minor,2010-03-01T17:09:14.306+0000,Test,philip,2009-12-30T19:05:54.270+0000,2009-12-31T19:23:03.744+0000,0,AVRO,philip,2,AVRO-269,209.0,62,0,Fixed,1449.01898188,269,1,1,0,0,2,12
Closed,Major,2010-03-01T17:09:14.256+0000,Improvement,massie,2009-12-29T23:06:08.947+0000,2010-01-15T18:43:27.213+0000,0,AVRO,massie,9,AVRO-268,704.0,73,2,Won't Fix,1449.01898246,268,1,0,0,0,1,12
Closed,Major,2010-03-01T17:09:14.202+0000,New Feature,philip,2009-12-29T21:01:53.874+0000,2009-12-31T21:55:57.234+0000,0,AVRO,philip,7,AVRO-267,277.0,72,1,Fixed,1449.01898296,267,1,1,0,0,1,12
Open,Major,2011-12-13T19:06:52.997+0000,Improvement,tlipcon,2009-12-23T23:01:05.984+0000,,1,AVRO,,3,AVRO-266,356.0,47,3,,1516.77463377,266,1,1,1,0,2,12
Open,Major,2009-12-29T22:18:39.737+0000,Bug,tlipcon,2009-12-23T15:20:28.444+0000,,0,AVRO,,2,AVRO-265,271.0,47,1,,1517.09451271,265,1,1,1,0,2,12
Closed,Major,2010-03-01T17:09:14.166+0000,Improvement,hammer,2009-12-23T13:16:01.603+0000,2010-01-05T18:48:41.762+0000,0,AVRO,hammer,5,AVRO-264,96.0,99,1,Fixed,1449.01898351,264,1,0,0,0,2,12
Closed,Minor,2010-03-01T17:09:14.118+0000,Improvement,tlipcon,2009-12-22T22:53:06.750+0000,2009-12-29T22:32:18.952+0000,0,AVRO,tlipcon,5,AVRO-263,155.0,36,1,Fixed,1449.01898408,263,1,1,1,0,1,12
Closed,Major,2010-03-01T17:09:13.971+0000,Bug,hammer,2009-12-22T04:22:15.038+0000,2009-12-29T23:10:52.338+0000,0,AVRO,hammer,1,AVRO-262,243.0,25,0,Fixed,1449.01898577,262,1,0,0,0,1,12
Closed,Minor,2010-03-01T17:09:13.924+0000,New Feature,kevinoliver,2009-12-18T19:01:20.116+0000,2010-02-09T03:40:56.632+0000,0,AVRO,thiru_mg,20,AVRO-261,266.0,29,2,Fixed,1449.01898632,261,1,1,0,0,4,12
Closed,Major,2010-03-01T17:09:13.883+0000,Improvement,kevinoliver,2009-12-18T17:37:14.879+0000,2009-12-29T22:41:50.264+0000,0,AVRO,cutting,3,AVRO-260,58.0,42,0,Fixed,1449.0189868,260,1,1,0,0,4,12
Closed,Trivial,2010-03-01T17:09:13.848+0000,Bug,kevinoliver,2009-12-18T17:14:49.719+0000,2010-01-09T00:03:51.084+0000,0,AVRO,kevinoliver,3,AVRO-259,193.0,70,2,Fixed,1449.0189872,259,1,1,0,0,4,12
Closed,Major,2010-03-01T17:09:13.788+0000,New Feature,tlipcon,2009-12-18T08:40:08.208+0000,2009-12-31T20:22:39.663+0000,0,AVRO,tlipcon,20,AVRO-258,219.0,44,5,Fixed,1449.0189879,258,1,0,0,0,4,12
Closed,Trivial,2010-03-01T17:09:13.714+0000,Bug,kevinoliver,2009-12-15T20:50:12.309+0000,2009-12-15T23:06:02.375+0000,0,AVRO,kevinoliver,7,AVRO-257,196.0,17,1,Fixed,1449.01898845,257,1,1,0,0,1,12
Closed,Major,2010-03-01T17:09:13.678+0000,Bug,cutting,2009-12-14T18:40:36.335+0000,2009-12-15T21:24:25.291+0000,1,AVRO,cutting,4,AVRO-256,154.0,42,1,Fixed,1449.01898917,256,1,1,0,0,0,12
Closed,Major,2010-03-01T17:09:13.615+0000,Bug,cutting,2009-12-14T18:37:44.339+0000,2009-12-15T21:30:29.118+0000,0,AVRO,cutting,5,AVRO-255,207.0,43,1,Fixed,1449.0189899,255,1,1,0,0,0,12
Closed,Major,2011-12-13T19:10:04.401+0000,New Feature,hammer,2009-12-14T07:13:58.054+0000,2010-01-04T15:58:14.741+0000,0,AVRO,hammer,3,AVRO-254,207.0,30,0,Won't Fix,1448.82578718,254,1,0,0,0,0,12
Closed,Major,2010-03-01T17:09:13.285+0000,Improvement,hammer,2009-12-14T06:34:02.601+0000,2010-01-12T22:16:01.848+0000,0,AVRO,cutting,2,AVRO-253,305.0,105,1,Fixed,1449.01899306,253,1,0,0,0,0,12
Closed,Minor,2010-03-01T17:09:13.159+0000,Improvement,rsgoodman,2009-12-11T17:11:00.555+0000,2010-01-12T02:33:27.884+0000,0,AVRO,,1,AVRO-252,745.0,79,1,Invalid,1449.01899511,252,1,1,0,0,4,12
Patch Available,Major,2011-05-07T02:33:59.210+0000,New Feature,cutting,2009-12-11T00:53:49.755+0000,,0,AVRO,cutting,19,AVRO-251,67.0,22,6,,1528.74328121,251,1,1,0,0,4,12
Closed,Major,2010-03-01T17:09:12.950+0000,New Feature,cutting,2009-12-08T23:00:14.664+0000,2009-12-10T22:07:35.405+0000,0,AVRO,cutting,3,AVRO-250,323.0,85,0,Fixed,1449.01899762,250,1,1,0,0,1,12
Closed,Major,2010-03-01T17:09:12.904+0000,Improvement,cutting,2009-12-04T00:02:15.743+0000,2009-12-05T00:05:44.648+0000,0,AVRO,cutting,11,AVRO-249,212.0,49,0,Fixed,1449.01899815,249,1,1,0,0,4,12
Open,Major,2010-09-16T00:27:25.573+0000,New Feature,cutting,2009-12-01T19:35:30.014+0000,,2,AVRO,,15,AVRO-248,1683.0,24,6,,1538.91741123,248,1,0,0,0,1,12
Closed,Major,2010-03-01T17:09:12.750+0000,Bug,philip,2009-12-01T19:19:38.502+0000,2009-12-08T19:39:46.804+0000,0,AVRO,cutting,9,AVRO-247,49.0,76,0,Fixed,1449.01899994,247,1,1,0,0,1,12
Closed,Minor,2011-12-13T19:06:50.745+0000,Improvement,thiru_mg,2009-12-01T13:26:50.398+0000,2009-12-09T07:43:59.211+0000,1,AVRO,thiru_mg,5,AVRO-246,147.0,74,1,Fixed,1449.01900046,246,1,1,0,0,1,12
Closed,Minor,2010-03-01T17:09:12.607+0000,New Feature,philip,2009-12-01T04:49:28.817+0000,2009-12-30T23:43:58.978+0000,0,AVRO,philip,24,AVRO-245,91.0,68,0,Fixed,1449.01900158,245,1,1,0,0,1,12
Closed,Minor,2011-12-13T19:06:44.281+0000,Improvement,philip,2009-12-01T04:46:54.846+0000,2010-03-10T18:18:58.231+0000,0,AVRO,philip,3,AVRO-244,105.0,30,0,Fixed,1418.03182618,244,1,1,0,0,1,12
Closed,Major,2010-03-01T17:09:12.502+0000,Improvement,sbanacho,2009-11-30T04:54:06.497+0000,2010-01-15T00:20:24.898+0000,0,AVRO,sbanacho,12,AVRO-243,236.0,34,1,Fixed,1449.01900253,243,1,0,0,0,0,11
Closed,Major,2010-03-01T17:09:12.330+0000,New Feature,cutting,2009-11-25T22:51:25.581+0000,2009-12-03T21:33:05.175+0000,0,AVRO,cutting,7,AVRO-242,193.0,35,1,Fixed,1449.0190048,242,1,1,0,0,2,11
Closed,Major,2010-03-01T17:09:11.923+0000,Improvement,cutting,2009-11-25T22:06:35.501+0000,2009-12-04T23:13:32.752+0000,0,AVRO,cutting,6,AVRO-241,418.0,35,1,Fixed,1449.01900951,241,1,1,0,0,2,11
Closed,Major,2010-03-01T17:09:11.855+0000,Improvement,hammer,2009-11-25T06:50:03.798+0000,2009-12-01T21:42:07.111+0000,0,AVRO,hammer,7,AVRO-240,231.0,77,1,Fixed,1449.01901031,240,1,0,0,0,2,11
Open,Major,2009-11-25T06:20:15.132+0000,New Feature,hammer,2009-11-25T06:20:15.132+0000,,0,AVRO,,0,AVRO-239,146.0,34,2,,1545.46966682,239,1,0,0,0,2,11
Closed,Blocker,2011-12-13T19:06:47.562+0000,Bug,owen.omalley,2009-11-24T22:52:18.903+0000,2009-12-01T23:51:21.470+0000,0,AVRO,cutting,2,AVRO-238,208.0,68,1,Fixed,1449.01901085,238,1,1,0,0,1,11
Closed,Major,2010-03-01T17:09:11.753+0000,Improvement,cutting,2009-11-24T22:25:10.833+0000,2009-11-25T20:22:36.306+0000,0,AVRO,cutting,5,AVRO-237,329.0,26,1,Fixed,1449.01901149,237,1,1,0,0,1,11
Closed,Major,2010-03-01T17:09:11.686+0000,Improvement,cutting,2009-11-24T19:40:19.872+0000,2009-11-24T21:41:27.113+0000,0,AVRO,cutting,3,AVRO-236,71.0,46,1,Fixed,1449.01901226,236,1,1,0,0,1,11
Open,Major,2011-12-13T19:08:34.702+0000,Improvement,hammer,2009-11-22T12:05:16.099+0000,,2,AVRO,cutting,1,AVRO-235,280.0,32,4,,1548.2300723,235,1,0,0,0,6,11
Closed,Major,2010-03-01T17:09:11.646+0000,Improvement,sbanacho,2009-11-21T22:31:46.803+0000,2009-11-25T05:08:40.232+0000,0,AVRO,sbanacho,3,AVRO-234,242.0,23,0,Fixed,1449.01901272,234,1,0,0,0,5,11
Closed,Major,2010-03-01T17:09:11.610+0000,Improvement,philip,2009-11-21T02:50:38.305+0000,2009-11-25T19:40:52.777+0000,0,AVRO,philip,2,AVRO-233,393.0,21,1,Fixed,1449.01901314,233,1,1,0,0,5,11
Closed,Major,2010-03-01T17:09:11.540+0000,Bug,sbanacho,2009-11-21T02:03:08.222+0000,2009-11-21T02:14:36.158+0000,0,AVRO,sbanacho,1,AVRO-232,,35,0,Fixed,1449.01901395,232,1,0,0,0,5,11
Closed,Major,2010-03-01T17:09:11.499+0000,Improvement,sbanacho,2009-11-20T17:15:07.755+0000,2010-01-14T01:41:03.045+0000,0,AVRO,sbanacho,3,AVRO-231,45.0,12,0,Fixed,1449.01901444,231,1,0,0,0,4,11
Open,Major,2010-08-25T19:10:45.122+0000,New Feature,massie,2009-11-20T07:53:49.092+0000,,0,AVRO,massie,8,AVRO-230,1066.0,47,3,,1550.40469045,230,4,1,0,0,4,11
Closed,Major,2010-03-01T17:09:11.452+0000,Improvement,tomwhite,2009-11-20T06:33:56.082+0000,2009-11-20T22:15:56.842+0000,0,AVRO,tomwhite,4,AVRO-229,147.0,42,2,Fixed,1449.01901485,229,1,1,1,0,4,11
Open,Major,2011-02-21T01:35:32.785+0000,Improvement,justinsb,2009-11-20T06:29:23.167+0000,,1,AVRO,,3,AVRO-228,1366.0,77,3,,1550.46332384,228,1,1,1,0,4,11
Closed,Major,2010-03-01T17:09:11.109+0000,Bug,tlipcon,2009-11-20T06:07:11.800+0000,2009-11-20T23:12:45.067+0000,0,AVRO,tlipcon,2,AVRO-227,308.0,50,1,Fixed,1449.01901584,227,1,0,1,0,4,11
Closed,Major,2010-03-01T21:47:26.275+0000,Improvement,metcalfc,2009-11-20T05:48:50.810+0000,2010-01-15T18:45:30.800+0000,0,AVRO,,1,AVRO-226,328.0,55,1,Won't Fix,1448.82578765,226,1,0,0,0,4,11
Closed,Major,2010-03-01T17:09:11.068+0000,Bug,cutting,2009-11-20T05:33:17.084+0000,2009-11-20T20:55:02.601+0000,0,AVRO,cutting,2,AVRO-225,219.0,73,0,Fixed,1449.01901944,225,1,1,0,0,4,11
Closed,Major,2010-03-01T17:09:11.006+0000,Improvement,massie,2009-11-20T04:47:01.559+0000,2009-11-20T04:59:06.464+0000,0,AVRO,massie,1,AVRO-224,221.0,68,0,Fixed,1449.01902016,224,1,0,0,0,4,11
Closed,Minor,2010-03-01T17:09:10.860+0000,Bug,philip,2009-11-20T02:47:26.380+0000,2009-11-20T04:29:53.840+0000,0,AVRO,philip,2,AVRO-223,129.0,24,0,Fixed,1449.01902185,223,1,1,0,0,4,11
Closed,Major,2010-03-01T17:09:10.757+0000,Bug,hammer,2009-11-20T02:46:06.678+0000,2009-11-20T03:04:27.003+0000,0,AVRO,cutting,3,AVRO-222,,41,0,Fixed,1449.01902289,222,1,0,0,0,4,11
Closed,Major,2010-03-01T17:09:10.695+0000,Improvement,philip,2009-11-20T02:14:26.209+0000,2009-11-20T19:22:51.542+0000,0,AVRO,philip,5,AVRO-221,81.0,51,1,Fixed,1449.01902375,221,1,1,0,0,4,11
Closed,Major,2010-03-01T17:09:10.614+0000,Improvement,sbanacho,2009-11-19T22:21:47.606+0000,2009-11-21T01:45:11.669+0000,0,AVRO,sbanacho,3,AVRO-220,1448.0,47,1,Fixed,1449.0190247,220,1,0,0,0,3,11
Closed,Major,2010-03-01T17:09:10.564+0000,Improvement,hammer,2009-11-19T10:51:15.578+0000,2010-01-04T18:09:59.513+0000,0,AVRO,hammer,17,AVRO-219,225.0,106,1,Fixed,1449.01902528,219,1,0,0,0,3,11
Closed,Major,2010-03-01T21:47:26.217+0000,Improvement,hammer,2009-11-19T10:31:21.538+0000,2010-01-04T15:58:50.277+0000,0,AVRO,hammer,1,AVRO-218,67.0,65,1,Won't Fix,1448.82578856,218,1,0,0,0,3,11
Open,Major,2011-05-06T19:25:18.051+0000,Improvement,hammer,2009-11-19T10:23:34.723+0000,,0,AVRO,hammer,4,AVRO-217,229.0,39,2,,1551.30069011,217,1,0,0,0,3,11
Closed,Major,2010-03-01T17:09:10.447+0000,Improvement,hammer,2009-11-19T10:19:32.676+0000,2009-11-20T02:50:19.447+0000,0,AVRO,hammer,2,AVRO-216,,30,1,Fixed,1449.01902664,216,1,0,0,0,3,11
Closed,Major,2010-03-01T21:47:26.186+0000,Improvement,hammer,2009-11-19T10:15:55.091+0000,2010-01-04T17:48:09.850+0000,0,AVRO,hammer,2,AVRO-215,210.0,134,0,Won't Fix,1448.82578892,215,1,0,0,0,3,11
Open,Major,2011-12-13T19:08:35.275+0000,Bug,hammer,2009-11-19T00:10:49.277+0000,,0,AVRO,,1,AVRO-214,361.0,118,2,,1551.72621611,214,1,0,0,0,3,11
Closed,Major,2011-12-13T19:10:03.716+0000,Improvement,cutting,2009-11-18T19:19:25.843+0000,2009-11-24T19:08:05.646+0000,0,AVRO,cutting,2,AVRO-213,91.0,35,0,Fixed,1449.01903362,213,1,0,0,0,2,11
Closed,Major,2010-03-01T21:47:26.150+0000,Bug,thiru_mg,2009-11-18T13:53:59.117+0000,2009-11-21T02:26:59.436+0000,0,AVRO,thiru_mg,1,AVRO-212,230.0,70,1,Duplicate,1448.82578933,212,1,0,0,0,2,11
Closed,Major,2010-03-01T17:09:09.793+0000,Bug,thiru_mg,2009-11-18T13:13:33.631+0000,2009-11-19T19:16:08.451+0000,0,AVRO,sbanacho,4,AVRO-211,178.0,40,1,Fixed,1449.01903422,211,1,0,0,0,2,11
Closed,Major,2010-03-01T17:09:09.755+0000,Bug,thiru_mg,2009-11-18T13:11:27.289+0000,2009-11-19T19:15:55.447+0000,0,AVRO,sbanacho,7,AVRO-210,1314.0,59,1,Fixed,1449.01903466,210,1,0,0,0,2,11
Open,Major,2009-11-18T05:57:59.488+0000,Bug,phunt,2009-11-18T05:57:59.488+0000,,0,AVRO,,0,AVRO-209,341.0,53,1,,1552.48512571,209,1,1,1,0,2,11
Closed,Major,2010-03-01T17:09:09.689+0000,Bug,phunt,2009-11-18T05:53:59.213+0000,2010-02-04T20:00:36.949+0000,0,AVRO,cutting,11,AVRO-208,140.0,56,1,Fixed,1449.01903542,208,1,0,1,0,2,11
Closed,Minor,2010-03-01T17:09:09.631+0000,Bug,phunt,2009-11-18T05:51:25.454+0000,2010-01-10T17:26:02.805+0000,0,AVRO,hammer,3,AVRO-207,205.0,54,1,Fixed,1449.01903609,207,1,0,1,0,2,11
Closed,Major,2010-03-01T17:09:09.596+0000,Bug,phunt,2009-11-18T05:17:51.868+0000,2010-01-13T22:16:19.827+0000,0,AVRO,phunt,5,AVRO-206,668.0,66,1,Not A Problem,1449.01903649,206,2,1,1,0,2,11
Closed,Major,2010-03-01T17:09:09.534+0000,Improvement,sbanacho,2009-11-17T18:50:44.358+0000,2010-01-04T17:06:33.258+0000,0,AVRO,sbanacho,1,AVRO-205,218.0,35,1,Fixed,1449.01903721,205,1,0,0,0,1,11
Closed,Major,2010-03-01T17:09:09.497+0000,Improvement,sbanacho,2009-11-16T22:43:37.723+0000,2009-11-17T01:12:28.380+0000,0,AVRO,sbanacho,1,AVRO-204,637.0,46,1,Fixed,1449.01903765,204,1,0,0,0,0,11
Closed,Major,2010-03-01T17:09:09.458+0000,Improvement,hammer,2009-11-16T11:44:43.210+0000,2009-11-19T00:49:44.190+0000,0,AVRO,hammer,3,AVRO-203,179.0,73,0,Fixed,1449.01903809,203,1,0,0,0,0,11
Closed,Minor,2010-03-01T17:09:09.387+0000,Improvement,hammer,2009-11-16T11:14:49.015+0000,2009-11-20T02:57:15.251+0000,0,AVRO,hammer,14,AVRO-202,137.0,34,1,Fixed,1449.01903892,202,1,0,0,0,0,11
Closed,Major,2010-03-01T17:09:09.346+0000,Improvement,hammer,2009-11-16T10:51:29.983+0000,2009-11-19T00:45:53.840+0000,0,AVRO,hammer,4,AVRO-201,235.0,57,1,Fixed,1449.01903939,201,1,0,0,0,0,11
Closed,Minor,2010-03-01T17:09:09.288+0000,Improvement,ehillenius,2009-11-16T06:49:56.644+0000,2009-11-16T21:42:16.251+0000,0,AVRO,,5,AVRO-200,256.0,39,2,Won't Fix,1449.01903989,200,1,1,1,0,0,11
Closed,Major,2010-03-01T17:09:09.038+0000,Improvement,hammer,2009-11-16T05:29:04.265+0000,2009-11-19T19:09:50.653+0000,0,AVRO,hammer,12,AVRO-199,954.0,29,1,Fixed,1449.01904296,199,1,0,0,0,0,11
Closed,Major,2010-03-01T17:09:08.993+0000,Bug,phunt,2009-11-15T21:41:27.437+0000,2010-01-18T21:18:10.747+0000,0,AVRO,cutting,2,AVRO-198,394.0,78,1,Fixed,1449.0190435,198,1,0,1,0,6,11
Closed,Major,2010-03-01T17:09:08.960+0000,Improvement,sbanacho,2009-11-14T22:43:39.169+0000,2009-11-16T18:21:22.549+0000,0,AVRO,sbanacho,1,AVRO-197,334.0,50,1,Fixed,1449.01904387,197,1,0,0,0,5,11
Open,Minor,2011-12-06T16:44:16.060+0000,New Feature,justinsb,2009-11-13T19:34:57.952+0000,,3,AVRO,,4,AVRO-196,873.0,31,3,,1556.9177824,196,1,1,0,0,4,11
Closed,Major,2010-03-01T17:09:08.899+0000,Improvement,massie,2009-11-13T05:27:56.470+0000,2009-11-14T07:10:32.971+0000,0,AVRO,massie,1,AVRO-195,532.0,38,0,Fixed,1449.01904458,195,1,0,0,0,4,11
Closed,Major,2010-03-01T17:09:08.858+0000,Bug,sbanacho,2009-11-12T18:19:56.335+0000,2009-11-12T19:19:15.319+0000,0,AVRO,sbanacho,1,AVRO-194,165.0,33,0,Fixed,1449.01904505,194,1,0,0,0,3,11
Closed,Major,2011-12-13T19:10:04.272+0000,Bug,thiru_mg,2009-11-12T06:37:31.296+0000,2009-11-12T23:31:22.065+0000,0,AVRO,thiru_mg,3,AVRO-193,129.0,37,0,Fixed,1449.01904547,193,1,0,0,0,3,11
Closed,Minor,2010-03-01T17:09:08.756+0000,Improvement,cutting,2009-11-11T21:22:27.269+0000,2009-11-11T22:04:21.930+0000,0,AVRO,cutting,4,AVRO-192,162.0,61,1,Fixed,1449.01904624,192,1,1,0,0,2,11
Closed,Major,2010-03-01T17:09:08.718+0000,Bug,cutting,2009-11-11T01:25:49.606+0000,2009-11-12T02:18:21.158+0000,0,AVRO,sbanacho,3,AVRO-191,276.0,32,0,Fixed,1449.01904669,191,1,0,0,0,2,11
Closed,Major,2010-03-01T17:09:08.686+0000,Improvement,sbanacho,2009-11-10T22:22:11.962+0000,2009-11-12T18:17:03.054+0000,0,AVRO,sbanacho,2,AVRO-190,197.0,45,0,Fixed,1449.01904706,190,1,0,0,0,1,11
Closed,Minor,2010-03-01T17:09:08.622+0000,Bug,cutting,2009-11-10T18:38:59.696+0000,2009-11-10T23:33:35.735+0000,0,AVRO,massie,1,AVRO-189,207.0,19,0,Fixed,1449.01904779,189,1,0,0,0,1,11
Closed,Trivial,2010-03-01T17:09:08.443+0000,Bug,cutting,2009-11-10T18:37:52.523+0000,2009-11-10T22:09:00.129+0000,0,AVRO,massie,2,AVRO-188,173.0,26,0,Fixed,1449.01904987,188,1,0,0,0,1,11
Closed,Major,2010-03-01T17:09:07.918+0000,Improvement,massie,2009-11-10T08:29:38.965+0000,2009-11-10T18:52:57.971+0000,0,AVRO,massie,6,AVRO-187,137.0,76,0,Fixed,1449.01905584,187,1,0,0,0,1,11
Closed,Major,2010-03-01T17:09:07.802+0000,Improvement,massie,2009-11-09T06:00:24.251+0000,2009-11-10T08:34:44.910+0000,0,AVRO,massie,2,AVRO-186,228.0,36,1,Fixed,1449.01905729,186,1,0,3,0,0,11
Closed,Major,2010-03-01T17:09:07.667+0000,Improvement,cutting,2009-11-06T22:11:22.840+0000,2009-11-11T23:53:15.997+0000,0,AVRO,cutting,8,AVRO-185,316.0,37,0,Fixed,1449.01905886,185,1,1,0,0,4,11
Closed,Minor,2010-03-01T17:09:07.623+0000,Bug,thiru_mg,2009-11-06T17:57:02.711+0000,2009-12-04T14:36:55.986+0000,0,AVRO,thiru_mg,8,AVRO-184,1674.0,36,0,Fixed,1449.01905929,184,1,1,0,0,4,11
Open,Major,2010-06-22T16:14:18.128+0000,New Feature,cutting,2009-11-05T20:33:03.719+0000,,0,AVRO,johnyu0520,4,AVRO-183,107.0,95,0,,1564.87743789,183,1,1,0,0,3,11
Closed,Major,2010-03-01T17:09:07.539+0000,Bug,cutting,2009-11-05T20:28:08.209+0000,2009-11-11T21:12:23.006+0000,0,AVRO,cutting,14,AVRO-182,264.0,53,0,Fixed,1449.01906028,182,1,1,0,0,3,11
Closed,Major,2011-12-13T19:10:02.969+0000,Task,gkesavan,2009-11-04T19:53:42.868+0000,2010-01-14T01:33:09.579+0000,0,AVRO,gkesavan,4,AVRO-181,798.0,55,0,Fixed,1449.01906079,181,1,0,0,0,2,11
Closed,Major,2010-03-01T17:09:07.444+0000,Improvement,sbanacho,2009-11-03T18:14:17.178+0000,2009-11-03T18:26:23.802+0000,0,AVRO,sbanacho,1,AVRO-180,185.0,36,0,Fixed,1449.01906144,180,1,0,0,0,1,11
Closed,Major,2010-03-01T17:09:07.386+0000,Improvement,massie,2009-11-03T02:12:40.164+0000,2009-11-03T19:02:47.708+0000,0,AVRO,massie,1,AVRO-179,137.0,38,1,Fixed,1449.01906213,179,1,0,3,0,1,11
Closed,Major,2011-12-13T19:10:03.179+0000,Improvement,massie,2009-11-02T15:38:43.587+0000,2009-11-03T19:03:47.478+0000,0,AVRO,massie,1,AVRO-178,148.0,67,0,Fixed,1449.01906251,178,1,0,3,0,0,11
Closed,Major,2010-03-01T17:09:07.309+0000,Improvement,cutting,2009-10-30T19:53:50.977+0000,2009-11-05T21:40:57.420+0000,0,AVRO,cutting,2,AVRO-177,58.0,34,0,Fixed,1449.01906302,177,1,1,0,0,4,10
Closed,Major,2010-03-01T17:09:07.245+0000,Bug,sbanacho,2009-10-29T20:43:52.563+0000,2009-10-30T02:42:57.694+0000,0,AVRO,sbanacho,2,AVRO-176,225.0,62,0,Fixed,1449.01906375,176,1,0,0,0,3,10
Closed,Major,2010-03-01T17:09:07.040+0000,Improvement,massie,2009-10-29T20:17:06.053+0000,2009-10-31T23:20:01.195+0000,0,AVRO,massie,1,AVRO-175,312.0,75,0,Fixed,1449.01906612,175,1,0,3,0,3,10
Closed,Minor,2010-04-01T16:50:44.484+0000,Improvement,philip,2009-10-28T01:12:36.777+0000,2010-03-10T18:47:18.287+0000,0,AVRO,cutting,3,AVRO-174,142.0,44,0,Fixed,1418.03182717,174,1,1,0,0,2,10
Closed,Minor,2011-12-13T19:06:47.245+0000,New Feature,philip,2009-10-28T01:11:28.067+0000,2010-03-10T18:47:40.905+0000,0,AVRO,cutting,2,AVRO-173,78.0,27,0,Fixed,1418.03188385,173,1,1,0,0,2,10
Closed,Major,2010-03-01T17:09:06.903+0000,Improvement,massie,2009-10-26T21:41:39.698+0000,2009-10-27T17:48:51.162+0000,0,AVRO,massie,1,AVRO-172,843.0,66,1,Fixed,1449.01906771,172,1,0,3,0,0,10
Closed,Major,2010-03-01T17:09:06.837+0000,Bug,mrfish,2009-10-24T13:38:26.050+0000,2009-11-13T00:35:47.545+0000,0,AVRO,cutting,10,AVRO-171,736.0,61,1,Fixed,1449.01906848,171,1,1,1,0,5,10
Closed,Major,2010-03-01T17:09:06.788+0000,Bug,mrfish,2009-10-24T00:55:54.045+0000,2009-11-12T19:43:47.568+0000,0,AVRO,cutting,1,AVRO-170,568.0,33,1,Duplicate,1449.01906894,170,1,1,1,0,5,10
Closed,Trivial,2010-03-01T17:09:06.731+0000,Bug,hammer,2009-10-23T10:06:04.286+0000,2009-11-05T22:49:10.095+0000,0,AVRO,hammer,2,AVRO-169,44.0,25,1,Fixed,1449.01906972,169,1,0,0,0,4,10
Closed,Major,2010-03-01T17:09:06.643+0000,Improvement,massie,2009-10-22T22:05:34.497+0000,2009-10-23T18:59:41.361+0000,0,AVRO,massie,1,AVRO-168,1316.0,63,0,Fixed,1449.01907074,168,0,0,3,0,3,10
Closed,Major,2010-03-01T17:09:06.610+0000,Improvement,philip,2009-10-21T06:23:55.421+0000,2009-10-21T17:46:51.864+0000,0,AVRO,philip,1,AVRO-167,465.0,57,0,Fixed,1449.01907111,167,1,1,0,0,2,10
Closed,Major,2011-12-13T19:06:44.792+0000,Improvement,philip,2009-10-21T06:07:26.878+0000,2009-10-21T17:11:54.769+0000,0,AVRO,philip,2,AVRO-166,536.0,74,0,Fixed,1449.01907176,166,1,1,0,0,2,10
Closed,Minor,2010-03-01T17:09:06.489+0000,Bug,philip,2009-10-21T05:27:07.288+0000,2009-10-21T16:47:42.485+0000,0,AVRO,philip,2,AVRO-165,152.0,43,0,Fixed,1449.01907253,165,1,1,0,0,2,10
Closed,Major,2010-03-01T17:09:06.454+0000,Improvement,philip,2009-10-21T05:08:27.407+0000,2009-11-11T23:54:10.279+0000,0,AVRO,cutting,2,AVRO-164,296.0,70,0,Duplicate,1449.01907292,164,1,1,0,0,2,10
Closed,Critical,2010-03-01T17:09:03.032+0000,Improvement,massie,2009-10-20T23:01:20.043+0000,2010-01-12T01:13:54.428+0000,0,AVRO,cutting,41,AVRO-163,1940.0,56,3,Fixed,1449.01911253,163,4,1,0,0,1,10
Closed,Major,2010-03-01T17:09:02.973+0000,Bug,massie,2009-10-20T22:09:58.629+0000,2009-10-22T16:17:27.238+0000,0,AVRO,massie,1,AVRO-162,190.0,45,0,Fixed,1449.01911323,162,1,0,0,0,1,10
Closed,Major,2010-03-01T21:47:26.085+0000,Test,hammer,2009-10-20T21:26:57.106+0000,2009-12-23T13:14:29.809+0000,0,AVRO,hammer,6,AVRO-161,196.0,110,1,Duplicate,1448.82579016,161,1,0,0,0,1,10
Closed,Major,2010-03-01T17:09:02.892+0000,Improvement,cutting,2009-10-20T20:30:35.446+0000,2009-12-31T17:32:27.672+0000,1,AVRO,cutting,49,AVRO-160,691.0,43,3,Fixed,1449.01911417,160,1,0,0,0,1,10
Closed,Major,2011-03-12T00:32:47.766+0000,Sub-task,chirino,2009-10-20T20:14:09.762+0000,2010-12-16T00:41:56.939+0000,1,AVRO,scott_carey,10,AVRO-159,,49,5,Fixed,1073.71095589,159,1,1,0,0,1,10
Closed,Major,2010-03-01T17:09:02.825+0000,New Feature,hammer,2009-10-20T20:12:56.692+0000,2009-11-07T00:56:33.113+0000,0,AVRO,cutting,6,AVRO-158,68.0,34,1,Fixed,1449.01911481,158,1,1,0,0,1,10
Closed,Major,2010-03-01T17:09:02.754+0000,Improvement,sbanacho,2009-10-20T18:20:02.554+0000,2009-10-28T20:27:26.547+0000,0,AVRO,sbanacho,3,AVRO-157,312.0,24,0,Fixed,1449.01911576,157,1,0,0,0,1,10
Closed,Trivial,2011-12-13T19:06:49.998+0000,Bug,hammer,2009-10-20T08:01:13.357+0000,2009-10-20T18:01:58.910+0000,0,AVRO,hammer,2,AVRO-156,93.0,54,0,Fixed,1449.01911626,156,1,1,0,0,1,10
Closed,Major,2010-03-01T17:09:02.639+0000,Improvement,hammer,2009-10-19T08:53:31.608+0000,2009-10-20T06:27:16.985+0000,0,AVRO,hammer,5,AVRO-155,367.0,36,1,Fixed,1449.01911694,155,1,0,0,0,0,10
Closed,Major,2011-12-13T19:06:52.776+0000,New Feature,philip,2009-10-16T06:17:34.729+0000,2009-11-20T04:39:47.995+0000,0,AVRO,philip,7,AVRO-154,373.0,38,1,Fixed,1449.01911785,154,1,1,0,0,4,10
Open,Major,2010-10-25T17:33:08.962+0000,Improvement,philip,2009-10-16T03:20:43.911+0000,,0,AVRO,,5,AVRO-153,289.0,58,5,,1585.59433387,153,1,0,0,0,4,10
Closed,Major,2011-12-13T19:06:52.439+0000,New Feature,philip,2009-10-16T03:00:34.741+0000,2010-01-08T19:50:19.663+0000,0,AVRO,philip,16,AVRO-152,151.0,70,1,Fixed,1449.01911836,152,1,1,0,0,4,10
Closed,Major,2010-03-01T17:09:02.457+0000,New Feature,massie,2009-10-15T23:35:56.666+0000,2009-10-15T23:44:43.197+0000,0,AVRO,massie,7,AVRO-151,1443.0,34,0,Fixed,1449.01911902,151,1,0,0,0,3,10
Closed,Major,2010-09-08T21:07:37.518+0000,Bug,cutting,2009-10-15T16:48:32.415+0000,2010-06-15T23:39:38.586+0000,0,AVRO,johnyu0520,12,AVRO-150,121.0,50,2,Fixed,1257.85343558,150,1,1,1,0,3,10
Closed,Major,2010-03-01T17:09:02.370+0000,New Feature,philip,2009-10-15T05:42:37.899+0000,2009-10-27T23:59:03.210+0000,0,AVRO,philip,18,AVRO-149,178.0,60,1,Fixed,1449.01912022,149,0,0,0,0,3,10
Closed,Major,2010-03-01T17:09:02.293+0000,Improvement,sbanacho,2009-10-14T01:27:53.180+0000,2009-10-20T22:32:20.206+0000,0,AVRO,sbanacho,5,AVRO-148,126.0,35,0,Fixed,1449.01912111,148,1,0,0,0,2,10
Closed,Major,2010-03-01T17:09:01.999+0000,Improvement,sbanacho,2009-10-14T01:01:15.668+0000,2009-10-15T15:47:48.236+0000,0,AVRO,sbanacho,11,AVRO-147,214.0,43,0,Fixed,1449.0191242,147,1,0,0,0,2,10
Closed,Major,2011-12-13T19:08:34.553+0000,New Feature,philip,2009-10-14T00:11:59.496+0000,2009-10-22T22:24:49.443+0000,0,AVRO,philip,13,AVRO-146,1032.0,44,1,Fixed,1449.01912537,146,1,0,0,0,2,10
Open,Major,2009-10-13T21:35:26.905+0000,Test,cutting,2009-10-13T21:35:26.905+0000,,0,AVRO,,0,AVRO-145,145.0,35,1,,1587.83411404,145,1,1,0,0,1,10
Open,Major,2010-04-05T17:30:29.441+0000,Test,cutting,2009-10-13T21:32:31.726+0000,,0,AVRO,,1,AVRO-144,99.0,28,4,,1587.83614158,144,1,1,0,0,1,10
Open,Major,2009-10-15T00:41:07.064+0000,Improvement,cutting,2009-10-13T21:29:38.578+0000,,0,AVRO,,6,AVRO-143,504.0,33,5,,1587.83814561,143,1,1,0,0,1,10
Closed,Minor,2010-03-01T17:09:01.637+0000,Improvement,philip,2009-10-13T19:56:34.503+0000,2009-10-14T20:47:17.701+0000,0,AVRO,philip,6,AVRO-142,472.0,49,0,Fixed,1449.01912792,142,1,1,0,0,1,10
Closed,Major,2010-03-01T17:10:28.287+0000,Bug,isabel,2009-10-13T07:41:16.912+0000,2009-10-14T18:54:22.834+0000,0,AVRO,isabel,2,AVRO-141,384.0,91,1,Fixed,1449.01812556,141,1,1,1,0,1,10
Closed,Major,2009-10-14T18:53:06.270+0000,Improvement,cutting,2009-10-08T21:06:52.065+0000,2009-10-09T20:54:59.077+0000,0,AVRO,cutting,2,AVRO-140,41.0,44,0,Fixed,1586.94685287,140,1,1,0,0,3,10
Closed,Major,2009-10-14T18:53:06.210+0000,New Feature,cutting,2009-10-08T20:33:46.435+0000,2009-10-09T20:53:07.055+0000,0,AVRO,cutting,2,AVRO-139,190.0,42,1,Fixed,1586.94685357,139,1,1,0,0,3,10
Closed,Major,2011-12-13T19:06:51.385+0000,Bug,thiru_mg,2009-10-07T19:02:42.198+0000,2009-10-07T19:41:36.718+0000,0,AVRO,thiru_mg,1,AVRO-138,618.0,46,0,Fixed,1586.94685421,138,1,1,0,0,2,10
Closed,Major,2012-05-11T21:19:59.238+0000,Bug,amareshwari,2009-10-07T06:35:31.471+0000,2009-10-09T06:00:46.969+0000,0,AVRO,sharadag,4,AVRO-137,108.0,60,0,Fixed,1586.94685484,137,1,1,0,0,2,10
Closed,Major,2010-03-01T17:10:28.177+0000,Improvement,phunt,2009-10-06T06:14:04.690+0000,2010-02-16T21:25:35.502+0000,0,AVRO,hammer,19,AVRO-136,77.0,46,3,Fixed,1449.01812711,136,1,0,1,0,1,10
Closed,Blocker,2010-03-01T17:10:27.938+0000,New Feature,cutting,2009-10-05T21:50:03.066+0000,2010-01-22T01:30:13.370+0000,0,AVRO,philip,27,AVRO-135,71.0,29,8,Fixed,1449.01812987,135,2,1,0,0,0,10
Closed,Major,2011-12-13T19:06:45.948+0000,Bug,thiru_mg,2009-10-05T21:05:34.639+0000,2009-10-07T18:36:56.806+0000,0,AVRO,thiru_mg,7,AVRO-134,521.0,72,2,Fixed,1586.94685696,134,1,1,0,0,0,10
Closed,Major,2009-10-14T18:53:05.847+0000,Bug,jonbratseth,2009-10-05T17:10:33.045+0000,2009-10-06T17:39:41.126+0000,0,AVRO,cutting,7,AVRO-133,227.0,39,1,Fixed,1586.94685778,133,1,0,0,0,0,10
Closed,Major,2009-10-20T18:08:09.837+0000,Bug,sbanacho,2009-10-02T19:11:14.286+0000,2009-10-08T00:13:50.355+0000,0,AVRO,sbanacho,4,AVRO-132,407.0,68,0,Fixed,1580.97806111,132,1,0,0,0,4,10
Closed,Major,2011-12-13T19:06:53.755+0000,Improvement,gkesavan,2009-09-30T11:30:52.517+0000,2009-10-06T21:33:34.160+0000,0,AVRO,gkesavan,2,AVRO-131,99.0,52,0,Fixed,1586.94685855,131,1,1,1,0,2,9
Closed,Major,2010-03-01T17:10:27.879+0000,Bug,phunt,2009-09-30T04:09:39.001+0000,2010-01-07T19:27:23.581+0000,0,AVRO,hammer,2,AVRO-130,792.0,71,1,Fixed,1449.01813056,130,1,0,1,0,2,9
Closed,Major,2009-10-14T18:53:05.646+0000,New Feature,cutting,2009-09-29T21:10:49.573+0000,2009-09-30T20:53:08.598+0000,0,AVRO,cutting,2,AVRO-129,45.0,26,2,Fixed,1586.94686012,129,1,1,0,0,1,9
Closed,Minor,2011-12-13T19:06:52.618+0000,Improvement,yangyangyyy,2009-09-28T20:59:43.470+0000,2010-01-14T01:36:38.491+0000,0,AVRO,,1,AVRO-128,584.0,27,2,Not A Problem,1448.82579073,128,1,1,0,0,0,9
Closed,Major,2011-12-13T19:06:46.167+0000,New Feature,yangyangyyy,2009-09-28T16:41:55.933+0000,2009-09-29T00:23:03.129+0000,0,AVRO,,4,AVRO-127,363.0,62,2,Fixed,1580.97806466,127,1,1,0,0,0,9
Closed,Major,2010-03-01T21:47:25.863+0000,Improvement,floleibert,2009-09-28T07:55:07.227+0000,2010-01-12T22:32:16.041+0000,0,AVRO,,7,AVRO-126,252.0,90,2,Duplicate,1448.82579264,126,1,1,0,0,0,9
Closed,Major,2009-10-14T18:53:05.608+0000,Bug,cutting,2009-09-25T19:22:33.875+0000,2009-09-25T21:47:26.952+0000,0,AVRO,cutting,2,AVRO-125,92.0,43,1,Fixed,1586.94686057,125,1,0,1,0,4,9
Closed,Blocker,2009-10-14T18:53:05.519+0000,Bug,phunt,2009-09-25T18:00:30.059+0000,2009-09-25T22:10:11.894+0000,0,AVRO,cutting,5,AVRO-124,418.0,58,0,Fixed,1586.94686159,124,1,1,1,0,4,9
Closed,Blocker,2009-10-14T18:53:05.456+0000,Bug,phunt,2009-09-25T07:49:34.055+0000,2009-09-25T21:23:14.413+0000,0,AVRO,cutting,4,AVRO-123,711.0,67,0,Fixed,1586.94686233,123,1,1,1,0,4,9
Closed,Minor,2009-10-14T18:53:05.398+0000,Bug,phunt,2009-09-24T18:11:19.457+0000,2009-09-24T21:46:43.638+0000,0,AVRO,phunt,2,AVRO-122,664.0,57,0,Fixed,1586.94686299,122,1,1,1,0,3,9
Closed,Critical,2009-10-14T18:53:05.371+0000,Improvement,cutting,2009-09-23T19:36:33.777+0000,2009-09-24T21:34:27.091+0000,0,AVRO,cutting,2,AVRO-121,297.0,73,0,Fixed,1586.9468633,121,1,1,0,0,2,9
Closed,Major,2009-10-14T18:53:05.305+0000,Improvement,cutting,2009-09-23T18:58:11.756+0000,2009-09-25T21:11:01.700+0000,0,AVRO,cutting,6,AVRO-120,276.0,48,0,Fixed,1586.94686407,120,1,1,1,0,2,9
Closed,Major,2009-10-14T18:53:05.265+0000,Bug,cutting,2009-09-22T18:08:50.036+0000,2009-09-23T22:38:09.353+0000,0,AVRO,cutting,2,AVRO-119,72.0,45,0,Fixed,1586.94686455,119,1,1,1,0,1,9
Closed,Major,2009-10-14T18:53:05.156+0000,Bug,cutting,2009-09-22T18:03:16.675+0000,2009-09-24T21:42:30.964+0000,0,AVRO,thiru_mg,5,AVRO-118,105.0,60,1,Fixed,1586.9468655,118,1,1,1,0,1,9
Closed,Major,2009-10-14T18:53:05.046+0000,Bug,sbanacho,2009-09-21T23:37:20.438+0000,2009-09-23T22:40:56.663+0000,0,AVRO,sbanacho,6,AVRO-117,359.0,38,0,Fixed,1586.94686689,117,1,0,0,0,0,9
Closed,Major,2009-10-14T18:53:04.785+0000,Improvement,sbanacho,2009-09-19T20:09:01.206+0000,2009-09-22T18:51:22.328+0000,0,AVRO,sbanacho,4,AVRO-116,244.0,35,1,Fixed,1586.94687001,116,1,0,0,0,5,9
Closed,Major,2009-10-14T18:53:04.744+0000,Improvement,cutting,2009-09-11T18:44:42.177+0000,2009-09-23T22:34:45.353+0000,1,AVRO,cutting,2,AVRO-115,1107.0,19,2,Fixed,1586.94687043,115,1,0,0,0,4,9
Closed,Major,2011-12-13T19:08:34.885+0000,Bug,massie,2009-09-11T04:54:50.155+0000,2009-09-11T17:32:25.982+0000,0,AVRO,massie,3,AVRO-114,58.0,57,1,Fixed,1614.79498681,114,1,0,0,0,4,9
Closed,Major,2009-10-14T18:53:04.645+0000,Bug,sbanacho,2009-09-08T21:10:33.815+0000,2009-09-22T18:47:48.370+0000,0,AVRO,sbanacho,1,AVRO-113,348.0,45,0,Fixed,1586.94687164,113,1,0,0,0,1,9
Closed,Trivial,2009-09-16T22:31:47.411+0000,Improvement,sbanacho,2009-09-04T22:30:06.596+0000,2009-09-08T20:23:16.283+0000,0,AVRO,sbanacho,2,AVRO-112,70.0,52,0,Fixed,1614.79498787,112,1,0,0,0,4,9
Closed,Major,2009-09-16T22:31:47.335+0000,Improvement,cutting,2009-09-02T18:18:46.252+0000,2009-09-04T16:40:00.092+0000,0,AVRO,cutting,1,AVRO-111,,31,0,Fixed,1614.79498856,111,1,0,0,0,2,9
Closed,Major,2009-09-16T22:31:47.223+0000,Improvement,cutting,2009-09-01T18:33:07.150+0000,2009-09-02T18:12:36.845+0000,0,AVRO,cutting,2,AVRO-110,564.0,59,0,Fixed,1614.79498976,110,1,1,0,0,1,9
Closed,Major,2009-09-16T22:31:46.689+0000,New Feature,cutting,2009-08-28T16:46:10.390+0000,2009-09-03T21:20:17.005+0000,0,AVRO,cutting,4,AVRO-109,259.0,40,0,Fixed,1614.79499623,109,1,0,0,0,4,8
Closed,Major,2009-09-16T22:31:46.662+0000,New Feature,cutting,2009-08-28T16:36:37.969+0000,2009-08-31T18:05:37.990+0000,0,AVRO,cutting,5,AVRO-108,459.0,21,2,Fixed,1614.79499654,108,1,1,0,0,4,8
Closed,Minor,2009-09-16T22:31:46.619+0000,Bug,cutting,2009-08-27T22:21:21.535+0000,2009-08-27T22:25:14.112+0000,0,AVRO,cutting,1,AVRO-107,180.0,73,0,Fixed,1614.79499703,107,1,1,1,0,3,8
Open,Minor,2009-08-27T17:22:44.675+0000,Test,ehillenius,2009-08-22T00:07:28.413+0000,,0,AVRO,ehillenius,1,AVRO-106,168.0,31,1,,1635.00960282,106,1,1,1,0,5,8
Open,Major,2009-09-23T23:01:35.426+0000,New Feature,ravidotg,2009-08-20T08:40:41.130+0000,,0,AVRO,ravidotg,10,AVRO-105,138.0,81,0,,1642.37214391,105,1,1,0,0,3,8
Closed,Major,2009-09-16T22:31:46.504+0000,Bug,ehillenius,2009-08-20T07:07:20.860+0000,2009-08-25T22:53:29.284+0000,0,AVRO,ehillenius,26,AVRO-104,91.0,33,1,Fixed,1614.79499837,104,1,1,2,0,3,8
Closed,Major,2009-10-14T18:53:04.594+0000,New Feature,ehillenius,2009-08-19T04:34:27.849+0000,2009-09-30T21:54:23.098+0000,0,AVRO,cutting,4,AVRO-103,375.0,79,0,Fixed,1586.94687234,103,1,1,2,0,2,8
Closed,Trivial,2009-09-16T22:31:46.413+0000,Task,ehillenius,2009-08-19T04:15:42.614+0000,2009-08-21T22:44:48.417+0000,0,AVRO,ehillenius,1,AVRO-102,66.0,43,0,Fixed,1614.79499932,102,1,1,2,0,2,8
Closed,Major,2009-10-14T18:53:04.524+0000,Bug,ehillenius,2009-08-19T04:12:26.269+0000,2009-09-25T21:56:06.884+0000,0,AVRO,ehillenius,3,AVRO-101,478.0,59,0,Fixed,1586.946873,101,1,1,2,0,2,8
Closed,Major,2009-09-16T22:31:46.361+0000,Wish,sbanacho,2009-08-18T20:35:13.683+0000,2009-08-18T22:29:30.782+0000,0,AVRO,cutting,1,AVRO-100,146.0,55,0,Fixed,1614.7949998,100,1,0,0,0,1,8
Closed,Major,2009-10-14T18:53:04.425+0000,Improvement,sbanacho,2009-08-18T18:27:50.367+0000,2009-09-22T18:36:03.600+0000,0,AVRO,sbanacho,2,AVRO-99,321.0,51,0,Fixed,1586.94687421,99,1,0,0,0,1,8
Closed,Major,2009-09-16T22:31:46.264+0000,Improvement,sbanacho,2009-08-18T18:24:23.830+0000,2009-09-03T16:23:20.535+0000,0,AVRO,sbanacho,9,AVRO-98,235.0,31,0,Fixed,1614.79500116,98,1,0,0,0,1,8
Closed,Major,2009-09-16T22:31:46.195+0000,Bug,sbanacho,2009-08-18T17:45:13.272+0000,2009-08-18T21:07:26.333+0000,0,AVRO,sbanacho,2,AVRO-97,358.0,21,0,Fixed,1614.79500196,97,1,0,0,0,1,8
Closed,Trivial,2009-10-14T18:53:04.306+0000,Improvement,ehillenius,2009-08-18T16:50:46.252+0000,2009-09-25T22:16:48.013+0000,0,AVRO,,4,AVRO-96,304.0,47,0,Duplicate,1586.94687545,96,1,1,2,0,1,8
Closed,Major,2009-08-19T04:39:32.696+0000,Bug,ehillenius,2009-08-16T00:52:34.669+0000,2009-08-18T19:59:41.736+0000,0,AVRO,cutting,13,AVRO-95,457.0,72,2,Fixed,1643.53960248,95,1,1,1,0,6,8
Closed,Major,2009-08-25T05:54:01.613+0000,Bug,ehillenius,2009-08-15T21:55:41.496+0000,2009-08-25T05:53:22.523+0000,0,AVRO,,7,AVRO-94,700.0,64,2,Invalid,1637.48787908,94,1,1,2,0,5,8
Closed,Major,2009-08-19T04:39:00.832+0000,Bug,ehillenius,2009-08-15T21:02:08.523+0000,2009-08-19T04:38:41.314+0000,0,AVRO,,3,AVRO-93,169.0,42,1,Won't Fix,1643.53997144,93,1,1,2,0,5,8
Closed,Major,2009-09-16T22:31:46.168+0000,New Feature,cutting,2009-08-14T19:47:30.048+0000,2009-08-28T16:31:38.397+0000,0,AVRO,cutting,2,AVRO-92,95.0,34,1,Fixed,1614.79500228,92,1,0,1,0,4,8
Closed,Major,2009-09-16T22:31:46.028+0000,Bug,cutting,2009-08-14T18:24:15.901+0000,2009-08-18T19:43:57.856+0000,0,AVRO,cutting,4,AVRO-90,374.0,46,2,Fixed,1614.7950039,90,1,1,1,0,4,8
Closed,Major,2009-09-25T21:15:04.868+0000,Improvement,cutting,2009-08-12T17:06:33.606+0000,2009-08-12T22:35:14.117+0000,0,AVRO,cutting,4,AVRO-89,181.0,57,0,Fixed,1614.79500479,89,1,1,0,0,2,8
Closed,Major,2009-09-16T22:31:45.895+0000,Bug,ravidotg,2009-08-11T13:02:21.889+0000,2009-08-18T20:50:20.662+0000,0,AVRO,ravidotg,4,AVRO-88,436.0,56,0,Fixed,1614.79500544,88,1,1,0,0,1,8
Closed,Major,2009-09-16T22:31:45.810+0000,Bug,cutting,2009-07-31T23:29:09.334+0000,2009-08-12T16:39:45.397+0000,0,AVRO,thiru_mg,4,AVRO-87,39.0,28,0,Fixed,1614.79500622,87,1,1,0,0,4,7
Closed,Blocker,2010-09-08T21:07:37.143+0000,Bug,cutting,2009-07-31T20:32:54.610+0000,2010-08-25T17:44:32.254+0000,0,AVRO,cutting,6,AVRO-86,,92,1,Fixed,1257.85343995,86,1,1,2,0,4,7
Closed,Major,2009-09-16T22:31:45.722+0000,Bug,thiru_mg,2009-07-28T22:28:33.027+0000,2009-07-31T20:12:57.299+0000,0,AVRO,thiru_mg,2,AVRO-85,946.0,59,1,Fixed,1614.79500745,85,0,0,0,0,1,7
Closed,Major,2009-09-16T22:31:45.692+0000,Bug,raymie,2009-07-28T13:48:18.540+0000,2009-07-31T20:14:25.749+0000,0,AVRO,cutting,1,AVRO-84,429.0,35,1,Fixed,1614.79500781,84,1,0,0,0,1,7
Closed,Major,2009-09-16T22:31:45.635+0000,Improvement,cutting,2009-07-23T18:35:12.444+0000,2009-08-18T22:32:27.700+0000,0,AVRO,cutting,2,AVRO-83,147.0,56,1,Fixed,1614.79500847,83,1,1,1,0,3,7
Closed,Minor,2009-09-16T22:31:45.562+0000,Improvement,thiru_mg,2009-07-23T05:10:47.902+0000,2009-07-28T18:50:35.856+0000,0,AVRO,thiru_mg,6,AVRO-82,290.0,60,0,Fixed,1614.79500931,82,1,1,0,0,3,7
Closed,Major,2011-12-13T19:06:46.710+0000,Test,cos,2009-07-22T20:08:37.996+0000,2009-07-28T21:55:00.512+0000,0,AVRO,cos,6,AVRO-81,303.0,63,2,Fixed,1614.7950103,81,1,1,0,0,2,7
Closed,Major,2010-03-01T17:10:27.814+0000,Bug,sharadag,2009-07-20T03:44:49.395+0000,2009-11-20T22:58:44.860+0000,0,AVRO,cutting,11,AVRO-80,184.0,62,4,Fixed,1449.01813119,80,1,1,0,0,0,7
Closed,Major,2009-09-16T22:31:45.394+0000,Bug,thiru_mg,2009-07-18T04:29:51.019+0000,2009-07-20T21:04:14.248+0000,0,AVRO,thiru_mg,1,AVRO-79,347.0,62,0,Fixed,1614.79501107,79,1,1,0,0,5,7
Closed,Major,2009-09-16T22:31:45.321+0000,Bug,sharadag,2009-07-15T03:11:26.505+0000,2009-07-16T20:34:35.525+0000,0,AVRO,cutting,4,AVRO-78,92.0,54,0,Fixed,1614.79501189,78,1,1,1,0,2,7
Closed,Major,2009-07-14T22:50:14.709+0000,Bug,massie,2009-07-09T03:30:22.557+0000,2009-07-09T17:22:48.098+0000,0,AVRO,massie,1,AVRO-77,206.0,66,1,Fixed,1678.78217196,77,1,0,1,0,3,7
Closed,Major,2009-09-16T22:31:45.249+0000,Sub-task,gmporter,2009-07-06T17:31:40.765+0000,2009-07-31T22:56:50.636+0000,0,AVRO,gmporter,15,AVRO-76,,56,1,Fixed,1614.79501283,76,1,1,0,0,0,7
Closed,Major,2010-03-01T17:10:27.719+0000,Bug,raymie,2009-07-06T12:33:40.105+0000,2010-01-08T20:16:26.930+0000,0,AVRO,cutting,9,AVRO-75,830.0,43,2,Fixed,1449.0181325,75,1,0,0,0,0,7
Closed,Blocker,2011-12-13T19:10:03.527+0000,Bug,cutting,2009-07-04T16:45:48.295+0000,2009-07-04T17:03:33.200+0000,0,AVRO,cutting,1,AVRO-74,281.0,42,0,Fixed,1678.78217241,74,1,0,0,0,5,7
Closed,Major,2009-07-14T22:50:14.611+0000,Sub-task,massie,2009-07-03T20:29:11.026+0000,2009-07-06T11:29:02.063+0000,0,AVRO,sharadag,7,AVRO-73,,28,1,Fixed,1678.78217312,73,0,0,0,0,4,7
Closed,Major,2011-12-13T19:10:02.374+0000,Task,massie,2009-07-03T20:19:37.577+0000,2009-07-14T22:49:09.594+0000,0,AVRO,cutting,1,AVRO-72,66.0,24,1,Fixed,1678.78217346,72,1,0,1,0,4,7
Closed,Major,2009-09-16T22:31:45.166+0000,Improvement,sbanacho,2009-07-03T18:30:11.641+0000,2009-07-14T22:52:54.855+0000,0,AVRO,sbanacho,7,AVRO-71,239.0,51,0,Fixed,1614.79501383,71,1,0,0,0,4,7
Closed,Major,2009-07-14T22:50:14.544+0000,Sub-task,massie,2009-07-03T18:05:45.430+0000,2009-07-04T16:30:27.142+0000,0,AVRO,massie,1,AVRO-70,83.0,46,1,Fixed,1678.78217388,70,1,0,0,0,4,7
Closed,Major,2009-07-14T22:50:14.496+0000,Sub-task,massie,2009-07-03T05:05:12.797+0000,2009-07-04T16:27:38.039+0000,0,AVRO,massie,1,AVRO-69,201.0,79,1,Fixed,1678.78217445,69,0,0,1,0,4,7
Closed,Major,2009-07-14T22:50:14.464+0000,Improvement,massie,2009-07-03T01:44:16.543+0000,2009-07-03T04:35:27.483+0000,0,AVRO,massie,3,AVRO-68,152.0,58,1,Fixed,1678.78217482,68,0,0,0,0,4,7
Closed,Major,2009-07-14T22:50:14.413+0000,Sub-task,gmporter,2009-06-30T19:42:39.807+0000,2009-06-30T21:46:54.244+0000,0,AVRO,gmporter,2,AVRO-67,48.0,48,2,Fixed,1678.78217541,67,1,0,0,0,1,6
Closed,Major,2009-07-14T22:50:14.330+0000,New Feature,gmporter,2009-06-30T19:41:19.138+0000,2009-07-01T21:02:34.595+0000,0,AVRO,gmporter,16,AVRO-66,141.0,55,2,Fixed,1678.78217638,66,5,1,0,0,1,6
Closed,Major,2009-09-04T16:43:14.351+0000,New Feature,cutting,2009-06-29T16:48:14.747+0000,2009-07-15T18:36:32.929+0000,0,AVRO,,4,AVRO-65,80.0,38,2,Duplicate,1627.03703725,65,1,1,0,0,0,6
Closed,Major,2009-07-14T22:50:14.268+0000,Bug,gmporter,2009-06-29T16:18:05.236+0000,2009-07-07T11:47:10.563+0000,0,AVRO,sharadag,7,AVRO-64,218.0,60,1,Fixed,1678.7821771,64,1,0,0,0,0,6
Closed,Major,2009-09-04T16:43:14.220+0000,Improvement,cutting,2009-06-25T19:57:04.591+0000,2009-08-27T22:26:05.318+0000,0,AVRO,,1,AVRO-63,730.0,58,0,Won't Fix,1627.03703858,63,1,1,0,0,3,6
Closed,Major,2009-07-14T23:04:48.355+0000,Improvement,sharadag,2009-06-25T11:58:57.381+0000,2009-06-26T08:26:38.918+0000,0,AVRO,,3,AVRO-62,213.0,49,0,Won't Fix,1678.77206035,62,0,0,0,0,3,6
Closed,Major,2009-09-16T22:31:45.097+0000,Bug,thiru_mg,2009-06-24T07:26:40.170+0000,2009-08-18T20:57:10.951+0000,0,AVRO,ravidotg,3,AVRO-61,901.0,42,1,Fixed,1614.79501455,61,1,0,0,0,2,6
Closed,Major,2009-09-16T22:31:44.988+0000,Sub-task,massie,2009-06-22T22:45:43.195+0000,2009-07-14T22:59:48.071+0000,0,AVRO,massie,3,AVRO-60,,54,1,Fixed,1614.79501575,60,1,0,0,0,0,6
Closed,Major,2009-07-14T22:50:14.209+0000,Improvement,sbanacho,2009-06-20T19:35:20.201+0000,2009-06-25T19:13:01.190+0000,0,AVRO,sbanacho,3,AVRO-59,751.0,50,1,Fixed,1678.78217778,59,1,0,0,0,5,6
Closed,Major,2009-07-14T22:50:14.154+0000,New Feature,massie,2009-06-20T02:42:05.327+0000,2009-06-23T20:18:10.366+0000,0,AVRO,massie,13,AVRO-58,356.0,17,2,Fixed,1678.78217842,58,1,0,0,0,5,6
Closed,Major,2009-07-14T22:50:14.110+0000,Improvement,cutting,2009-06-19T21:28:27.972+0000,2009-06-23T20:38:59.328+0000,0,AVRO,cutting,3,AVRO-57,342.0,57,0,Fixed,1678.78217875,57,1,1,0,0,4,6
Closed,Major,2009-07-14T22:50:14.077+0000,Improvement,cutting,2009-06-18T22:12:21.367+0000,2009-06-19T20:46:14.878+0000,0,AVRO,cutting,2,AVRO-56,359.0,28,2,Fixed,1678.78217932,56,1,1,0,0,3,6
Closed,Major,2009-07-14T22:50:13.996+0000,Improvement,cutting,2009-06-17T23:10:25.139+0000,2009-06-18T20:11:20.690+0000,0,AVRO,cutting,1,AVRO-55,209.0,23,1,Fixed,1678.78218017,55,1,0,0,0,2,6
Closed,Major,2009-09-16T22:31:44.912+0000,Improvement,cutting,2009-06-16T21:07:47.112+0000,2009-07-18T04:18:44.194+0000,0,AVRO,cutting,2,AVRO-54,117.0,21,1,Fixed,1614.79501687,54,1,1,0,0,1,6
Closed,Major,2009-07-14T22:50:13.946+0000,Improvement,cutting,2009-06-16T20:59:43.976+0000,2009-06-17T20:20:40.655+0000,0,AVRO,cutting,3,AVRO-53,49.0,32,1,Fixed,1678.78218083,53,1,1,0,0,1,6
Open,Major,2010-01-04T17:48:54.793+0000,Test,philip,2009-06-13T19:13:15.094+0000,,1,AVRO,hammer,8,AVRO-52,494.0,53,5,,1709.932862,52,1,0,0,0,5,6
Closed,Major,2009-07-14T22:50:13.885+0000,Bug,philip,2009-06-13T17:36:22.499+0000,2009-06-15T05:47:22.166+0000,0,AVRO,philip,1,AVRO-51,84.0,33,2,Fixed,1678.78218155,51,1,0,0,0,5,6
Closed,Major,2009-09-16T22:31:44.807+0000,New Feature,philip,2009-06-13T16:56:07.895+0000,2009-07-22T20:21:18.971+0000,1,AVRO,cutting,23,AVRO-50,752.0,45,3,Fixed,1614.79501799,50,1,0,0,0,5,6
Closed,Major,2009-07-14T23:04:48.250+0000,Improvement,ijuma,2009-06-10T20:38:13.648+0000,2009-06-23T19:57:02.204+0000,0,AVRO,,6,AVRO-49,402.0,26,2,Won't Fix,1678.77206146,49,1,0,0,0,2,6
Closed,Minor,2009-07-14T22:50:13.806+0000,Task,thiru_mg,2009-06-06T04:13:03.651+0000,2009-06-08T21:54:31.105+0000,0,AVRO,thiru_mg,1,AVRO-48,99.0,87,0,Fixed,1678.78218236,48,1,1,1,0,5,6
Closed,Major,2010-03-01T17:10:27.593+0000,Bug,anomalizer,2009-06-05T20:21:33.718+0000,2010-01-22T22:42:52.200+0000,0,AVRO,sbanacho,8,AVRO-47,388.0,40,2,Fixed,1449.01813366,47,1,0,0,0,4,6
Closed,Major,2009-07-14T22:50:13.766+0000,Bug,sharadag,2009-06-03T05:56:40.878+0000,2009-06-25T18:12:19.825+0000,0,AVRO,sharadag,2,AVRO-46,70.0,44,0,Fixed,1678.78218294,46,1,0,0,0,2,6
Closed,Major,2009-07-14T22:50:13.701+0000,Bug,sbanacho,2009-06-03T00:27:44.724+0000,2009-06-03T17:46:58.283+0000,0,AVRO,sbanacho,2,AVRO-45,328.0,42,0,Fixed,1678.78218369,45,1,0,0,0,2,6
Closed,Minor,2009-07-14T22:50:10.161+0000,Bug,cutting,2009-06-02T19:08:33.102+0000,2009-06-03T00:11:08.675+0000,0,AVRO,massie,3,AVRO-44,184.0,41,0,Fixed,1678.78222459,44,1,0,0,0,1,6
Closed,Trivial,2011-12-13T19:10:02.628+0000,Bug,anomalizer,2009-06-02T04:12:31.186+0000,2009-06-02T17:11:53.839+0000,0,AVRO,,2,AVRO-43,890.0,38,0,Invalid,1678.77206196,43,1,0,0,0,1,6
Closed,Minor,2009-07-14T22:50:10.110+0000,New Feature,sbanacho,2009-06-01T23:27:22.143+0000,2009-06-03T00:01:36.711+0000,0,AVRO,sbanacho,7,AVRO-42,990.0,8,1,Fixed,1678.78222514,42,1,0,0,0,0,6
Closed,Major,2009-09-16T22:31:44.723+0000,New Feature,cutting,2009-06-01T17:54:34.057+0000,2009-09-02T18:13:13.435+0000,0,AVRO,cutting,5,AVRO-41,99.0,58,2,Fixed,1614.79501869,41,1,1,0,0,0,6
Closed,Major,2009-07-14T22:50:10.035+0000,Bug,anomalizer,2009-05-31T07:29:08.540+0000,2009-06-01T22:33:21.741+0000,0,AVRO,cutting,1,AVRO-40,162.0,22,2,Fixed,1678.782226,40,1,0,0,0,6,5
Closed,Major,2009-07-14T22:50:09.943+0000,Bug,sharadag,2009-05-27T08:29:55.739+0000,2009-05-27T16:07:06.315+0000,0,AVRO,sharadag,1,AVRO-39,50.0,52,0,Fixed,1678.78222718,39,1,1,0,0,2,5
Closed,Major,2009-07-14T22:50:09.885+0000,Improvement,sharadag,2009-05-26T08:55:56.024+0000,2009-05-26T17:39:09.971+0000,0,AVRO,sharadag,2,AVRO-38,24.0,22,0,Fixed,1678.78222786,38,1,0,0,0,1,5
Closed,Major,2009-07-14T22:50:09.828+0000,Improvement,massie,2009-05-22T22:16:09.786+0000,2009-05-26T18:06:47.028+0000,0,AVRO,massie,7,AVRO-37,3065.0,40,1,Fixed,1678.78222831,37,1,0,0,0,4,5
Closed,Major,2010-01-07T22:44:15.091+0000,Bug,cutting,2009-05-22T19:38:57.335+0000,2009-06-23T20:29:42.003+0000,0,AVRO,cutting,18,AVRO-36,202.0,42,2,Fixed,1678.7822295,36,1,1,0,0,4,5
Open,Major,2009-09-25T22:31:39.294+0000,Task,cutting,2009-05-22T17:57:58.501+0000,,0,AVRO,cutting,0,AVRO-35,143.0,46,3,,1731.98513741,35,1,1,0,0,4,5
Closed,Major,2009-07-14T22:50:09.696+0000,Improvement,cwalters,2009-05-15T15:47:22.793+0000,2009-05-22T19:29:30.830+0000,0,AVRO,cutting,2,AVRO-34,83.0,24,1,Fixed,1678.78223005,34,1,1,0,0,4,5
Closed,Major,2009-07-14T22:50:09.626+0000,New Feature,massie,2009-05-14T05:37:10.560+0000,2009-05-14T21:15:55.229+0000,1,AVRO,massie,7,AVRO-33,88.0,39,2,Fixed,1678.78223075,33,1,0,0,0,3,5
Closed,Major,2009-07-14T22:50:09.566+0000,Improvement,sharadag,2009-05-13T08:37:55.554+0000,2009-06-02T17:40:45.084+0000,0,AVRO,cutting,7,AVRO-32,78.0,53,1,Fixed,1678.78223157,32,1,1,0,0,2,5
Closed,Major,2009-07-14T22:50:09.530+0000,Bug,sharadag,2009-05-13T08:25:11.053+0000,2009-05-13T17:18:01.035+0000,0,AVRO,sharadag,3,AVRO-31,92.0,59,0,Fixed,1678.78223199,31,1,1,0,0,2,5
Closed,Major,2009-10-14T18:53:04.226+0000,Bug,cutting,2009-05-12T23:36:49.438+0000,2009-09-24T21:25:40.475+0000,0,AVRO,,6,AVRO-30,303.0,37,4,Duplicate,1586.94687671,30,1,1,0,0,1,5
Closed,Major,2009-07-14T22:50:09.480+0000,Improvement,raymie,2009-05-12T12:35:52.868+0000,2009-06-25T18:53:39.609+0000,0,AVRO,thiru_mg,11,AVRO-29,2090.0,52,2,Fixed,1678.78223256,29,1,1,0,0,1,5
Closed,Major,2009-07-14T22:50:09.405+0000,Improvement,sharadag,2009-05-11T07:46:51.964+0000,2009-07-01T16:54:07.053+0000,0,AVRO,sharadag,3,AVRO-28,32.0,47,0,Fixed,1678.78223343,28,1,0,0,0,0,5
Closed,Major,2009-07-14T23:04:48.110+0000,New Feature,massie,2009-05-06T20:11:33.942+0000,2009-06-23T20:02:38.061+0000,0,AVRO,,20,AVRO-27,3096.0,88,2,Later,1678.77206301,27,1,0,0,0,2,5
Closed,Major,2009-07-22T20:09:15.519+0000,Test,cos,2009-05-01T18:49:03.116+0000,2009-05-18T18:37:13.304+0000,0,AVRO,cos,19,AVRO-26,397.0,57,2,Fixed,1678.78223433,26,2,1,0,0,4,5
Closed,Major,2009-07-14T22:50:09.257+0000,Improvement,raymie,2009-04-29T18:34:39.366+0000,2009-06-05T18:32:17.730+0000,0,AVRO,thiru_mg,15,AVRO-25,1560.0,43,0,Fixed,1678.78223515,25,1,1,0,0,2,4
Closed,Major,2009-10-14T18:53:04.055+0000,Task,cutting,2009-04-27T20:02:26.990+0000,2009-09-30T21:32:28.433+0000,0,AVRO,cutting,5,AVRO-24,559.0,19,6,Fixed,1586.94687841,24,1,1,0,0,0,4
Open,Major,2009-07-28T22:40:32.482+0000,Improvement,hong.tang,2009-04-27T05:27:33.043+0000,,0,AVRO,,9,AVRO-23,102.0,57,2,,1757.50626542,23,1,1,0,0,0,4
Closed,Major,2009-07-14T22:50:09.166+0000,Bug,raymie,2009-04-25T11:19:17.470+0000,2009-06-05T18:59:36.068+0000,0,AVRO,cutting,13,AVRO-22,583.0,48,2,Fixed,1678.78223611,22,1,0,0,0,5,4
Closed,Major,2009-07-14T22:50:09.107+0000,Improvement,cutting,2009-04-24T21:10:59.287+0000,2009-05-13T17:56:43.272+0000,0,AVRO,cutting,3,AVRO-21,372.0,56,0,Fixed,1678.7822369,21,1,1,0,0,4,4
Open,Major,2010-03-10T19:15:56.134+0000,New Feature,cutting,2009-04-24T21:04:35.881+0000,,0,AVRO,,0,AVRO-20,116.0,33,2,,1759.85553813,20,1,1,0,0,4,4
Closed,Major,2009-07-14T23:15:35.609+0000,New Feature,cutting,2009-04-24T20:53:44.172+0000,2009-07-14T23:07:57.458+0000,0,AVRO,cutting,2,AVRO-19,85.0,24,0,Fixed,1678.76456904,19,1,1,0,0,4,4
Closed,Major,2009-07-14T22:50:09.009+0000,New Feature,cutting,2009-04-24T20:04:03.934+0000,2009-05-19T23:37:19.126+0000,0,AVRO,cutting,10,AVRO-18,39.0,13,0,Fixed,1678.7822379,18,1,0,0,0,4,4
Closed,Major,2009-07-14T23:04:48.041+0000,Improvement,cutting,2009-04-24T17:43:34.661+0000,2009-05-12T17:19:45.581+0000,0,AVRO,cutting,6,AVRO-17,158.0,24,0,Won't Fix,1678.77206406,17,1,0,0,0,4,4
Closed,Minor,2009-07-14T22:50:08.947+0000,Improvement,cutting,2009-04-21T19:53:39.495+0000,2009-04-21T19:55:24.207+0000,0,AVRO,cutting,1,AVRO-16,282.0,32,0,Fixed,1678.78223875,16,1,0,0,0,1,4
Closed,Major,2009-07-14T22:50:08.896+0000,Improvement,sharadag,2009-04-15T12:08:57.421+0000,2009-04-22T05:36:36.373+0000,0,AVRO,sharadag,3,AVRO-15,,50,0,Fixed,1678.78223934,15,1,0,1,0,2,4
Closed,Major,2009-07-14T22:50:08.840+0000,Bug,sharadag,2009-04-14T11:41:21.685+0000,2009-04-14T22:15:43.823+0000,0,AVRO,sharadag,3,AVRO-14,85.0,52,0,Fixed,1678.78224,14,1,1,0,0,1,4
Closed,Major,2009-07-14T22:50:08.783+0000,Improvement,sharadag,2009-04-14T07:28:09.584+0000,2009-04-15T05:19:24.327+0000,0,AVRO,sharadag,3,AVRO-13,128.0,45,0,Fixed,1678.78224065,13,1,0,1,0,1,4
Closed,Major,2009-07-14T22:50:08.752+0000,Bug,hong.tang,2009-04-14T04:34:44.640+0000,2009-05-22T20:45:12.469+0000,0,AVRO,cutting,8,AVRO-12,116.0,39,0,Fixed,1678.78224102,12,1,1,1,0,1,4
Closed,Minor,2009-07-14T22:50:08.723+0000,Improvement,hong.tang,2009-04-14T04:21:11.530+0000,2009-04-14T22:29:06.709+0000,0,AVRO,cutting,2,AVRO-11,110.0,58,0,Fixed,1678.78224135,11,1,1,1,0,1,4
Closed,Major,2009-07-14T22:50:08.652+0000,Improvement,cutting,2009-04-13T20:42:18.568+0000,2009-05-22T17:48:49.311+0000,0,AVRO,cutting,4,AVRO-10,247.0,19,0,Fixed,1678.78224217,10,1,0,0,0,0,4
Closed,Major,2009-07-14T22:50:08.596+0000,Improvement,cutting,2009-04-13T19:50:30.490+0000,2009-04-27T20:18:47.701+0000,0,AVRO,sharadag,3,AVRO-9,349.0,28,0,Fixed,1678.78224283,9,1,0,0,0,0,4
Closed,Major,2009-07-14T22:50:08.531+0000,Improvement,cutting,2009-04-13T19:04:33.362+0000,2009-05-11T18:20:24.475+0000,0,AVRO,cutting,11,AVRO-8,200.0,39,0,Fixed,1678.78224358,8,1,0,0,0,0,4
Closed,Major,2009-07-14T23:04:47.989+0000,Bug,hong.tang,2009-04-11T17:50:31.929+0000,2009-04-13T09:15:34.014+0000,0,AVRO,,1,AVRO-7,486.0,37,0,Invalid,1678.77206468,7,1,1,0,0,5,4
Closed,Major,2009-07-14T22:50:08.394+0000,Improvement,hong.tang,2009-04-11T17:32:37.971+0000,2009-04-14T21:43:08.903+0000,0,AVRO,hong.tang,16,AVRO-6,535.0,103,0,Fixed,1678.78224497,6,1,1,1,0,5,4
Closed,Major,2009-07-14T22:50:08.305+0000,Test,sharadag,2009-04-11T10:54:25.016+0000,2009-04-15T05:27:21.612+0000,0,AVRO,sharadag,6,AVRO-5,50.0,49,0,Fixed,1678.78224606,5,2,1,0,0,5,4
Closed,Major,2009-07-14T22:50:08.238+0000,Bug,phunt,2009-04-10T23:20:38.998+0000,2009-04-14T22:12:34.962+0000,0,AVRO,phunt,2,AVRO-4,501.0,36,0,Fixed,1678.78224676,4,1,1,1,0,4,4
Closed,Critical,2009-07-14T22:50:08.150+0000,Bug,phunt,2009-04-10T20:14:54.370+0000,2009-04-10T23:31:56.052+0000,0,AVRO,cutting,4,AVRO-3,263.0,54,0,Fixed,1678.782248,3,1,1,1,0,4,4
Closed,Major,2009-07-14T22:50:08.061+0000,Improvement,cutting,2009-04-09T22:34:55.599+0000,2009-06-02T19:04:10.508+0000,0,AVRO,cutting,7,AVRO-2,204.0,22,1,Fixed,1678.78224896,2,1,0,0,0,3,4
Closed,Major,2009-07-14T22:50:07.862+0000,Bug,cutting,2009-04-09T22:09:08.216+0000,2009-04-27T20:14:06.572+0000,0,AVRO,cutting,4,AVRO-1,208.0,54,0,Fixed,1678.78225123,1,1,0,1,0,3,4
Open,Major,2014-02-04T02:47:20.172+0000,Bug,jelical,2014-02-03T18:50:11.784+0000,,0,AVRO,,2,AVRO-1452,1005.0,60,2,,13.948872616,1452,0,0,1,1,0,2
Open,Major,2014-02-03T18:05:01.186+0000,Bug,sudhirranjan,2014-02-03T13:15:03.470+0000,,0,AVRO,,1,AVRO-1451,1449.0,92,2,,14.1816077334,1451,1,1,1,0,0,2
Open,Major,2014-01-29T19:51:20.029+0000,Bug,eljefe6a,2014-01-29T19:51:20.029+0000,,0,AVRO,,0,AVRO-1450,210.0,57,1,,18.9064160797,1450,1,0,1,0,2,1
Resolved,Major,2014-02-05T00:34:43.505+0000,Improvement,tomwhite,2014-01-29T15:15:16.301+0000,2014-02-05T00:10:24.521+0000,0,AVRO,cutting,6,AVRO-1449,624.0,61,4,Fixed,12.726502528,1449,1,1,1,0,2,1
Patch Available,Major,2014-01-30T23:02:49.540+0000,Bug,kryzthov,2014-01-28T07:16:05.781+0000,,0,AVRO,kryzthov,4,AVRO-1448,48.0,26,2,,20.4272864068,1448,1,0,1,0,1,1
Resolved,Major,2014-01-28T20:44:02.105+0000,Bug,eljefe6a,2014-01-27T22:34:52.008+0000,2014-01-28T20:05:41.857+0000,0,AVRO,eljefe6a,4,AVRO-1447,183.0,32,4,Fixed,19.896440656,1447,1,0,1,0,0,1
Resolved,Minor,2014-01-27T22:41:27.369+0000,Bug,davidtaylor,2014-01-24T21:48:05.352+0000,2014-01-27T22:06:11.228+0000,0,AVRO,davidtaylor,5,AVRO-1446,151.0,34,4,Fixed,20.8127675325,1446,1,0,1,0,4,1
Resolved,Major,2014-01-27T22:41:27.768+0000,Bug,gjbaxter@mac.com,2014-01-23T20:47:48.179+0000,2014-01-27T22:09:37.248+0000,0,AVRO,cutting,5,AVRO-1445,1226.0,51,4,Fixed,20.8103830433,1445,0,0,0,0,3,1
Open,Major,2014-01-23T21:56:23.814+0000,Bug,ramanasv,2014-01-22T05:59:09.988+0000,,0,AVRO,thiru_mg,1,AVRO-1444,527.0,51,1,,26.4843100818,1444,1,0,0,0,2,1
Resolved,Major,2014-01-28T20:44:02.480+0000,Bug,eljefe6a,2014-01-16T23:30:45.329+0000,2014-01-28T20:02:45.890+0000,0,AVRO,eljefe6a,6,AVRO-1441,279.0,33,5,Fixed,19.8984773287,1441,1,0,1,0,3,1
Resolved,Minor,2014-02-05T20:24:41.177+0000,New Feature,qwertymaniac,2014-01-15T09:52:04.625+0000,2014-02-04T23:34:30.680+0000,0,AVRO,qwertymaniac,9,AVRO-1439,161.0,37,4,Fixed,12.7514312654,1439,1,1,1,0,2,1
Open,Minor,2014-01-14T14:40:04.461+0000,Improvement,davidtaylor,2014-01-14T14:39:19.222+0000,,0,AVRO,,1,AVRO-1438,251.0,33,1,,34.1230921002,1438,1,0,1,0,1,1
Open,Minor,2014-01-14T09:12:40.348+0000,Improvement,ddecavele,2014-01-14T09:12:40.348+0000,,0,AVRO,,0,AVRO-1437,1096.0,75,1,,34.3499309211,1437,1,1,1,1,1,1
Resolved,Trivial,2014-01-28T19:45:09.988+0000,Bug,davidtaylor,2014-01-13T16:15:08.542+0000,2014-01-28T19:17:44.291+0000,0,AVRO,davidtaylor,4,AVRO-1436,145.0,36,4,Fixed,19.9297458068,1436,1,0,1,0,0,1
Patch Available,Major,2014-01-10T19:36:00.540+0000,Improvement,cutting,2014-01-10T19:31:51.106+0000,,0,AVRO,cutting,1,AVRO-1435,191.0,38,1,,37.9170582505,1435,1,1,0,0,4,1
Closed,Major,2014-01-23T21:58:53.584+0000,Bug,davidtaylor,2014-01-10T16:01:15.820+0000,2014-01-10T20:52:19.292+0000,0,AVRO,davidtaylor,5,AVRO-1434,341.0,35,4,Fixed,24.8178332635,1434,1,0,1,0,4,1
Closed,Major,2014-01-23T21:58:55.676+0000,Bug,aj987,2014-01-08T23:44:54.166+0000,2014-01-09T23:34:22.560+0000,0,AVRO,cutting,6,AVRO-1433,207.0,37,4,Fixed,24.8178090521,1433,1,1,1,0,2,1
Closed,Major,2014-01-23T21:58:53.910+0000,Improvement,cutting,2014-01-08T19:57:05.515+0000,2014-01-09T23:13:40.642+0000,0,AVRO,cutting,5,AVRO-1432,85.0,23,3,Fixed,24.8178294934,1432,1,1,0,0,2,1
Open,Major,2014-01-07T22:50:20.993+0000,New Feature,user874144,2014-01-07T22:50:20.993+0000,,0,AVRO,,0,AVRO-1431,1403.0,36,1,,40.7820993907,1431,1,0,1,0,1,1
Open,Major,2014-01-27T05:01:22.183+0000,Bug,nandaa2,2014-01-07T15:19:16.552+0000,,0,AVRO,,1,AVRO-1430,136.0,24,1,,41.095345237,1430,1,0,1,0,1,1
Open,Major,2014-01-08T05:23:08.650+0000,Task,sudhirranjan,2014-01-07T13:04:03.755+0000,,0,AVRO,,3,AVRO-1429,1904.0,61,2,,41.1892433519,1429,0,0,0,2,1,1
Open,Major,2014-01-16T19:43:22.579+0000,Improvement,tonyliu73,2014-01-06T19:47:32.949+0000,,0,AVRO,,15,AVRO-1428,3299.0,78,2,,41.9090443487,1428,1,1,0,0,0,1
Closed,Minor,2014-01-23T21:58:57.067+0000,Bug,robair,2014-01-05T22:51:35.919+0000,2014-01-09T19:51:53.849+0000,0,AVRO,robair,5,AVRO-1427,1793.0,42,4,Fixed,24.8177929615,1427,1,1,1,1,6,1
Closed,Major,2014-01-23T21:58:54.986+0000,Improvement,eljefe6a,2014-01-04T18:50:30.254+0000,2014-01-06T23:35:26.692+0000,0,AVRO,eljefe6a,4,AVRO-1426,336.0,36,4,Fixed,24.8178170486,1426,1,0,1,0,5,1
Open,Minor,2014-01-06T08:21:39.010+0000,Improvement,bdelacretaz,2014-01-03T16:52:21.430+0000,,0,AVRO,,3,AVRO-1425,685.0,66,2,,45.0307054529,1425,1,1,1,0,4,1
Closed,Major,2014-01-23T21:58:53.692+0000,Bug,ramanasv,2014-01-02T16:31:06.287+0000,2014-01-07T17:31:34.078+0000,0,AVRO,thiru_mg,10,AVRO-1424,328.0,39,5,Fixed,24.8178320285,1424,1,0,1,0,3,1
Open,Blocker,2014-01-06T23:21:46.325+0000,Bug,user874144,2013-12-31T17:45:29.765+0000,,0,AVRO,,4,AVRO-1423,2507.0,55,2,,47.9938034304,1423,1,0,1,0,1,12
Open,Major,2013-12-28T00:03:46.172+0000,Bug,jpivarski,2013-12-28T00:02:43.792+0000,,0,AVRO,,0,AVRO-1422,5586.0,72,1,,51.7318355268,1422,1,1,1,3,5,12
Closed,Minor,2014-01-23T21:58:56.255+0000,Improvement,qwertymaniac,2013-12-26T06:24:00.167+0000,2014-01-08T18:04:42.502+0000,0,AVRO,cutting,9,AVRO-1421,493.0,66,4,Fixed,24.8178023685,1421,1,1,1,0,3,12
Open,Major,2014-01-10T05:56:51.079+0000,Bug,user874144,2013-12-25T17:03:56.045+0000,,0,AVRO,,12,AVRO-1420,220.0,46,2,,54.0226659348,1420,2,0,1,0,2,12
Open,Major,2014-01-14T22:22:08.950+0000,Bug,deepujain,2013-12-24T06:56:33.441+0000,,0,AVRO,,4,AVRO-1419,1160.0,77,3,,55.4444553344,1419,1,1,1,0,1,12
Closed,Major,2014-01-23T21:58:54.388+0000,New Feature,deepujain,2013-12-20T14:44:05.668+0000,2014-01-07T22:10:39.532+0000,0,AVRO,deepujain,11,AVRO-1418,2156.0,52,4,Fixed,24.8178239817,1418,0,0,1,0,4,12
Open,Major,2014-01-22T10:10:35.980+0000,Bug,tomwhite,2013-12-20T11:14:20.141+0000,,0,AVRO,,3,AVRO-1417,196.0,50,3,,59.2654426059,1417,2,0,0,0,4,12
Open,Minor,2013-12-19T19:10:32.466+0000,Improvement,drussel,2013-12-18T23:55:39.255+0000,,0,AVRO,,3,AVRO-1416,169.0,97,2,,60.7367491583,1416,0,0,0,0,2,12
Resolved,Major,2014-01-10T07:41:04.389+0000,Bug,ramanasv,2013-12-17T03:58:59.837+0000,2014-01-10T07:13:35.978+0000,0,AVRO,ramanasv,6,AVRO-1415,258.0,64,4,Fixed,38.4326199583,1415,1,0,1,0,1,12
Closed,Major,2014-01-23T21:58:55.215+0000,Improvement,drussel,2013-12-16T22:07:00.829+0000,2014-01-07T21:54:18.398+0000,0,AVRO,drussel,9,AVRO-1414,520.0,29,5,Fixed,24.8178144159,1414,1,0,0,0,0,12
Open,Trivial,2013-12-17T18:18:14.334+0000,Improvement,tmgstev,2013-12-15T19:45:29.855+0000,,0,AVRO,,3,AVRO-1413,256.0,79,2,,63.9104690702,1413,1,1,1,0,6,12
Resolved,Major,2013-12-20T04:39:32.733+0000,Bug,russell.jurney,2013-12-13T23:51:09.918+0000,2013-12-20T04:39:32.693+0000,0,AVRO,,1,AVRO-1412,1594.0,70,1,Fixed,59.539602347,1412,1,0,1,3,4,12
Resolved,Minor,2013-12-12T18:49:06.131+0000,Improvement,tonyliu73,2013-12-12T16:14:41.014+0000,2013-12-12T18:49:06.108+0000,0,AVRO,,4,AVRO-1411,1013.0,84,3,Duplicate,66.9496325221,1411,1,1,1,0,3,12
Closed,Major,2014-01-23T21:58:57.288+0000,Bug,esammer,2013-12-08T23:19:03.479+0000,2013-12-16T16:35:17.533+0000,0,AVRO,esammer,11,AVRO-1410,463.0,68,5,Fixed,24.8177904287,1410,1,1,1,0,6,12
Closed,Major,2014-01-23T21:58:55.325+0000,New Feature,kryzthov,2013-12-04T04:23:45.290+0000,2013-12-16T20:42:40.130+0000,0,AVRO,kryzthov,5,AVRO-1409,355.0,51,5,Fixed,24.8178131501,1409,1,1,0,0,2,12
Resolved,Major,2013-12-13T07:33:22.695+0000,Bug,adamcataldo,2013-12-03T11:58:39.390+0000,2013-12-13T07:33:22.670+0000,0,AVRO,,1,AVRO-1408,190.0,61,2,Not A Problem,66.4188852118,1408,0,0,2,0,1,12
Patch Available,Major,2013-12-12T23:23:58.591+0000,Bug,gareth@logicalpractice.com,2013-11-29T11:00:40.261+0000,,0,AVRO,,4,AVRO-1407,3652.0,63,3,,80.2141428637,1407,1,1,2,0,4,11
Closed,Major,2014-01-23T21:58:56.708+0000,Bug,zyoma,2013-11-25T18:18:24.876+0000,2013-12-15T16:51:03.384+0000,1,AVRO,zyoma,21,AVRO-1406,145.0,104,6,Fixed,24.8177971476,1406,1,0,1,1,0,11
Closed,Minor,2014-01-23T21:58:53.313+0000,Bug,mristima,2013-11-22T22:58:08.959+0000,2013-12-19T22:23:40.003+0000,0,AVRO,mristima,17,AVRO-1405,377.0,84,6,Fixed,24.8178364431,1405,1,0,1,0,4,11
Open,Major,2013-12-20T00:27:43.872+0000,Improvement,morayani,2013-11-22T01:09:13.024+0000,,0,AVRO,,5,AVRO-1404,127.0,20,2,,59.7206180766,1404,1,1,2,0,4,11
Open,Major,2013-11-14T08:19:46.554+0000,Bug,orsonwelles,2013-11-14T08:19:46.554+0000,,0,AVRO,,0,AVRO-1403,352.0,65,1,,95.3866646984,1403,1,0,1,0,3,11
Open,Minor,2013-11-14T19:47:16.532+0000,New Feature,mdominguez@cloudera.com,2013-11-13T15:00:42.852+0000,,6,AVRO,,0,AVRO-1402,300.0,34,5,,96.1082353252,1402,0,0,1,1,2,11
Open,Major,2013-11-12T12:58:25.632+0000,Bug,striderapache,2013-11-12T12:57:38.065+0000,,0,AVRO,,0,AVRO-1401,1590.0,35,2,,97.1937073987,1401,1,1,1,3,1,11
Closed,Major,2014-01-23T21:58:54.139+0000,Improvement,striderapache,2013-11-12T09:54:22.435+0000,2013-12-11T21:17:33.435+0000,0,AVRO,cutting,7,AVRO-1400,304.0,46,4,Fixed,24.8178268909,1400,1,1,1,4,1,11
Closed,Major,2014-01-23T21:58:53.089+0000,Test,robair,2013-11-11T22:27:32.042+0000,2013-11-21T20:10:30.036+0000,0,AVRO,robair,4,AVRO-1399,213.0,74,4,Fixed,24.8178390454,1399,1,1,1,0,0,11
Closed,Minor,2014-01-23T21:58:54.616+0000,Improvement,robair,2013-11-11T21:41:42.972+0000,2013-12-12T23:06:59.570+0000,0,AVRO,robair,5,AVRO-1398,49.0,49,4,Fixed,24.8178213851,1398,1,1,1,0,0,11
Closed,Minor,2014-01-23T21:58:53.803+0000,New Feature,robair,2013-11-11T20:50:08.511+0000,2013-12-13T23:33:38.668+0000,0,AVRO,robair,9,AVRO-1397,96.0,69,4,Fixed,24.8178307966,1397,1,1,1,0,0,11
Closed,Minor,2014-01-23T21:58:56.364+0000,New Feature,robair,2013-11-11T20:22:27.748+0000,2013-12-16T20:30:46.444+0000,1,AVRO,robair,8,AVRO-1396,227.0,47,5,Fixed,24.8178011455,1396,1,1,1,0,0,11
Open,Minor,2013-11-10T22:34:24.022+0000,Improvement,mkobos,2013-11-10T22:34:24.022+0000,,0,AVRO,,0,AVRO-1395,1032.0,88,1,,98.793175499,1395,1,0,1,0,6,11
Closed,Minor,2014-01-23T21:58:55.909+0000,Improvement,david@carr.name,2013-11-05T22:13:47.802+0000,2013-11-06T23:48:44.426+0000,0,AVRO,david@carr.name,4,AVRO-1394,508.0,61,2,Fixed,24.817806415,1394,0,0,0,0,1,11
Resolved,Major,2013-11-06T20:25:36.581+0000,Bug,hshreedharan,2013-11-05T01:01:49.906+0000,2013-11-06T20:25:36.560+0000,0,AVRO,,2,AVRO-1393,655.0,75,2,Not A Problem,102.882613442,1393,0,0,0,0,1,11
Resolved,Blocker,2013-11-06T20:34:58.968+0000,Bug,balaji.seshadri,2013-11-04T21:27:20.293+0000,2013-11-06T20:34:58.946+0000,1,AVRO,,14,AVRO-1392,835.0,30,4,Not A Problem,102.876104335,1392,1,1,0,0,0,11
Open,Major,2013-11-05T07:42:55.598+0000,Bug,janvanbesien,2013-10-31T14:06:41.789+0000,,0,AVRO,,1,AVRO-1391,867.0,42,1,,109.145747647,1391,1,1,1,0,3,10
Open,Major,2013-10-22T04:24:53.978+0000,Bug,ajo.fod,2013-10-22T01:12:59.309+0000,,1,AVRO,,1,AVRO-1390,232.0,27,2,,118.683044871,1390,0,0,0,0,1,10
Open,Minor,2013-10-21T11:57:19.760+0000,Improvement,H.Youssef,2013-10-21T11:55:43.110+0000,,0,AVRO,,0,AVRO-1389,180.0,66,1,,119.236704583,1389,1,0,1,0,0,10
Closed,Major,2014-01-23T21:58:56.954+0000,New Feature,hshreedharan,2013-10-17T19:35:21.079+0000,2013-11-07T19:09:27.107+0000,0,AVRO,hshreedharan,18,AVRO-1388,243.0,57,5,Fixed,24.8177943299,1388,0,0,0,0,3,10
Closed,Major,2014-01-23T21:58:56.020+0000,Bug,hshreedharan,2013-10-17T19:33:33.561+0000,2013-10-25T22:14:22.649+0000,0,AVRO,hshreedharan,18,AVRO-1387,355.0,76,5,Fixed,24.8178051418,1387,0,0,0,0,3,10
Open,Minor,2014-01-10T20:10:40.274+0000,Improvement,mhuff,2013-10-10T23:16:51.986+0000,,0,AVRO,,0,AVRO-1386,621.0,104,1,,129.76368519,1386,1,1,1,0,3,10
Resolved,Major,2013-10-17T15:33:37.298+0000,Bug,kryzthov,2013-10-08T23:54:23.078+0000,2013-10-17T05:10:47.543+0000,0,AVRO,,11,AVRO-1385,499.0,51,3,Invalid,123.517902888,1385,1,1,1,0,1,10
Closed,Major,2014-01-23T21:58:55.436+0000,Improvement,alexandre.normand,2013-10-08T16:57:56.799+0000,2013-11-05T23:15:01.298+0000,0,AVRO,alexandre.normand,10,AVRO-1384,1045.0,94,5,Fixed,24.8178119059,1384,1,1,1,0,1,10
Open,Major,2013-10-08T15:07:12.566+0000,Bug,ramanasv,2013-10-08T15:07:12.566+0000,,0,AVRO,,0,AVRO-1383,626.0,64,1,,132.103724778,1383,1,0,1,0,1,10
Closed,Major,2014-01-23T21:58:55.786+0000,Bug,kryzthov,2013-10-04T06:02:27.276+0000,2014-01-10T19:17:21.685+0000,0,AVRO,kryzthov,31,AVRO-1382,523.0,19,5,Fixed,24.8178078699,1382,1,0,1,0,4,10
Open,Major,2013-10-01T02:11:02.256+0000,New Feature,mark.lamley,2013-10-01T02:11:02.256+0000,,0,AVRO,,0,AVRO-1381,199.0,29,1,,139.642732999,1381,1,0,1,0,1,10
Closed,Minor,2014-01-23T21:58:52.855+0000,Bug,psangree,2013-09-30T19:22:21.912+0000,2014-01-09T23:15:57.875+0000,0,AVRO,cutting,1,AVRO-1380,789.0,54,2,Fixed,24.8178417852,1380,1,1,1,0,0,9
Closed,Major,2014-01-23T21:58:56.473+0000,Improvement,mteodoro,2013-09-20T17:57:12.436+0000,2013-12-18T12:51:04.664+0000,0,AVRO,,6,AVRO-1379,163.0,47,5,Fixed,24.8177999118,1379,1,0,1,1,4,9
Open,Major,2013-09-19T17:36:42.734+0000,Bug,dkaminsky,2013-09-19T17:34:54.496+0000,,0,AVRO,,0,AVRO-1378,330.0,59,1,,151.001156152,1378,1,0,1,0,3,9
Closed,Major,2014-01-23T21:58:57.397+0000,Bug,graham sanderson,2013-09-17T22:23:16.209+0000,2013-09-27T20:14:05.417+0000,0,AVRO,graham.sanderson,5,AVRO-1377,2996.0,144,4,Fixed,24.8177892208,1377,1,1,1,0,1,9
Open,Minor,2013-09-18T14:25:50.128+0000,Bug,bkwiencien@gmail.com,2013-09-11T15:19:44.260+0000,,0,AVRO,,7,AVRO-1376,359.0,30,2,,159.095024628,1376,1,1,1,0,2,9
Open,Critical,2013-09-11T09:31:36.407+0000,Bug,archmagece,2013-09-11T09:31:36.407+0000,,0,AVRO,,0,AVRO-1375,2238.0,29,1,,159.336782187,1375,2,1,2,1,2,9
Closed,Minor,2014-01-23T21:58:53.199+0000,Bug,julian.zhou,2013-09-10T08:46:16.032+0000,2013-09-11T20:30:13.175+0000,0,AVRO,julian.zhou,5,AVRO-1374,1164.0,139,5,Fixed,24.8178378137,1374,1,1,2,0,1,9
Closed,Major,2014-01-23T21:58:57.178+0000,New Feature,njw45,2013-09-05T01:59:37.574+0000,2013-11-11T06:54:33.229+0000,0,AVRO,njw45,9,AVRO-1373,524.0,14,4,Fixed,24.8177917622,1373,1,1,1,1,3,9
Open,Major,2013-09-26T03:02:43.569+0000,Sub-task,jerrychenhf,2013-09-04T02:54:27.123+0000,,0,AVRO,,1,AVRO-1372,767.0,35,2,,166.612584091,1372,1,1,1,1,2,9
Open,Major,2013-09-05T01:50:53.419+0000,Improvement,jerrychenhf,2013-09-04T02:51:35.995+0000,,1,AVRO,,0,AVRO-1371,665.0,40,2,,166.61456474,1371,0,0,1,1,2,9
Open,Major,2013-08-28T13:54:49.512+0000,Improvement,ramanasv,2013-08-28T13:54:49.512+0000,,0,AVRO,,0,AVRO-1370,567.0,73,1,,173.153991628,1370,1,0,1,0,2,8
Closed,Major,2014-01-23T21:58:52.971+0000,Bug,thinker0,2013-08-28T05:54:31.813+0000,2013-12-18T13:46:29.431+0000,0,AVRO,,3,AVRO-1369,3240.0,53,4,Fixed,24.8178404611,1369,1,0,1,0,2,8
Closed,Major,2014-01-23T21:58:56.137+0000,Bug,kryzthov,2013-08-27T17:47:30.446+0000,2013-09-04T21:00:25.733+0000,0,AVRO,kryzthov,15,AVRO-1368,,70,6,Fixed,24.8178038192,1368,1,1,1,0,1,8
Open,Major,2013-08-28T20:29:23.831+0000,Bug,duane.moore@ieee.org,2013-08-27T05:28:53.606+0000,,0,AVRO,,4,AVRO-1367,546.0,93,2,,174.505333138,1367,1,1,1,0,1,8
Closed,Major,2014-01-23T21:58:56.590+0000,Bug,mchugh,2013-08-26T15:44:39.170+0000,2013-09-12T22:00:35.488+0000,0,AVRO,cutting,5,AVRO-1366,766.0,80,4,Fixed,24.8177985794,1366,1,0,1,2,0,8
Open,Minor,2013-08-23T19:32:46.161+0000,Bug,dkaminsky,2013-08-23T19:26:07.802+0000,,0,AVRO,,0,AVRO-1365,417.0,59,2,,177.923918836,1365,1,1,1,0,4,8
Closed,Major,2014-01-23T21:58:55.100+0000,Bug,bw123,2013-08-21T13:28:56.301+0000,2013-12-18T13:50:38.309+0000,0,AVRO,,1,AVRO-1364,623.0,41,2,Duplicate,24.817815828,1364,1,0,1,0,2,8
Open,Major,2013-08-20T13:11:51.170+0000,Bug,ramanasv,2013-08-20T13:11:08.118+0000,,0,AVRO,,0,AVRO-1363,1230.0,91,1,,181.184331848,1363,1,0,1,0,1,8
Open,Major,2013-08-16T18:25:39.591+0000,Bug,bill baird,2013-08-15T18:59:52.980+0000,,0,AVRO,,3,AVRO-1362,985.0,66,2,,185.942145947,1362,1,1,1,0,3,8
Resolved,Major,2013-12-18T13:15:15.488+0000,Bug,btibi,2013-08-14T11:44:23.503+0000,2013-12-18T13:15:15.469+0000,0,AVRO,,6,AVRO-1361,531.0,35,2,Not A Problem,61.1814687381,1361,1,0,1,0,2,8
Patch Available,Major,2013-12-17T03:33:14.732+0000,Bug,ramanasv,2013-08-12T14:06:55.128+0000,,0,AVRO,thiru_mg,16,AVRO-1360,1378.0,90,3,,181.190074122,1360,1,0,1,0,0,8
Resolved,Major,2013-08-02T08:25:24.823+0000,Improvement,facboy,2013-08-01T15:39:46.629+0000,2013-08-02T08:25:24.800+0000,0,AVRO,,1,AVRO-1359,113.0,44,1,Invalid,199.382749598,1359,0,0,0,0,3,8
Closed,Major,2014-01-23T21:58:57.509+0000,Bug,yahoo_build,2013-07-24T22:22:43.836+0000,2013-12-18T13:26:45.862+0000,0,AVRO,,5,AVRO-1358,940.0,103,5,Fixed,24.817787956,1358,1,0,1,0,2,7
Resolved,Major,2013-08-13T20:23:08.602+0000,New Feature,mengxr,2013-07-22T17:13:07.136+0000,2013-08-13T20:23:08.572+0000,0,AVRO,,4,AVRO-1357,1032.0,73,2,Duplicate,187.884326198,1357,1,1,1,0,0,7
Closed,Major,2013-08-20T17:46:06.454+0000,Bug,apaulsen,2013-07-21T14:38:38.044+0000,2013-08-07T19:47:47.079+0000,0,AVRO,apaulsen,4,AVRO-1356,955.0,64,4,Fixed,180.993378885,1356,1,1,1,0,6,7
Closed,Major,2014-01-23T21:58:54.505+0000,Bug,kryzthov,2013-07-21T02:02:17.336+0000,2013-08-20T20:26:36.181+0000,0,AVRO,kryzthov,5,AVRO-1355,95.0,49,4,Fixed,24.8178227294,1355,1,1,1,0,6,7
Open,Major,2013-07-18T22:26:23.249+0000,Improvement,ddesai,2013-07-18T22:26:23.249+0000,,0,AVRO,,0,AVRO-1354,203.0,42,2,,213.798740069,1354,0,0,0,0,3,7
Closed,Major,2013-08-20T17:46:04.341+0000,Improvement,llasram,2013-07-18T17:46:11.696+0000,2013-08-07T23:27:13.023+0000,0,AVRO,llasram,14,AVRO-1353,317.0,59,4,Fixed,180.993403335,1353,1,1,1,0,3,7
Open,Minor,2014-01-07T04:45:23.572+0000,Bug,roehrss,2013-07-08T01:55:57.379+0000,,0,AVRO,,2,AVRO-1352,765.0,64,1,,224.65320616,1352,1,0,5,0,0,7
Closed,Major,2013-08-20T17:46:06.725+0000,Improvement,cutting,2013-07-02T20:05:50.553+0000,2013-07-09T21:58:05.477+0000,0,AVRO,cutting,6,AVRO-1351,145.0,66,3,Fixed,180.993375757,1351,0,0,0,0,1,7
Closed,Major,2014-01-23T21:58:54.729+0000,Bug,mwagner,2013-06-19T01:19:03.139+0000,2013-12-19T20:33:21.970+0000,1,AVRO,cutting,23,AVRO-1348,211.0,33,9,Fixed,24.8178201452,1348,0,0,0,0,2,6
Open,Major,2014-01-14T15:40:33.297+0000,Improvement,vince83,2013-06-12T18:34:13.649+0000,,4,AVRO,,5,AVRO-1347,1441.0,49,7,,249.9599623,1347,1,1,0,0,2,6
Closed,Minor,2014-01-23T21:58:57.630+0000,Improvement,fsaintjacques,2013-06-04T15:32:35.421+0000,2013-12-13T23:50:39.118+0000,1,AVRO,robair,6,AVRO-1344,67.0,66,5,Fixed,24.8177865721,1344,1,1,1,0,1,6
Patch Available,Major,2013-08-08T16:20:08.756+0000,Bug,trochee,2013-05-31T23:43:14.671+0000,,0,AVRO,trochee,5,AVRO-1343,854.0,60,2,,261.743304803,1343,1,0,0,0,4,5
Closed,Major,2013-08-27T18:21:34.782+0000,New Feature,vince83,2013-05-28T13:52:50.472+0000,2013-08-07T23:17:03.591+0000,5,AVRO,vince83,19,AVRO-1341,3289.0,67,6,Fixed,180.993361645,1341,1,1,0,0,1,5
Patch Available,Major,2014-01-10T20:10:40.085+0000,Bug,rodrigotrujillo,2013-05-21T13:02:56.134+0000,,0,AVRO,rodrigotrujillo,6,AVRO-1336,8633.0,100,2,,237.907332248,1336,1,0,1,0,1,5
Patch Available,Minor,2013-08-20T17:07:39.455+0000,Bug,scott_carey,2013-05-21T00:39:44.382+0000,,0,AVRO,scott_carey,8,AVRO-1334,1996.0,25,3,,272.554744079,1334,1,1,0,0,1,5
Closed,Minor,2014-01-23T21:58:55.549+0000,Improvement,dmcintosh,2013-05-18T20:13:16.983+0000,2013-11-08T22:16:38.564+0000,0,AVRO,dmcintosh,17,AVRO-1332,359.0,34,4,Fixed,24.8178106658,1332,1,0,1,1,5,5
Closed,Major,2013-08-20T17:46:06.028+0000,Improvement,scott_carey,2013-05-07T20:19:36.783+0000,2013-07-28T22:11:28.482+0000,0,AVRO,scott_carey,24,AVRO-1325,148.0,27,3,Fixed,180.993383839,1325,0,0,0,0,1,5
Patch Available,Minor,2013-07-03T19:36:57.736+0000,Bug,trochee,2013-05-06T19:04:58.173+0000,,0,AVRO,trochee,13,AVRO-1318,432.0,39,3,,286.76489097,1318,1,0,0,1,0,5
Closed,Minor,2013-08-20T17:46:05.044+0000,Bug,trochee,2013-05-01T23:31:41.495+0000,2013-05-09T22:15:42.110+0000,2,AVRO,trochee,29,AVRO-1316,829.0,70,6,Fixed,180.993395231,1316,1,1,0,1,2,5
Closed,Major,2013-08-20T17:46:05.636+0000,Improvement,scott_carey,2013-04-30T16:21:35.455+0000,2013-05-02T01:03:07.915+0000,0,AVRO,scott_carey,7,AVRO-1313,166.0,55,3,Fixed,180.99338838,1313,0,0,0,0,1,4
Closed,Minor,2013-08-20T17:46:09.094+0000,Improvement,kryzthov,2013-04-17T05:20:43.530+0000,2013-04-23T17:11:53.399+0000,0,AVRO,kryzthov,15,AVRO-1299,94.0,43,4,Fixed,180.993348359,1299,1,1,1,0,2,4
Closed,Major,2013-08-20T17:46:04.759+0000,Bug,trochee,2013-04-10T21:53:35.046+0000,2013-04-24T19:35:03.417+0000,0,AVRO,trochee,9,AVRO-1296,813.0,62,3,Fixed,180.993398534,1296,1,0,1,0,2,4
Closed,Major,2013-08-20T17:46:04.483+0000,Bug,jbaldassari,2013-04-10T06:09:25.617+0000,2013-07-02T17:46:00.422+0000,0,AVRO,jbaldassari,8,AVRO-1293,6015.0,102,4,Fixed,180.993401718,1293,1,1,1,0,2,4
Closed,Minor,2013-08-20T17:46:09.584+0000,Improvement,romixlev,2013-03-22T16:57:25.284+0000,2013-04-30T16:19:21.941+0000,0,AVRO,,84,AVRO-1282,743.0,79,4,Fixed,180.993342681,1282,1,1,1,0,4,3
Closed,Minor,2013-08-27T18:19:46.722+0000,Improvement,alexandre.normand,2013-02-28T22:18:27.694+0000,2013-03-27T21:34:31.498+0000,0,AVRO,alexandre.normand,47,AVRO-1268,577.0,98,5,Fixed,180.993364187,1268,1,1,1,0,3,2
Closed,Major,2014-01-23T21:58:54.021+0000,Improvement,brocknoland,2013-01-08T04:00:55.358+0000,2013-12-19T21:01:41.095+0000,0,AVRO,brocknoland,8,AVRO-1225,46.0,47,4,Fixed,24.8178283665,1225,1,0,1,1,1,1
Patch Available,Major,2013-08-12T22:37:55.444+0000,Improvement,drussel,2012-10-23T08:26:56.090+0000,,1,AVRO,,16,AVRO-1182,152.0,41,3,,256.798303843,1182,1,0,1,0,1,10
Closed,Major,2014-01-24T15:00:31.328+0000,Bug,ssmith,2012-08-28T19:45:03.059+0000,2013-07-31T02:31:08.085+0000,1,AVRO,scott_carey,7,AVRO-1144,5596.0,52,6,Fixed,180.993372386,1144,1,1,1,0,1,8
Open,Critical,2013-10-25T22:41:37.022+0000,Task,jtyrrell,2012-07-13T04:11:46.009+0000,,7,AVRO,,12,AVRO-1126,1132.0,21,9,,584.558893348,1126,1,1,0,0,4,7
Closed,Minor,2014-01-23T21:58:56.818+0000,Improvement,pdlug,2012-04-17T12:49:41.119+0000,2013-12-19T20:28:15.386+0000,1,AVRO,dukex,30,AVRO-1063,430.0,71,8,Fixed,24.817796,1063,1,0,0,0,1,4
Open,Major,2013-08-20T17:47:57.898+0000,Test,menghaocheng,2012-02-13T04:39:46.969+0000,,0,AVRO,,3,AVRO-1029,333.0,61,0,,735.539437795,1029,1,0,1,1,0,2
Open,Major,2013-12-09T22:54:00.005+0000,New Feature,cutting,2009-08-14T19:45:47.474+0000,,0,AVRO,ravidotg,7,AVRO-91,93.0,53,6,,1647.91026529,91,1,0,0,0,4,8
Patch Available,Major,2014-02-10T07:32:31.225+0000,Improvement,aash,2014-02-07T06:24:12.908+0000,,0,AVRO,cutting,2,AVRO-1453,2020.0,54,4,,9.81960027543,1453,1,1,1,0,4,2
Open,Major,2014-01-31T07:19:29.858+0000,New Feature,jkreps,2012-07-11T03:46:41.557+0000,,18,AVRO,jkreps,50,AVRO-1124,13609.0,35,46,,586.576305995,1124,0,0,0,0,2,7
Closed,Major,2014-01-23T21:58:54.257+0000,New Feature,iocanel,2012-01-04T01:41:29.916+0000,2014-01-10T19:28:47.501+0000,0,AVRO,iocanel,27,AVRO-987,249.0,20,6,Fixed,24.8178256494,987,1,1,0,0,2,1
Closed,Major,2014-01-24T21:50:17.361+0000,New Feature,hammer,2011-12-12T12:13:30.972+0000,2014-01-23T21:55:12.599+0000,4,AVRO,mark.lamley,51,AVRO-975,,17,11,Fixed,24.8178352227,975,1,0,1,0,0,12
Closed,Major,2013-08-20T17:46:09.242+0000,New Feature,patrickangeles,2011-05-17T12:38:35.682+0000,2013-07-01T18:05:03.682+0000,5,AVRO,dmcintosh,20,AVRO-823,88.0,29,14,Fixed,180.993346671,823,1,0,3,4,1,5
Open,Major,2014-01-10T18:19:25.676+0000,New Feature,cutting,2010-08-24T19:39:23.387+0000,,0,AVRO,cutting,10,AVRO-625,243.0,34,12,,1272.91471075,625,2,1,0,0,1,8
Open,Major,2014-01-09T19:25:12.505+0000,New Feature,tlipcon,2010-02-05T22:50:43.297+0000,,2,AVRO,,22,AVRO-406,235.0,27,27,,1472.78184142,406,2,1,0,1,4,2
