status,priority,updated,issue_type,reporter,created,resolutiondate,vote_count,project,assignee,comment_count,key,description_length,summary_length,watch_count,resolution,days_in_current_status,issue_number,num_components,component_java,num_affected_versions,num_labels,created_weekday,created_month,duration
Resolved,Critical,2013-06-20 16:41:00.043000+00:00,Bug,scott_carey,2013-06-20 16:29:17.709000+00:00,2013-06-20 16:41:00.024000+00:00,0,AVRO,,2,AVRO-1349,41.0,43,2,Fixed,242.038589634,1349,0,0,0,0,3,6,0 days 00:11:42.315000
Resolved,Major,2013-06-20 17:38:07.697000+00:00,Bug,skye,2013-06-06 17:41:12.389000+00:00,2013-06-20 17:18:00.789000+00:00,0,AVRO,skye,6,AVRO-1346,528.0,55,6,Fixed,242.012886302,1346,1,0,1,0,3,6,13 days 23:36:48.400000
Closed,Minor,2013-08-20 17:46:04.208000+00:00,Improvement,bdechoux,2013-05-21 21:33:17.274000+00:00,2013-08-07 19:23:23.544000+00:00,0,AVRO,bdechoux,7,AVRO-1337,279.0,40,5,Fixed,180.993402558,1337,0,0,1,0,1,5,77 days 21:50:06.270000
Closed,Critical,2013-08-20 17:46:04.078000+00:00,Bug,kirwin,2013-05-08 15:48:38.228000+00:00,2013-05-09 21:04:56.888000+00:00,0,AVRO,cutting,4,AVRO-1326,1025.0,45,3,Fixed,180.993404066,1326,1,1,1,0,2,5,1 days 05:16:18.660000
Resolved,Minor,2013-05-28 14:01:43.456000+00:00,New Feature,vince83,2013-05-15 10:38:51.771000+00:00,2013-05-28 13:59:56.490000+00:00,6,AVRO,vince83,4,AVRO-1330,1260.0,45,4,Duplicate,265.150435958,1330,1,1,0,0,2,5,13 days 03:21:04.719000
Resolved,Minor,2013-05-28 14:01:43.577000+00:00,New Feature,vince83,2013-05-10 15:25:10.092000+00:00,2013-05-28 13:56:51.805000+00:00,6,AVRO,vince83,4,AVRO-1328,1409.0,43,4,Duplicate,265.152573485,1328,1,1,0,1,4,5,17 days 22:31:41.713000
Resolved,Major,2013-05-24 16:10:58.877000+00:00,Improvement,bw123,2013-05-07 11:46:13.067000+00:00,2013-05-24 13:49:42.392000+00:00,0,AVRO,,4,AVRO-1324,463.0,49,3,Fixed,269.157543799,1324,1,0,3,0,1,5,17 days 02:03:29.325000
Closed,Major,2013-08-20 17:46:05.767000+00:00,Bug,trochee,2013-05-15 17:55:21.455000+00:00,2013-05-16 17:34:16.063000+00:00,0,AVRO,cutting,6,AVRO-1331,625.0,44,4,Fixed,180.993384544,1331,1,1,0,0,2,5,0 days 23:38:54.608000
Closed,Major,2013-08-20 17:46:03.945000+00:00,Improvement,hernan.otero,2013-05-08 17:05:36.288000+00:00,2013-05-09 21:00:55.323000+00:00,0,AVRO,cutting,4,AVRO-1327,449.0,69,3,Fixed,180.993405634,1327,1,1,1,0,2,5,1 days 03:55:19.035000
Closed,Major,2013-08-20 17:46:07.583000+00:00,Bug,massie,2013-05-06 21:26:02.931000+00:00,2013-05-09 21:15:26.637000+00:00,0,AVRO,massie,8,AVRO-1322,170.0,59,3,Fixed,180.993363529,1322,1,0,1,0,0,5,2 days 23:49:23.706000
Closed,Major,2013-08-20 17:46:08.792000+00:00,Bug,cutting,2013-05-06 20:24:05.706000+00:00,2013-05-08 17:36:05.849000+00:00,0,AVRO,cutting,8,AVRO-1320,161.0,46,2,Fixed,180.993349537,1320,1,1,0,0,0,5,1 days 21:12:00.143000
Closed,Major,2013-08-20 17:46:07.445000+00:00,New Feature,cutting,2013-05-06 20:10:29.618000+00:00,2013-05-09 20:57:58.464000+00:00,0,AVRO,cutting,3,AVRO-1319,235.0,32,2,Fixed,180.993365129,1319,1,1,0,0,0,5,3 days 00:47:28.846000
Closed,Minor,2013-08-20 17:46:05.901000+00:00,Improvement,scott_carey,2013-04-30 19:39:39.970000+00:00,2013-05-15 21:00:35.147000+00:00,0,AVRO,scott_carey,5,AVRO-1314,119.0,49,2,Fixed,180.993383003,1314,1,1,0,0,1,4,15 days 01:20:55.177000
Closed,Major,2013-08-20 17:46:04.624000+00:00,Bug,scott_carey,2013-04-29 21:54:48.511000+00:00,2013-05-21 04:08:08.710000+00:00,0,AVRO,scott_carey,4,AVRO-1311,300.0,45,2,Fixed,180.993397784,1311,0,0,1,0,0,4,21 days 06:13:20.199000
Closed,Major,2013-08-20 17:46:08.521000+00:00,Bug,szesch,2013-04-22 17:23:50.961000+00:00,2013-04-23 17:08:09.819000+00:00,0,AVRO,cutting,4,AVRO-1309,835.0,51,3,Fixed,180.993352682,1309,1,1,1,0,0,4,0 days 23:44:18.858000
Closed,Major,2013-08-20 17:46:08.249000+00:00,Bug,szesch,2013-04-22 16:42:04.205000+00:00,2013-04-23 20:17:04.436000+00:00,0,AVRO,szesch,7,AVRO-1308,424.0,41,3,Fixed,180.993355831,1308,1,1,0,0,0,4,1 days 03:35:00.231000
Closed,Minor,2013-08-20 17:46:07.307000+00:00,New Feature,vince83,2013-04-22 16:34:35.078000+00:00,2013-04-26 22:12:47.311000+00:00,0,AVRO,vince83,7,AVRO-1307,1206.0,51,4,Fixed,180.993366735,1307,1,1,0,0,0,4,4 days 05:38:12.233000
Closed,Minor,2013-08-20 17:46:08.942000+00:00,Improvement,minaguib,2013-04-21 23:36:27.303000+00:00,2013-04-25 13:51:50.658000+00:00,0,AVRO,minaguib,7,AVRO-1306,171.0,72,4,Fixed,180.993347651,1306,1,1,1,2,6,4,3 days 14:15:23.355000
Closed,Major,2013-08-20 17:46:05.357000+00:00,Bug,kryzthov,2013-04-18 06:31:26.503000+00:00,2013-04-22 19:51:57.697000+00:00,0,AVRO,kryzthov,4,AVRO-1300,799.0,115,3,Fixed,180.993389308,1300,1,1,1,0,3,4,4 days 13:20:31.194000
Closed,Major,2013-08-20 17:46:05.209000+00:00,Bug,cutting,2013-04-10 18:33:45.707000+00:00,2013-04-16 23:26:19.576000+00:00,0,AVRO,cutting,5,AVRO-1295,221.0,60,2,Fixed,180.993391022,1295,1,1,0,0,2,4,6 days 04:52:33.869000
Closed,Major,2013-08-20 17:46:06.318000+00:00,New Feature,martinkl,2013-04-03 04:51:12.380000+00:00,2013-04-13 04:51:42.570000+00:00,0,AVRO,martinkl,5,AVRO-1288,158.0,41,3,Fixed,180.993378188,1288,1,0,0,0,2,4,10 days 00:00:30.190000
Closed,Major,2013-08-20 17:46:05.503000+00:00,Bug,martinkl,2013-03-10 17:28:54.906000+00:00,2013-03-19 15:45:15.927000+00:00,0,AVRO,martinkl,4,AVRO-1272,382.0,56,3,Fixed,180.993387611,1272,1,0,1,0,6,3,8 days 22:16:21.021000
Resolved,Minor,2013-04-13 01:11:13.770000+00:00,Improvement,sujesh.chirackkal,2013-04-13 00:51:31.334000+00:00,2013-04-13 01:11:13.751000+00:00,0,AVRO,,0,AVRO-1298,189.0,40,1,Invalid,310.68426414,1298,1,1,2,0,5,4,0 days 00:19:42.417000
Resolved,Major,2013-06-13 19:40:41.706000+00:00,Bug,drussel,2013-04-04 22:27:54.204000+00:00,2013-06-13 19:03:14.849000+00:00,0,AVRO,drussel,6,AVRO-1290,186.0,61,4,Fixed,248.939807061,1290,1,0,1,0,3,4,69 days 20:35:20.645000
Resolved,Minor,2013-04-23 16:42:43.825000+00:00,Improvement,romixlev,2013-03-21 16:51:19.457000+00:00,2013-04-23 16:42:43.804000+00:00,0,AVRO,,21,AVRO-1277,562.0,51,3,Duplicate,300.037388518,1277,1,1,1,0,3,3,32 days 23:51:24.347000
Resolved,Major,2013-03-06 18:55:05.930000+00:00,Bug,ahanna,2013-03-06 16:47:27.034000+00:00,2013-03-06 18:55:05.880000+00:00,0,AVRO,,1,AVRO-1271,2105.0,45,2,Later,347.945465966,1271,2,1,1,0,2,3,0 days 02:07:38.846000
Resolved,Major,2013-02-28 23:05:14.592000+00:00,Bug,cutting,2013-02-28 17:19:04.554000+00:00,2013-02-28 23:05:14.566000+00:00,0,AVRO,cutting,0,AVRO-1264,139.0,54,1,Duplicate,353.771754337,1264,1,0,0,0,3,2,0 days 05:46:10.012000
Closed,Major,2013-02-27 00:54:05.060000+00:00,Bug,martinkl,2013-02-19 16:19:33.683000+00:00,2013-02-19 23:14:28.828000+00:00,0,AVRO,martinkl,4,AVRO-1258,150.0,47,3,Fixed,355.696170544,1258,1,0,1,0,1,2,0 days 06:54:55.145000
Closed,Major,2013-02-27 00:54:04.029000+00:00,Bug,martinkl,2013-02-19 15:36:57.582000+00:00,2013-02-19 23:11:31.020000+00:00,0,AVRO,martinkl,4,AVRO-1257,440.0,41,3,Fixed,355.696182467,1257,1,0,1,0,1,2,0 days 07:34:33.438000
Closed,Minor,2013-02-27 00:54:00.758000+00:00,Improvement,trochee,2013-02-14 19:43:46.401000+00:00,2013-02-14 22:19:39.646000+00:00,0,AVRO,trochee,6,AVRO-1255,709.0,75,3,Fixed,355.696220329,1255,1,0,1,1,3,2,0 days 02:35:53.245000
Closed,Minor,2013-02-27 00:54:00.334000+00:00,Improvement,ted.m,2013-02-14 15:12:43.818000+00:00,2013-02-19 17:15:37.533000+00:00,0,AVRO,ted.m,7,AVRO-1254,312.0,37,3,Fixed,355.696225249,1254,0,0,0,0,3,2,5 days 02:02:53.715000
Closed,Minor,2013-02-27 00:53:59.629000+00:00,Improvement,ted.m,2013-02-14 13:57:25.019000+00:00,2013-02-14 20:48:10.345000+00:00,0,AVRO,ted.m,3,AVRO-1253,478.0,42,3,Fixed,355.696233399,1253,0,0,1,0,3,2,0 days 06:50:45.326000
Closed,Minor,2013-02-27 00:54:02.281000+00:00,New Feature,cutting,2013-02-12 21:58:57.724000+00:00,2013-02-19 23:22:48.819000+00:00,0,AVRO,cutting,5,AVRO-1252,283.0,55,2,Fixed,355.696202706,1252,1,1,0,0,1,2,7 days 01:23:51.095000
Closed,Minor,2013-02-27 00:53:58.777000+00:00,Bug,ted.m,2013-02-12 01:53:56.165000+00:00,2013-02-14 22:26:37.200000+00:00,0,AVRO,ted.m,12,AVRO-1251,433.0,49,4,Fixed,355.696243263,1251,1,1,1,0,1,2,2 days 20:32:41.035000
Closed,Major,2013-02-27 00:54:04.857000+00:00,New Feature,njw45,2013-02-11 15:27:44.916000+00:00,2013-02-12 22:28:21.305000+00:00,0,AVRO,njw45,4,AVRO-1250,333.0,51,3,Fixed,355.696172894,1250,1,1,1,1,0,2,1 days 07:00:36.389000
Closed,Major,2013-02-27 00:54:02.484000+00:00,Bug,esammer,2013-02-11 02:32:16.658000+00:00,2013-02-12 23:28:50.970000+00:00,0,AVRO,esammer,6,AVRO-1249,779.0,53,3,Fixed,355.696200361,1249,1,1,1,0,0,2,1 days 20:56:34.312000
Closed,Minor,2013-02-27 00:54:04.234000+00:00,Improvement,gareth@logicalpractice.com,2013-02-10 16:04:26.281000+00:00,2013-02-10 19:02:31.920000+00:00,0,AVRO,gareth@logicalpractice.com,5,AVRO-1248,265.0,65,3,Fixed,355.696180119,1248,1,1,0,0,6,2,0 days 02:58:05.639000
Closed,Major,2013-02-27 00:53:59.004000+00:00,Bug,chengas123,2013-02-10 00:07:01.082000+00:00,2013-02-14 21:29:29.194000+00:00,0,AVRO,cutting,5,AVRO-1247,1097.0,37,3,Fixed,355.69624063,1247,1,1,1,1,6,2,4 days 21:22:28.112000
Resolved,Minor,2013-02-07 16:53:01.150000+00:00,Improvement,qwertymaniac,2013-02-07 16:51:53.721000+00:00,2013-02-07 16:53:01.117000+00:00,0,AVRO,,1,AVRO-1244,1626.0,78,1,Invalid,375.03024354,1244,1,1,0,0,3,2,0 days 00:01:07.396000
Closed,Minor,2013-02-27 00:54:01.817000+00:00,Improvement,ted.m,2013-02-07 12:22:30.069000+00:00,2013-02-12 23:23:26.284000+00:00,0,AVRO,ted.m,21,AVRO-1243,769.0,39,4,Fixed,355.696208078,1243,1,1,1,0,3,2,5 days 11:00:56.215000
Closed,Major,2013-02-27 00:54:04.441000+00:00,Bug,ted.m,2013-02-06 15:32:50.023000+00:00,2013-02-07 17:07:10.989000+00:00,1,AVRO,ted.m,8,AVRO-1242,411.0,52,5,Fixed,355.696177721,1242,0,0,1,0,2,2,1 days 01:34:20.966000
Closed,Major,2013-02-27 00:54:02.045000+00:00,Improvement,jadler,2013-02-01 20:38:58.129000+00:00,2013-02-04 21:59:37.119000+00:00,1,AVRO,jadler,6,AVRO-1241,486.0,52,6,Fixed,355.696205443,1241,1,1,1,0,4,2,3 days 01:20:38.990000
Closed,Major,2013-02-27 00:54:02.924000+00:00,Bug,brocknoland,2013-02-01 16:23:45.152000+00:00,2013-02-05 14:47:38.671000+00:00,0,AVRO,cutting,8,AVRO-1240,1331.0,93,3,Fixed,355.696195271,1240,1,1,1,0,4,2,3 days 22:23:53.519000
Resolved,Minor,2013-02-04 14:22:10.725000+00:00,Bug,baunz,2013-02-01 09:43:58.638000+00:00,2013-02-04 14:22:10.692000+00:00,0,AVRO,,3,AVRO-1239,629.0,34,3,Duplicate,378.134992946,1239,1,1,1,2,4,2,3 days 04:38:12.054000
Resolved,Major,2013-05-24 16:10:58.690000+00:00,Improvement,mic159,2013-02-01 05:53:18.677000+00:00,2013-05-24 13:37:50.718000+00:00,0,AVRO,,7,AVRO-1238,343.0,35,4,Fixed,269.165780518,1238,1,0,0,0,4,2,112 days 07:44:32.041000
Closed,Minor,2013-02-27 00:53:59.225000+00:00,Bug,mwagner,2013-01-15 00:14:38.061000+00:00,2013-01-17 21:13:22.043000+00:00,0,AVRO,mwagner,1,AVRO-1233,171.0,59,2,Fixed,355.696238112,1233,1,1,0,0,1,1,2 days 20:58:43.982000
Closed,Minor,2013-02-27 00:54:00.965000+00:00,Improvement,gwu,2013-01-11 23:35:39.803000+00:00,2013-01-18 21:41:11.826000+00:00,0,AVRO,gwu,5,AVRO-1232,707.0,71,2,Fixed,355.696217977,1232,1,1,1,0,4,1,6 days 22:05:32.023000
Closed,Major,2013-02-27 00:53:59.832000+00:00,Bug,mwagner,2013-01-11 20:24:18.144000+00:00,2013-01-14 20:31:19.153000+00:00,0,AVRO,mwagner,1,AVRO-1231,349.0,55,3,Fixed,355.696231095,1231,0,0,0,0,4,1,3 days 00:07:01.009000
Closed,Blocker,2013-02-27 00:54:01.170000+00:00,Bug,tomwhite,2013-01-11 16:45:38.523000+00:00,2013-01-16 16:09:21.018000+00:00,1,AVRO,tomwhite,10,AVRO-1230,177.0,57,3,Fixed,355.696215476,1230,1,1,0,0,4,1,4 days 23:23:42.495000
Closed,Major,2013-02-27 00:54:00.538000+00:00,Improvement,mwagner,2013-01-10 01:12:25.589000+00:00,2013-01-18 19:35:00.067000+00:00,1,AVRO,cutting,14,AVRO-1229,234.0,36,4,Fixed,355.696222934,1229,0,0,0,0,3,1,8 days 18:22:34.478000
Closed,Major,2013-02-27 00:54:01.612000+00:00,Bug,mwagner,2013-01-10 01:00:20.918000+00:00,2013-02-04 22:14:13.333000+00:00,0,AVRO,cutting,7,AVRO-1228,243.0,47,4,Fixed,355.696210518,1228,1,1,1,0,3,1,25 days 21:13:52.415000
Closed,Major,2013-02-27 00:54:05.256000+00:00,Bug,scott_carey,2013-01-09 21:17:46.514000+00:00,2013-01-24 22:03:27.117000+00:00,0,AVRO,cutting,3,AVRO-1227,1604.0,51,2,Fixed,355.696168311,1227,0,0,1,0,2,1,15 days 00:45:40.603000
Resolved,Trivial,2013-02-14 23:51:14.467000+00:00,Bug,logicnut,2013-01-05 20:12:30.141000+00:00,2013-02-14 23:51:14.437000+00:00,0,AVRO,cutting,1,AVRO-1224,384.0,30,2,Fixed,367.739811719,1224,1,0,0,0,5,1,40 days 03:38:44.296000
Closed,Trivial,2013-02-27 00:54:03.774000+00:00,Improvement,ctm,2012-12-20 15:50:58.070000+00:00,2013-01-18 21:22:21.405000+00:00,0,AVRO,cutting,4,AVRO-1223,264.0,69,2,Fixed,355.696185496,1223,1,1,1,0,3,12,29 days 05:31:23.335000
Closed,Major,2013-02-27 00:54:03.139000+00:00,Bug,rodrigotrujillo,2012-12-19 18:32:47.895000+00:00,2012-12-19 23:38:56.998000+00:00,0,AVRO,rodrigotrujillo,4,AVRO-1221,1746.0,46,3,Fixed,355.696192816,1221,1,1,1,0,2,12,0 days 05:06:09.103000
Closed,Major,2013-02-27 00:54:01.402000+00:00,Bug,slandelle,2012-12-13 21:52:33.698000+00:00,2013-02-09 00:22:19.028000+00:00,0,AVRO,cutting,10,AVRO-1220,641.0,10,4,Fixed,355.696212959,1220,1,1,1,0,3,12,57 days 02:29:45.330000
Closed,Major,2013-02-27 00:54:03.350000+00:00,Bug,pjsg,2012-12-07 21:21:39.304000+00:00,2012-12-08 01:08:39.445000+00:00,0,AVRO,tebeka,3,AVRO-1217,258.0,67,2,Fixed,355.696190433,1217,1,0,1,1,4,12,0 days 03:47:00.141000
Closed,Major,2013-05-02 02:30:58.229000+00:00,Bug,matterhayes,2012-12-07 04:44:22.978000+00:00,2013-02-18 18:31:30.399000+00:00,0,AVRO,nagav.ashish,33,AVRO-1215,1294.0,62,7,Fixed,355.696228682,1215,1,1,1,2,4,12,73 days 13:47:07.421000
Closed,Major,2013-02-27 00:54:05.463000+00:00,Improvement,skye,2012-11-22 01:38:49.815000+00:00,2012-12-19 18:33:24.486000+00:00,0,AVRO,skye,9,AVRO-1211,76.0,29,5,Fixed,355.696165868,1211,1,0,1,1,3,11,27 days 16:54:34.671000
Closed,Trivial,2012-12-10 17:57:36.318000+00:00,Improvement,dbeech,2012-11-21 10:12:51.711000+00:00,2012-11-28 22:38:45.558000+00:00,0,AVRO,dbeech,2,AVRO-1210,147.0,51,2,Fixed,433.985392225,1210,0,0,1,0,2,11,7 days 12:25:53.847000
Closed,Minor,2012-12-10 17:57:37.646000+00:00,Improvement,jeffkole,2012-11-19 22:59:48.072000+00:00,2012-11-29 22:08:20.891000+00:00,0,AVRO,jeffkole,9,AVRO-1209,582.0,52,2,Fixed,433.985376846,1209,1,1,1,0,0,11,9 days 23:08:32.819000
Closed,Minor,2012-12-10 17:57:37.777000+00:00,Improvement,saden1,2012-11-16 15:26:37.825000+00:00,2012-11-19 20:57:31.443000+00:00,0,AVRO,saden1,4,AVRO-1207,44.0,34,2,Fixed,433.985375347,1207,1,1,1,0,4,11,3 days 05:30:53.618000
Closed,Major,2012-12-10 17:57:35.781000+00:00,Bug,cvigny,2012-11-16 13:27:18.575000+00:00,2012-11-28 22:35:22.949000+00:00,0,AVRO,,9,AVRO-1206,1332.0,29,2,Fixed,433.98539844,1206,1,0,1,0,4,11,12 days 09:08:04.374000
Closed,Minor,2012-12-10 17:57:37.117000+00:00,New Feature,saden1,2012-11-14 15:52:31.354000+00:00,2012-11-21 22:57:52.384000+00:00,0,AVRO,saden1,6,AVRO-1205,1158.0,44,2,Fixed,433.985382979,1205,1,1,1,0,2,11,7 days 07:05:21.030000
Closed,Major,2012-12-10 17:57:35.236000+00:00,Improvement,skye,2012-11-09 18:22:35.196000+00:00,2012-11-16 23:16:36.603000+00:00,0,AVRO,skye,11,AVRO-1202,284.0,44,5,Fixed,433.985404769,1202,1,0,0,1,4,11,7 days 04:54:01.407000
Closed,Major,2012-12-10 17:57:38.169000+00:00,Bug,saden1,2012-11-09 15:59:19.713000+00:00,2012-11-21 22:30:15.079000+00:00,0,AVRO,saden1,10,AVRO-1201,174.0,47,2,Fixed,433.985370813,1201,1,1,1,0,4,11,12 days 06:30:55.366000
Closed,Major,2012-12-10 17:57:36.978000+00:00,Bug,tomwhite,2012-11-08 21:54:33.210000+00:00,2012-11-09 10:57:38.938000+00:00,0,AVRO,tomwhite,3,AVRO-1200,231.0,75,2,Fixed,433.985384612,1200,1,1,1,0,3,11,0 days 13:03:05.728000
Closed,Major,2012-12-10 17:57:35.373000+00:00,Bug,kimslbing,2012-11-08 07:32:06.572000+00:00,2012-11-14 23:21:59.645000+00:00,0,AVRO,cutting,8,AVRO-1199,835.0,72,2,Fixed,433.985403179,1199,1,1,1,1,3,11,6 days 15:49:53.073000
Closed,Major,2013-02-27 00:54:04.651000+00:00,Bug,mpercy,2012-11-08 00:52:05.217000+00:00,2013-02-12 19:43:04.184000+00:00,0,AVRO,mpercy,6,AVRO-1198,279.0,70,3,Fixed,355.696175418,1198,1,1,1,0,3,11,96 days 18:50:58.967000
Closed,Major,2012-12-10 17:57:37.523000+00:00,Bug,mpercy,2012-11-08 00:46:56.833000+00:00,2012-11-08 21:15:21.043000+00:00,0,AVRO,mpercy,5,AVRO-1197,2502.0,68,2,Fixed,433.985378315,1197,2,1,0,0,3,11,0 days 20:28:24.210000
Closed,Major,2012-12-10 17:57:36.829000+00:00,New Feature,saden1,2012-11-03 00:19:53.912000+00:00,2012-11-13 09:56:22.781000+00:00,0,AVRO,saden1,20,AVRO-1188,1599.0,39,4,Fixed,433.985386379,1188,1,1,0,0,5,11,10 days 09:36:28.869000
Closed,Major,2012-12-10 17:57:38.031000+00:00,New Feature,saden1,2012-10-30 14:16:11.371000+00:00,2012-11-05 18:22:26.251000+00:00,0,AVRO,cutting,9,AVRO-1186,1743.0,24,2,Fixed,433.985372474,1186,1,1,0,0,1,10,6 days 04:06:14.880000
Closed,Minor,2012-12-10 17:57:37.397000+00:00,Bug,jeffreyt,2012-10-24 05:55:58.864000+00:00,2012-11-14 21:00:21.967000+00:00,0,AVRO,cutting,8,AVRO-1183,909.0,70,2,Fixed,433.98537982,1183,1,1,1,0,2,10,21 days 15:04:23.103000
Resolved,Major,2013-06-13 19:40:41.487000+00:00,Bug,drussel,2012-10-23 08:18:42.990000+00:00,2013-06-13 18:50:03.007000+00:00,0,AVRO,drussel,5,AVRO-1181,285.0,80,5,Fixed,248.948972057,1181,1,0,3,0,1,10,233 days 10:31:20.017000
Resolved,Major,2013-02-28 06:41:18.816000+00:00,Bug,viji_r,2012-10-17 07:46:52.497000+00:00,2013-02-28 06:41:18.783000+00:00,0,AVRO,,5,AVRO-1179,523.0,78,4,Duplicate,354.455039285,1179,1,1,1,0,2,10,133 days 22:54:26.286000
Closed,Trivial,2012-12-10 17:57:36.437000+00:00,Bug,martinkl,2012-10-17 01:36:52.955000+00:00,2012-11-28 22:42:54.164000+00:00,0,AVRO,martinkl,3,AVRO-1178,96.0,27,3,Fixed,433.985390943,1178,0,0,1,0,2,10,42 days 21:06:01.209000
Closed,Major,2012-12-10 17:57:38.445000+00:00,Bug,mintman,2012-10-01 08:50:19.688000+00:00,2012-11-28 22:47:22.374000+00:00,0,AVRO,mintman,3,AVRO-1177,1461.0,44,2,Fixed,433.985367694,1177,1,0,1,1,0,10,58 days 13:57:02.686000
Closed,Major,2012-12-10 17:57:35.936000+00:00,Bug,sandyr,2012-09-27 23:16:04.782000+00:00,2012-11-28 22:56:27.264000+00:00,0,AVRO,cutting,14,AVRO-1175,364.0,112,3,Fixed,433.98539675,1175,1,1,1,0,3,9,61 days 23:40:22.482000
Closed,Minor,2012-12-10 17:57:36.194000+00:00,Bug,sl.sy.ifm,2012-09-27 06:21:17.356000+00:00,2012-11-30 09:52:59.005000+00:00,0,AVRO,sl.sy.ifm,3,AVRO-1174,112.0,31,3,Fixed,433.985393766,1174,1,0,1,0,3,9,64 days 03:31:41.649000
Resolved,Major,2013-06-24 09:38:34.571000+00:00,Bug,sjoverend,2012-09-25 11:29:06.056000+00:00,2013-06-24 08:38:28.078000+00:00,2,AVRO,sjoverend,7,AVRO-1172,2171.0,47,5,Fixed,238.373681884,1172,1,0,1,1,1,9,271 days 21:09:22.022000
Closed,Minor,2012-12-10 17:57:38.317000+00:00,Bug,dbeech,2012-09-22 08:30:56.171000+00:00,2012-09-24 21:23:54.240000+00:00,0,AVRO,dbeech,3,AVRO-1171,415.0,62,2,Fixed,433.98536919,1171,1,1,1,0,5,9,2 days 12:52:58.069000
Closed,Major,2013-01-11 16:54:15.302000+00:00,Bug,tomwhite,2012-09-19 14:35:42.801000+00:00,2012-09-27 13:28:20.946000+00:00,0,AVRO,tomwhite,17,AVRO-1170,132.0,50,3,Fixed,433.985387988,1170,1,1,1,0,2,9,7 days 22:52:38.145000
Closed,Major,2012-12-10 17:57:37.903000+00:00,Improvement,hernan.otero,2012-09-18 18:52:36.821000+00:00,2012-09-24 21:14:51.361000+00:00,0,AVRO,hernan.otero,3,AVRO-1169,1392.0,52,2,Fixed,433.985373986,1169,1,1,1,0,1,9,6 days 02:22:14.540000
Closed,Minor,2012-09-25 21:22:59.502000+00:00,Bug,onetoinfinity@yahoo.com,2012-09-18 16:34:23.156000+00:00,2012-09-18 16:57:04.320000+00:00,0,AVRO,,1,AVRO-1168,680.0,69,2,Invalid,509.842762912,1168,1,1,1,0,1,9,0 days 00:22:41.164000
Closed,Minor,2012-09-25 21:16:14.202000+00:00,Improvement,lmartinking,2012-09-13 03:05:10.722000+00:00,2012-09-13 21:29:17.881000+00:00,0,AVRO,,2,AVRO-1160,435.0,38,2,Fixed,509.847453878,1160,1,0,1,1,3,9,0 days 18:24:07.159000
Closed,Major,2013-08-20 17:46:03.814000+00:00,Bug,jbaldassari,2013-04-11 01:58:42.619000+00:00,2013-07-15 00:54:12.999000+00:00,0,AVRO,jbaldassari,8,AVRO-1297,331.0,67,4,Fixed,180.993407445,1297,1,1,1,2,3,4,94 days 22:55:30.380000
Closed,Major,2013-08-20 17:46:03.614000+00:00,Bug,jbaldassari,2013-04-09 21:23:19.445000+00:00,2013-07-02 18:00:32.997000+00:00,0,AVRO,jbaldassari,10,AVRO-1292,4674.0,85,4,Fixed,180.99340975,1292,1,1,1,3,1,4,83 days 20:37:13.552000
Closed,Major,2013-08-20 17:46:06.854000+00:00,Test,martinkl,2013-04-03 04:45:50.168000+00:00,2013-04-13 04:46:50.613000+00:00,0,AVRO,martinkl,5,AVRO-1287,249.0,40,3,Fixed,180.993372253,1287,1,0,1,0,2,4,10 days 00:01:00.445000
Closed,Major,2013-08-20 17:46:08.657000+00:00,Bug,cwsteinbach,2013-03-21 19:04:10.081000+00:00,2013-07-26 13:55:52.078000+00:00,0,AVRO,cwsteinbach,5,AVRO-1279,,67,4,Fixed,180.993351401,1279,1,0,1,0,3,3,126 days 18:51:41.997000
Closed,Major,2013-08-20 17:46:09.412000+00:00,New Feature,tomwhite,2013-03-12 15:20:04.489000+00:00,2013-04-29 11:38:50.409000+00:00,0,AVRO,tomwhite,37,AVRO-1274,86.0,24,7,Fixed,180.993342668,1274,1,1,0,0,1,3,47 days 20:18:45.920000
Closed,Major,2013-08-20 17:46:03.475000+00:00,Improvement,cutting,2013-02-28 21:50:47.208000+00:00,2013-03-04 21:09:13.045000+00:00,0,AVRO,cutting,3,AVRO-1267,143.0,35,1,Fixed,180.993411376,1267,1,1,0,0,3,2,3 days 23:18:25.837000
Closed,Major,2013-08-20 17:46:06.171000+00:00,Bug,nagav.ashish,2013-02-28 20:02:16.213000+00:00,2013-04-13 04:32:35.193000+00:00,0,AVRO,nagav.ashish,14,AVRO-1266,131.0,95,5,Fixed,180.993380186,1266,1,1,0,0,3,2,43 days 08:30:18.980000
Closed,Minor,2013-08-20 17:46:07.171000+00:00,Bug,cconner,2013-02-27 19:37:53.150000+00:00,2013-07-09 22:14:50.878000+00:00,0,AVRO,cutting,10,AVRO-1261,754.0,71,5,Fixed,180.993368618,1261,1,1,1,0,2,2,132 days 02:36:57.728000
Closed,Major,2013-08-20 17:46:08.107000+00:00,Improvement,martinkl,2013-02-20 01:38:28.292000+00:00,2013-03-01 19:03:37.839000+00:00,0,AVRO,martinkl,6,AVRO-1260,818.0,42,2,Fixed,180.993357787,1260,1,0,1,0,2,2,9 days 17:25:09.547000
Closed,Major,2013-08-20 17:46:04.903000+00:00,Improvement,cutting,2013-02-20 00:42:57.006000+00:00,2013-03-27 23:42:50.657000+00:00,0,AVRO,cutting,7,AVRO-1259,349.0,40,2,Fixed,180.993394872,1259,1,0,0,0,2,2,35 days 22:59:53.651000
Resolved,Major,2014-02-11 04:54:03.618000+00:00,Bug,mic159,2013-02-01 05:36:50.815000+00:00,2013-12-18 13:32:02.635000+00:00,0,AVRO,,10,AVRO-1237,244.0,54,5,Fixed,61.1698096314,1237,1,0,0,0,4,2,320 days 07:55:11.820000
Closed,Major,2014-01-23 21:58:54.867000+00:00,Bug,dbeech,2013-01-17 13:45:01.702000+00:00,2013-12-13 00:59:12.386000+00:00,1,AVRO,dbeech,17,AVRO-1234,517.0,72,9,Fixed,24.8178165779,1234,0,0,1,0,3,1,329 days 11:14:10.684000
Closed,Major,2013-08-27 17:00:19.256000+00:00,Bug,tomwhite,2012-09-11 11:05:49.103000+00:00,2012-09-12 08:22:08.444000+00:00,0,AVRO,tomwhite,8,AVRO-1155,194.0,84,4,Fixed,509.847467807,1155,1,1,0,0,1,9,0 days 21:16:19.341000
Closed,Major,2013-02-12 18:43:51.828000+00:00,Bug,gffletch,2012-09-14 19:35:25.321000+00:00,2012-09-17 20:17:06.817000+00:00,0,AVRO,gffletch,6,AVRO-1166,875.0,57,3,Fixed,509.84746148,1166,1,1,1,0,4,9,3 days 00:41:41.496000
Closed,Major,2012-09-25 21:16:13.173000+00:00,Bug,vnadkarni,2012-09-14 17:40:00.251000+00:00,2012-09-17 23:19:09.269000+00:00,0,AVRO,,4,AVRO-1165,1505.0,56,2,Fixed,509.847465834,1165,1,0,1,0,4,9,3 days 05:39:09.018000
Closed,Trivial,2012-09-25 21:16:13.686000+00:00,Bug,vnadkarni,2012-09-14 17:12:55.549000+00:00,2012-09-17 23:13:56.317000+00:00,0,AVRO,,3,AVRO-1164,477.0,55,2,Fixed,509.847459898,1164,1,0,1,0,4,9,3 days 06:01:00.768000
Closed,Major,2012-12-10 17:57:38.569000+00:00,Bug,mpugachev,2012-09-14 12:45:52.541000+00:00,2012-11-30 09:54:32.264000+00:00,0,AVRO,,4,AVRO-1163,74.0,44,3,Fixed,433.985366335,1163,1,0,1,0,4,9,76 days 21:08:39.723000
Closed,Major,2012-09-25 21:16:12.836000+00:00,Bug,alexandre.normand,2012-09-13 21:15:25.276000+00:00,2012-09-13 23:41:28.102000+00:00,0,AVRO,alexandre.normand,6,AVRO-1162,414.0,80,2,Fixed,509.847469739,1162,1,1,1,2,3,9,0 days 02:26:02.826000
Closed,Major,2012-09-25 21:16:13.282000+00:00,Bug,lmartinking,2012-09-13 06:27:09.390000+00:00,2012-09-17 23:28:28.556000+00:00,0,AVRO,,7,AVRO-1161,1333.0,43,3,Fixed,509.847464579,1161,1,0,1,1,3,9,4 days 17:01:19.166000
Closed,Major,2012-09-25 21:16:12.891000+00:00,Bug,lmartinking,2012-09-13 02:54:41.222000+00:00,2012-09-13 21:25:07.131000+00:00,0,AVRO,,2,AVRO-1159,256.0,52,2,Fixed,509.847469094,1159,1,0,1,2,3,9,0 days 18:30:25.909000
Closed,Major,2012-09-25 21:16:14.326000+00:00,Bug,lmartinking,2012-09-13 02:44:23.895000+00:00,2012-09-13 21:21:10.126000+00:00,0,AVRO,,3,AVRO-1158,186.0,52,2,Fixed,509.847452498,1158,1,0,1,2,3,9,0 days 18:36:46.231000
Closed,Minor,2012-12-10 17:57:36.561000+00:00,Improvement,onetoinfinity@yahoo.com,2012-09-12 17:17:51.719000+00:00,2012-11-01 17:44:07.334000+00:00,0,AVRO,cutting,12,AVRO-1157,315.0,74,3,Fixed,433.985389583,1157,2,1,1,0,2,9,50 days 00:26:15.615000
Closed,Major,2012-09-25 21:16:13.337000+00:00,Bug,karel1980,2012-09-11 09:36:32.534000+00:00,2012-09-13 20:37:07.246000+00:00,0,AVRO,karel1980,6,AVRO-1154,273.0,47,3,Fixed,509.847463938,1154,0,0,0,0,1,9,2 days 11:00:34.712000
Closed,Major,2012-09-25 21:16:13.846000+00:00,Bug,alexandre.normand,2012-09-11 00:02:00.156000+00:00,2012-09-12 23:54:08.736000+00:00,0,AVRO,alexandre.normand,9,AVRO-1153,1424.0,84,2,Fixed,509.84745806,1153,1,1,1,2,1,9,1 days 23:52:08.580000
Closed,Major,2012-09-25 21:16:14.084000+00:00,Bug,cutting,2012-09-10 23:36:51.706000+00:00,2012-09-10 23:43:51.511000+00:00,0,AVRO,cutting,1,AVRO-1152,190.0,38,1,Fixed,509.847455307,1152,1,1,1,0,0,9,0 days 00:06:59.805000
Closed,Minor,2012-09-25 21:16:12.944000+00:00,Improvement,hshreedharan,2012-09-10 06:25:13.965000+00:00,2012-09-11 11:34:50.821000+00:00,0,AVRO,hshreedharan,6,AVRO-1151,133.0,73,2,Fixed,509.847468492,1151,1,1,0,0,0,9,1 days 05:09:36.856000
Closed,Minor,2012-09-25 21:16:13.966000+00:00,Bug,gabriel.reid,2012-09-07 20:48:31.022000+00:00,2012-09-17 20:43:39.786000+00:00,0,AVRO,gabriel.reid,9,AVRO-1150,294.0,48,2,Fixed,509.847456676,1150,1,1,0,0,4,9,9 days 23:55:08.764000
Closed,Major,2012-09-25 21:16:13.793000+00:00,Improvement,gabriel.reid,2012-09-07 20:43:33.774000+00:00,2012-09-11 22:38:48.397000+00:00,0,AVRO,gabriel.reid,3,AVRO-1149,375.0,55,2,Fixed,509.84745868,1149,1,1,0,0,4,9,4 days 01:55:14.623000
Resolved,Major,2013-02-12 18:43:51.811000+00:00,Bug,netvisao,2012-09-07 20:12:36.541000+00:00,2013-02-12 18:43:51.783000+00:00,0,AVRO,,3,AVRO-1148,742.0,55,3,Duplicate,369.953268311,1148,1,1,1,1,4,9,157 days 22:31:15.242000
Closed,Major,2012-09-25 21:16:14.496000+00:00,Improvement,alexandre.normand,2012-09-05 19:38:11.911000+00:00,2012-09-10 23:42:20.887000+00:00,0,AVRO,alexandre.normand,10,AVRO-1147,485.0,75,2,Fixed,509.847450546,1147,1,1,1,2,2,9,5 days 04:04:08.976000
Closed,Major,2012-09-25 21:16:14.142000+00:00,Bug,alexandre.normand,2012-08-31 22:51:35.147000+00:00,2012-09-10 18:32:49.212000+00:00,0,AVRO,alexandre.normand,12,AVRO-1146,583.0,86,2,Fixed,509.847454645,1146,1,1,1,1,4,8,9 days 19:41:14.065000
Closed,Major,2012-09-25 21:22:59.667000+00:00,Bug,alexandre.normand,2012-08-31 17:25:55.562000+00:00,2012-08-31 21:27:58.363000+00:00,0,AVRO,,5,AVRO-1145,3284.0,82,2,Not A Problem,509.84276107,1145,1,1,1,0,4,8,0 days 04:02:02.801000
Closed,Major,2012-09-25 21:16:13.906000+00:00,Bug,janlugt,2012-08-28 17:13:50.175000+00:00,2012-09-09 04:47:05.942000+00:00,0,AVRO,thiru_mg,4,AVRO-1143,177.0,53,3,Fixed,509.84745738,1143,1,0,1,0,1,8,11 days 11:33:15.767000
Closed,Major,2012-09-25 21:16:14.387000+00:00,Bug,mnagy,2012-08-21 13:29:13.408000+00:00,2012-09-14 21:09:19.395000+00:00,0,AVRO,cutting,4,AVRO-1142,367.0,73,2,Fixed,509.847451814,1142,1,0,0,0,1,8,24 days 07:40:05.987000
Closed,Major,2012-09-25 21:24:32.198000+00:00,Bug,mnagy,2012-08-21 13:16:03.582000+00:00,2012-08-27 04:54:49.862000+00:00,0,AVRO,,3,AVRO-1141,198.0,43,2,Fixed,509.841690126,1141,1,0,1,0,1,8,5 days 15:38:46.280000
Closed,Major,2012-09-25 21:24:32.297000+00:00,Bug,janlugt,2012-08-15 21:03:06.412000+00:00,2012-08-20 08:05:31.381000+00:00,0,AVRO,,3,AVRO-1140,359.0,42,2,Fixed,509.84168897,1140,1,0,1,0,2,8,4 days 11:02:24.969000
Closed,Minor,2012-09-25 21:16:14.441000+00:00,Improvement,lewismc,2012-08-15 12:35:12.532000+00:00,2012-08-15 20:06:27.642000+00:00,0,AVRO,lewismc,6,AVRO-1139,187.0,46,2,Invalid,509.847451193,1139,1,1,1,0,2,8,0 days 07:31:15.110000
Closed,Major,2012-09-25 21:16:13.055000+00:00,Bug,mpugachev,2012-08-13 13:57:41.012000+00:00,2012-09-13 21:12:51.812000+00:00,0,AVRO,,3,AVRO-1138,285.0,61,2,Fixed,509.847467225,1138,1,0,1,0,0,8,31 days 07:15:10.800000
Closed,Minor,2012-09-25 21:22:59.634000+00:00,Bug,jeremy@lewi.us,2012-08-05 22:44:22.673000+00:00,2012-08-06 19:26:31.857000+00:00,0,AVRO,,3,AVRO-1136,606.0,35,2,Won't Fix,509.842761464,1136,1,1,1,0,6,8,0 days 20:42:09.184000
Closed,Major,2012-09-25 21:16:13.114000+00:00,Bug,thiru_mg,2012-08-05 03:17:52.951000+00:00,2012-08-20 07:59:24.323000+00:00,0,AVRO,thiru_mg,3,AVRO-1135,392.0,30,1,Fixed,509.847466558,1135,1,0,1,0,6,8,15 days 04:41:31.372000
Closed,Major,2012-12-10 18:00:12.644000+00:00,Bug,pdlug,2012-07-27 01:11:59.013000+00:00,2012-11-28 22:34:44.400000+00:00,1,AVRO,,4,AVRO-1134,11762.0,55,3,Duplicate,433.983583099,1134,1,0,1,0,4,7,124 days 21:22:45.387000
Closed,Minor,2012-09-25 21:24:32.435000+00:00,Bug,lmoss,2012-07-22 16:48:46.789000+00:00,2012-07-24 02:30:16.090000+00:00,0,AVRO,lmoss,2,AVRO-1131,667.0,73,2,Fixed,509.841687384,1131,1,0,1,1,6,7,1 days 09:41:29.301000
Closed,Major,2012-09-25 21:16:13.740000+00:00,Improvement,mpugachev,2012-07-19 10:48:00.201000+00:00,2012-09-13 21:15:47.001000+00:00,0,AVRO,,3,AVRO-1129,260.0,23,2,Fixed,509.84745932,1129,1,0,1,0,3,7,56 days 10:27:46.800000
Closed,Critical,2012-09-25 21:16:13.228000+00:00,Bug,ekohlwey,2012-07-17 15:36:58.391000+00:00,2012-07-19 21:25:22.468000+00:00,0,AVRO,cutting,4,AVRO-1128,1342.0,72,2,Fixed,509.847465236,1128,0,0,2,0,1,7,2 days 05:48:24.077000
Closed,Major,2012-07-18 21:54:25.217000+00:00,Improvement,cutting,2012-07-12 18:38:23.022000+00:00,2012-07-12 19:04:28.188000+00:00,0,AVRO,cutting,2,AVRO-1125,303.0,51,1,Fixed,578.8209376,1125,2,1,0,0,3,7,0 days 00:26:05.166000
Closed,Major,2012-09-25 21:22:59.534000+00:00,Bug,stevenwillis,2012-06-27 18:55:27.542000+00:00,2012-08-01 21:16:28.853000+00:00,0,AVRO,,4,AVRO-1123,199.0,61,3,Duplicate,509.842762636,1123,1,1,3,0,2,6,35 days 02:21:01.311000
Closed,Major,2012-07-18 21:54:24.509000+00:00,Improvement,nagav.ashish,2012-06-21 21:38:10.569000+00:00,2012-07-02 22:13:10.841000+00:00,0,AVRO,nagav.ashish,4,AVRO-1120,125.0,107,2,Fixed,578.820945685,1120,1,1,1,2,3,6,11 days 00:35:00.272000
Closed,Major,2012-07-18 21:54:24.406000+00:00,Bug,sortega,2012-06-20 07:17:06.228000+00:00,2012-07-05 21:45:09.644000+00:00,0,AVRO,sortega,11,AVRO-1119,517.0,27,2,Fixed,578.820946867,1119,1,1,2,0,2,6,15 days 14:28:03.416000
Closed,Major,2013-05-09 16:17:20.560000+00:00,Bug,mpercy,2012-06-20 02:47:45.559000+00:00,2012-06-20 06:20:51.297000+00:00,0,AVRO,,4,AVRO-1118,1546.0,96,3,Not A Problem,509.842763824,1118,0,0,1,0,2,6,0 days 03:33:05.738000
Closed,Major,2012-07-18 21:54:25.010000+00:00,Improvement,lmartinking,2012-06-18 06:37:46.261000+00:00,2012-06-22 11:59:50.217000+00:00,0,AVRO,,6,AVRO-1117,172.0,83,2,Fixed,578.820940006,1117,1,0,0,0,0,6,4 days 05:22:03.956000
Closed,Major,2012-07-18 21:54:24.760000+00:00,Bug,thiru_mg,2012-06-15 18:24:15.671000+00:00,2012-07-04 09:11:08.608000+00:00,0,AVRO,thiru_mg,3,AVRO-1116,252.0,43,1,Fixed,578.820942739,1116,1,0,10,0,4,6,18 days 14:46:52.937000
Closed,Critical,2012-07-18 21:54:25.762000+00:00,Bug,mpugachev,2012-06-13 11:07:16.389000+00:00,2012-06-22 11:53:32.932000+00:00,0,AVRO,,5,AVRO-1115,569.0,50,2,Fixed,578.820931155,1115,1,0,1,0,2,6,9 days 00:46:16.543000
Closed,Major,2012-07-18 21:54:24.627000+00:00,Bug,cutting,2012-06-11 21:50:29.293000+00:00,2012-06-11 21:52:13.298000+00:00,0,AVRO,cutting,1,AVRO-1114,89.0,52,1,Fixed,578.820944201,1114,1,1,1,0,0,6,0 days 00:01:44.005000
Closed,Minor,2012-07-18 21:54:25.330000+00:00,Bug,matthewcmead,2012-06-09 01:35:20.607000+00:00,2012-06-15 18:25:58.533000+00:00,0,AVRO,matthewcmead,8,AVRO-1112,127.0,54,3,Fixed,578.820936148,1112,1,1,2,2,5,6,6 days 16:50:37.926000
Closed,Major,2013-01-08 17:54:09.480000+00:00,Bug,hshreedharan,2012-06-08 22:37:32.125000+00:00,2012-09-11 11:50:48.983000+00:00,0,AVRO,mpercy,7,AVRO-1111,771.0,53,9,Fixed,509.847453314,1111,1,1,1,0,4,6,94 days 13:13:16.858000
Closed,Major,2012-09-25 21:22:59.700000+00:00,Bug,spachev,2012-06-07 21:29:37.147000+00:00,2012-06-18 21:05:36.462000+00:00,0,AVRO,,3,AVRO-1110,235.0,59,3,Duplicate,509.842760734,1110,1,0,1,0,3,6,10 days 23:35:59.315000
Closed,Major,2012-07-18 21:54:24.902000+00:00,Bug,mfarnan,2012-06-07 01:07:06.629000+00:00,2012-07-12 18:19:35.344000+00:00,0,AVRO,,4,AVRO-1109,275.0,49,2,Fixed,578.820941257,1109,1,0,3,4,3,6,35 days 17:12:28.715000
Closed,Major,2012-07-18 21:54:25.451000+00:00,New Feature,nagav.ashish,2012-06-02 00:19:12.627000+00:00,2012-06-15 21:29:51.940000+00:00,0,AVRO,cutting,6,AVRO-1108,121.0,45,2,Fixed,578.820934892,1108,1,1,1,0,5,6,13 days 21:10:39.313000
Closed,Major,2012-12-07 04:47:32.877000+00:00,New Feature,nagav.ashish,2012-06-01 06:55:39.145000+00:00,2012-06-12 19:46:32.116000+00:00,0,AVRO,nagav.ashish,8,AVRO-1106,50.0,43,3,Fixed,578.820933784,1106,1,1,1,2,4,6,11 days 12:50:52.971000
Closed,Major,2012-07-18 21:54:25.649000+00:00,New Feature,lmartinking,2012-05-28 04:50:20.994000+00:00,2012-06-18 21:40:43.076000+00:00,1,AVRO,,5,AVRO-1104,135.0,15,4,Fixed,578.82093263,1104,1,0,1,2,0,5,21 days 16:50:22.082000
Closed,Major,2013-02-01 16:28:54.848000+00:00,Improvement,jacobmetcalf,2012-05-26 18:12:20.041000+00:00,2012-08-01 21:15:19.022000+00:00,0,AVRO,cutting,10,AVRO-1103,1594.0,58,4,Fixed,509.847462238,1103,1,1,1,0,5,5,67 days 03:02:58.981000
Closed,Major,2012-06-11 20:01:34.225000+00:00,Bug,mpugachev,2012-05-25 06:43:11.627000+00:00,2012-06-07 17:41:19.885000+00:00,0,AVRO,,2,AVRO-1102,77.0,45,2,Fixed,615.899305584,1102,1,0,2,0,4,5,13 days 10:58:08.258000
Closed,Critical,2012-09-25 21:22:59.854000+00:00,Bug,mpugachev,2012-05-24 14:19:46.162000+00:00,2012-09-13 21:17:41.536000+00:00,0,AVRO,,10,AVRO-1101,123.0,78,3,Won't Fix,509.842758966,1101,1,0,2,0,3,5,112 days 06:57:55.374000
Closed,Major,2012-06-11 20:01:36.997000+00:00,Bug,jojenki,2012-05-21 23:22:07.016000+00:00,2012-06-07 20:42:29.332000+00:00,0,AVRO,cutting,11,AVRO-1099,1229.0,29,2,Fixed,615.899273494,1099,1,1,1,1,0,5,16 days 21:20:22.316000
Closed,Major,2012-06-11 20:01:36.568000+00:00,Bug,cutting,2012-05-21 20:54:58.106000+00:00,2012-05-23 20:35:19.406000+00:00,0,AVRO,cutting,3,AVRO-1098,264.0,52,2,Fixed,615.899278484,1098,1,0,0,0,0,5,1 days 23:40:21.300000
Closed,Major,2012-06-11 20:01:36.753000+00:00,Bug,thiru_mg,2012-05-21 05:39:17.534000+00:00,2012-05-23 20:29:04.705000+00:00,0,AVRO,thiru_mg,4,AVRO-1097,580.0,43,3,Fixed,615.899276194,1097,1,1,0,0,0,5,2 days 14:49:47.171000
Closed,Major,2012-06-11 20:01:34.976000+00:00,Bug,dcreager,2012-05-20 13:46:18.426000+00:00,2012-05-20 13:51:29.930000+00:00,0,AVRO,,4,AVRO-1096,318.0,41,2,Fixed,615.899296751,1096,1,0,1,0,6,5,0 days 00:05:11.504000
Closed,Minor,2012-09-25 21:24:32.365000+00:00,Improvement,thiru_mg,2012-05-19 02:46:36.529000+00:00,2012-05-20 16:40:19.574000+00:00,0,AVRO,thiru_mg,1,AVRO-1095,112.0,114,1,Fixed,509.841688245,1095,1,0,0,0,5,5,1 days 13:53:43.045000
Closed,Major,2012-06-11 20:01:34.757000+00:00,Bug,ekohlwey,2012-05-17 17:58:05.516000+00:00,2012-05-18 21:30:19.282000+00:00,0,AVRO,ekohlwey,9,AVRO-1094,341.0,48,2,Fixed,615.899299451,1094,1,1,2,0,3,5,1 days 03:32:13.766000
Closed,Major,2012-09-25 21:22:59.567000+00:00,Bug,catalinalexandru.zamfir@gameloft.com,2012-05-16 14:37:00.731000+00:00,2012-05-17 18:33:10.476000+00:00,0,AVRO,,1,AVRO-1093,2511.0,72,1,Invalid,509.842762299,1093,0,0,2,0,2,5,1 days 03:56:09.745000
Closed,Critical,2012-06-11 20:01:34.587000+00:00,Bug,mpugachev,2012-05-16 10:40:20.206000+00:00,2012-05-20 14:25:44.994000+00:00,0,AVRO,,8,AVRO-1092,176.0,56,3,Fixed,615.899301421,1092,1,0,2,0,2,5,4 days 03:45:24.788000
Closed,Minor,2012-06-11 20:01:33.764000+00:00,Improvement,vnadkarni,2012-05-15 17:42:57.080000+00:00,2012-05-20 14:29:26.951000+00:00,0,AVRO,,3,AVRO-1091,328.0,60,2,Fixed,615.899310937,1091,1,0,1,0,1,5,4 days 20:46:29.871000
Closed,Major,2012-06-11 20:01:35.372000+00:00,Bug,catalinalexandru.zamfir@gameloft.com,2012-05-14 11:34:53.303000+00:00,2012-05-17 20:16:22.311000+00:00,0,AVRO,cutting,11,AVRO-1090,2023.0,88,3,Fixed,615.899292211,1090,0,0,1,0,0,5,3 days 08:41:29.008000
Closed,Major,2012-12-10 17:57:36.068000+00:00,Bug,vnadkarni,2012-05-14 08:28:09.789000+00:00,2012-12-01 17:04:28.186000+00:00,0,AVRO,,3,AVRO-1089,1100.0,63,1,Fixed,433.985395396,1089,1,0,2,0,0,5,201 days 08:36:18.397000
Closed,Major,2012-06-11 20:01:35.852000+00:00,Improvement,vnadkarni,2012-05-14 08:12:45.046000+00:00,2012-05-20 14:14:15.239000+00:00,0,AVRO,,6,AVRO-1088,1745.0,64,2,Fixed,615.899286786,1088,1,0,1,0,0,5,6 days 06:01:30.193000
Closed,Blocker,2012-06-11 20:01:36.505000+00:00,Bug,mpugachev,2012-05-12 11:06:14.091000+00:00,2012-05-21 12:28:25.055000+00:00,0,AVRO,,4,AVRO-1087,833.0,64,1,Fixed,615.89927923,1087,1,0,1,0,5,5,9 days 01:22:10.964000
Closed,Critical,2012-06-11 20:01:33.889000+00:00,Bug,mpugachev,2012-05-12 10:37:05.059000+00:00,2012-05-20 14:05:17.981000+00:00,0,AVRO,,2,AVRO-1086,197.0,58,1,Fixed,615.899309382,1086,1,0,2,0,5,5,8 days 03:28:12.922000
Closed,Major,2012-06-11 20:01:34.668000+00:00,New Feature,ewhauser,2012-05-11 14:03:48.386000+00:00,2012-05-16 07:59:54.919000+00:00,0,AVRO,ewhauser,2,AVRO-1085,99.0,21,1,Fixed,615.899300333,1085,1,0,1,0,4,5,4 days 17:56:06.533000
Closed,Major,2012-06-11 20:01:34.403000+00:00,Bug,mpugachev,2012-05-11 09:49:45.504000+00:00,2012-05-20 13:58:13.820000+00:00,0,AVRO,,3,AVRO-1084,161.0,68,1,Fixed,615.899303552,1084,1,0,2,0,4,5,9 days 04:08:28.316000
Closed,Major,2012-06-11 20:01:37.344000+00:00,Bug,mpugachev,2012-05-11 08:48:28.168000+00:00,2012-05-20 14:03:28.174000+00:00,0,AVRO,,5,AVRO-1083,45.0,29,1,Fixed,615.899269525,1083,1,0,2,0,4,5,9 days 05:15:00.006000
Closed,Major,2012-06-11 20:01:38.263000+00:00,Bug,mpugachev,2012-05-11 07:24:22.421000+00:00,2012-05-20 13:51:45.926000+00:00,0,AVRO,,2,AVRO-1082,146.0,39,2,Fixed,615.89925889,1082,1,0,2,0,4,5,9 days 06:27:23.505000
Closed,Major,2013-01-09 21:18:27.973000+00:00,Bug,rfuller,2012-05-10 14:11:10.478000+00:00,2012-05-17 19:51:15.740000+00:00,0,AVRO,cutting,8,AVRO-1081,607.0,54,5,Fixed,615.899298232,1081,0,0,1,0,3,5,7 days 05:40:05.262000
Closed,Major,2013-06-13 19:07:09.642000+00:00,Bug,kehli,2012-05-06 06:28:35.586000+00:00,2012-05-09 08:35:12.451000+00:00,0,AVRO,kehli,4,AVRO-1080,1982.0,51,0,Fixed,509.841691359,1080,1,0,1,0,6,5,3 days 02:06:36.865000
Closed,Minor,2012-09-25 21:24:32.165000+00:00,Improvement,nurf,2012-05-04 12:53:46.996000+00:00,2012-05-16 08:32:29.992000+00:00,0,AVRO,thiru_mg,3,AVRO-1079,844.0,47,1,Fixed,509.841690585,1079,1,0,2,0,4,5,11 days 19:38:42.996000
Closed,Major,2012-09-25 21:24:32.231000+00:00,Bug,nurf,2012-05-04 12:38:20.640000+00:00,2012-05-16 08:23:15.219000+00:00,0,AVRO,thiru_mg,2,AVRO-1078,127.0,50,1,Fixed,509.841689834,1078,1,0,1,0,4,5,11 days 19:44:54.579000
Closed,Major,2012-09-25 21:24:32.132000+00:00,Bug,nurf,2012-05-04 12:32:58.653000+00:00,2012-05-16 08:13:07.912000+00:00,0,AVRO,thiru_mg,2,AVRO-1077,198.0,39,1,Fixed,509.84169097,1077,1,0,2,0,4,5,11 days 19:40:09.259000
Closed,Major,2012-06-11 20:01:36.832000+00:00,Bug,kaykay.unique,2012-04-29 04:38:51.520000+00:00,2012-05-17 21:23:30.667000+00:00,0,AVRO,kaykay.unique,3,AVRO-1076,54.0,41,1,Fixed,615.899275462,1076,1,1,1,0,6,4,18 days 16:44:39.147000
Closed,Minor,2012-06-11 20:01:35.450000+00:00,Improvement,kaykay.unique,2012-04-29 04:31:16.706000+00:00,2012-05-08 21:44:10.865000+00:00,0,AVRO,kaykay.unique,1,AVRO-1075,139.0,29,0,Fixed,615.899291448,1075,1,0,1,0,6,4,9 days 17:12:54.159000
Closed,Major,2012-06-11 20:01:35.956000+00:00,Improvement,hernan.otero,2012-04-27 19:23:07.822000+00:00,2012-05-17 22:30:46.222000+00:00,0,AVRO,cutting,4,AVRO-1074,464.0,40,2,Fixed,615.899285512,1074,1,1,1,0,4,4,20 days 03:07:38.400000
Closed,Minor,2012-06-11 20:01:37.146000+00:00,Bug,jghoman,2012-04-23 19:55:41.739000+00:00,2012-05-08 21:22:04.371000+00:00,0,AVRO,jghoman,2,AVRO-1071,222.0,59,0,Fixed,615.899271836,1071,1,1,1,0,0,4,15 days 01:26:22.632000
Closed,Major,2012-06-11 20:01:37.939000+00:00,Bug,thiru_mg,2012-04-22 12:51:25.489000+00:00,2012-05-09 07:36:25.851000+00:00,0,AVRO,thiru_mg,3,AVRO-1070,111.0,49,0,Fixed,615.89926266,1070,1,1,0,0,6,4,16 days 18:45:00.362000
Closed,Major,2012-07-18 21:54:25.118000+00:00,Bug,thomasoa,2012-04-20 21:18:46.110000+00:00,2012-06-12 19:48:53.562000+00:00,0,AVRO,cutting,4,AVRO-1069,913.0,85,1,Fixed,578.82093883,1069,1,1,0,0,4,4,52 days 22:30:07.452000
Closed,Major,2012-06-11 20:01:37.414000+00:00,Improvement,thiru_mg,2012-04-20 05:59:48.647000+00:00,2012-04-22 12:41:36.803000+00:00,0,AVRO,thiru_mg,3,AVRO-1068,159.0,66,0,Fixed,615.899268739,1068,1,1,1,0,4,4,2 days 06:41:48.156000
Closed,Major,2012-06-11 20:01:35.554000+00:00,Bug,dlord,2012-04-19 00:04:33.001000+00:00,2012-05-11 18:08:35.833000+00:00,0,AVRO,dlord,9,AVRO-1066,6603.0,115,0,Fixed,615.899289958,1066,0,0,1,0,3,4,22 days 18:04:02.832000
Closed,Major,2012-09-25 21:24:32.332000+00:00,Bug,kehli,2012-04-18 20:52:20.818000+00:00,2012-05-13 17:28:53.063000+00:00,0,AVRO,thiru_mg,5,AVRO-1065,642.0,62,0,Fixed,509.841688675,1065,1,0,1,0,2,4,24 days 20:36:32.245000
Closed,Major,2012-06-11 20:01:37.238000+00:00,Improvement,kevinzhao,2012-04-17 08:33:41.449000+00:00,2012-05-16 21:24:22.250000+00:00,0,AVRO,kevinzhao,4,AVRO-1062,187.0,117,1,Fixed,615.899270542,1062,1,1,1,1,1,4,29 days 12:50:40.801000
Closed,Major,2012-06-11 20:01:37.734000+00:00,Improvement,kaykay.unique,2012-04-15 19:58:20.624000+00:00,2012-04-16 20:38:37.228000+00:00,0,AVRO,kaykay.unique,1,AVRO-1060,308.0,29,0,Fixed,615.899265047,1060,0,0,1,0,6,4,1 days 00:40:16.604000
Closed,Major,2012-06-11 20:01:38.041000+00:00,Bug,kevinzhao,2012-04-13 01:59:10.528000+00:00,2012-05-17 21:17:31.694000+00:00,0,AVRO,kevinzhao,4,AVRO-1056,142.0,67,1,Fixed,615.8992615,1056,1,1,1,0,4,4,34 days 19:18:21.166000
Closed,Minor,2012-09-25 21:24:31.984000+00:00,Bug,thiru_mg,2012-04-07 12:18:15.430000+00:00,2012-04-12 11:27:13.318000+00:00,0,AVRO,thiru_mg,3,AVRO-1055,333.0,42,0,Fixed,509.841692717,1055,1,1,1,0,5,4,4 days 23:08:57.888000
Closed,Major,2012-09-25 21:22:59.601000+00:00,Bug,susanths,2012-04-04 23:00:11.678000+00:00,2012-04-05 17:17:06.692000+00:00,0,AVRO,,1,AVRO-1054,3933.0,72,1,Invalid,509.842761978,1054,1,1,1,0,2,4,0 days 18:16:55.014000
Closed,Major,2012-06-11 20:01:33.514000+00:00,New Feature,nagav.ashish,2012-03-30 23:04:37.699000+00:00,2012-05-21 22:15:14.628000+00:00,0,AVRO,nagav.ashish,13,AVRO-1052,134.0,36,4,Fixed,615.899313614,1052,1,1,1,2,4,3,51 days 23:10:36.929000
Closed,Major,2012-06-11 20:01:36.386000+00:00,Bug,hasghari,2012-03-27 19:53:54.088000+00:00,2012-05-16 21:47:39.304000+00:00,1,AVRO,hasghari,4,AVRO-1051,418.0,61,2,Fixed,615.899280525,1051,1,1,1,1,1,3,50 days 01:53:45.216000
Closed,Major,2012-06-11 20:01:35.072000+00:00,Bug,abawany,2012-03-23 15:06:52.509000+00:00,2012-05-18 21:38:39.811000+00:00,0,AVRO,abawany,8,AVRO-1050,708.0,81,2,Fixed,615.899295654,1050,1,0,4,1,4,3,56 days 06:31:47.302000
Closed,Minor,2012-06-11 20:01:36.644000+00:00,Bug,adwkenworthy,2012-03-23 13:20:46.183000+00:00,2012-05-16 21:58:00.501000+00:00,0,AVRO,cutting,3,AVRO-1049,1234.0,80,1,Fixed,615.89927767,1049,1,1,1,0,4,3,54 days 08:37:14.318000
Closed,Major,2012-06-11 20:01:36.160000+00:00,Bug,dcreager,2012-03-22 20:29:21.025000+00:00,2012-04-28 19:47:46.746000+00:00,1,AVRO,dcreager,3,AVRO-1048,298.0,44,0,Fixed,615.899283146,1048,1,0,1,0,3,3,36 days 23:18:25.721000
Closed,Minor,2012-06-11 20:01:33.664000+00:00,Bug,gabriel.reid,2012-03-16 14:11:44.509000+00:00,2012-05-17 21:13:00.013000+00:00,0,AVRO,cutting,6,AVRO-1046,964.0,82,2,Fixed,615.899312003,1046,1,1,1,0,4,3,62 days 07:01:15.504000
Closed,Minor,2012-06-11 20:01:38.136000+00:00,Bug,jeremy@lewi.us,2012-03-14 17:26:23.479000+00:00,2012-03-16 23:12:39.006000+00:00,0,AVRO,cutting,9,AVRO-1045,1084.0,37,0,Fixed,615.899260222,1045,1,1,1,0,2,3,2 days 05:46:15.527000
Closed,Trivial,2012-09-25 21:22:59.789000+00:00,Improvement,qwertymaniac,2012-03-09 13:28:33.712000+00:00,2012-05-12 12:28:34.284000+00:00,0,AVRO,qwertymaniac,1,AVRO-1043,247.0,59,1,Duplicate,509.842759809,1043,1,1,1,1,4,3,63 days 23:00:00.572000
Closed,Trivial,2012-09-25 21:24:31.950000+00:00,Improvement,lewismc,2012-03-06 18:31:34.201000+00:00,2012-03-06 22:48:05.989000+00:00,0,AVRO,lewismc,2,AVRO-1042,130.0,49,1,Fixed,509.841693144,1042,0,0,0,1,1,3,0 days 04:16:31.788000
Closed,Minor,2012-03-19 16:34:09.329000+00:00,Bug,irvingd,2012-03-01 21:32:55.184000+00:00,2012-03-02 21:50:42.446000+00:00,0,AVRO,irvingd,2,AVRO-1041,1427.0,43,0,Fixed,700.043343169,1041,1,1,1,0,3,3,1 days 00:17:47.262000
Closed,Minor,2012-03-19 16:34:08.532000+00:00,Bug,vnadkarni,2012-02-29 09:19:57.891000+00:00,2012-03-01 03:55:02.863000+00:00,0,AVRO,,2,AVRO-1039,1303.0,79,0,Fixed,700.043352778,1039,1,0,1,0,2,2,0 days 18:35:04.972000
Closed,Major,2012-03-19 16:34:09.489000+00:00,Bug,vnadkarni,2012-02-29 08:11:33.160000+00:00,2012-03-01 03:53:28.463000+00:00,0,AVRO,,2,AVRO-1038,792.0,108,0,Fixed,700.043342005,1038,1,0,1,0,2,2,0 days 19:41:55.303000
Closed,Major,2012-03-19 16:34:09.594000+00:00,Bug,scott_carey,2012-02-23 22:54:13.695000+00:00,2012-02-24 22:43:58.462000+00:00,0,AVRO,scott_carey,4,AVRO-1037,682.0,51,1,Fixed,700.043340629,1037,1,1,1,0,3,2,0 days 23:49:44.767000
Closed,Major,2012-03-19 16:34:08.709000+00:00,Bug,gffletch,2012-02-23 17:48:48.153000+00:00,2012-02-24 23:47:16.195000+00:00,1,AVRO,cutting,11,AVRO-1036,249.0,52,2,Fixed,700.043351024,1036,1,1,1,0,3,2,1 days 05:58:28.042000
Resolved,Major,2013-02-07 17:54:11.670000+00:00,New Feature,detonator413,2012-02-22 15:34:05.591000+00:00,2013-02-07 00:09:04.987000+00:00,0,AVRO,,3,AVRO-1035,955.0,54,3,Fixed,375.727420956,1035,0,0,0,0,2,2,350 days 08:34:59.396000
Closed,Major,2012-03-19 16:34:09.711000+00:00,Bug,vnadkarni,2012-02-22 03:51:15.616000+00:00,2012-03-01 04:01:45.511000+00:00,0,AVRO,,7,AVRO-1034,921.0,95,0,Fixed,700.04333943,1034,1,0,1,0,2,2,8 days 00:10:29.895000
Closed,Major,2012-03-19 16:34:09.807000+00:00,Bug,vnadkarni,2012-02-19 22:53:33.967000+00:00,2012-02-29 01:34:28.499000+00:00,0,AVRO,dcreager,3,AVRO-1033,2195.0,72,0,Fixed,700.043338332,1033,1,0,1,0,6,2,9 days 02:40:54.532000
Closed,Minor,2012-03-19 16:34:09.178000+00:00,Bug,dcreager,2012-02-15 02:02:27.857000+00:00,2012-02-29 01:24:48.607000+00:00,0,AVRO,dcreager,2,AVRO-1031,431.0,48,0,Fixed,700.043345268,1031,1,0,1,0,2,2,13 days 23:22:20.750000
Closed,Minor,2012-03-19 16:34:08.853000+00:00,Bug,janhoy,2012-02-14 23:16:02.760000+00:00,2012-02-22 22:49:26.475000+00:00,0,AVRO,cutting,2,AVRO-1030,106.0,26,0,Fixed,700.043348892,1030,0,0,0,1,1,2,7 days 23:33:23.715000
Closed,Major,2012-03-19 16:34:09.018000+00:00,Bug,swilkinson,2012-02-10 22:51:32.052000+00:00,2012-03-02 22:09:53.696000+00:00,0,AVRO,swilkinson,17,AVRO-1027,4634.0,87,0,Fixed,700.043347159,1027,1,1,1,0,4,2,20 days 23:18:21.644000
Closed,Minor,2013-05-02 02:29:49.365000+00:00,Bug,raymie,2012-02-08 05:46:01.146000+00:00,2012-02-09 21:38:45.799000+00:00,0,AVRO,raymie,8,AVRO-1021,172.0,49,1,Fixed,733.701496403,1021,1,0,0,0,2,2,1 days 15:52:44.653000
Closed,Major,2012-02-15 00:46:27.364000+00:00,Bug,jbaldassari,2012-02-07 06:50:46.452000+00:00,2012-02-07 22:15:43.391000+00:00,0,AVRO,cutting,4,AVRO-1020,1002.0,61,0,Fixed,733.701468465,1020,1,1,1,0,1,2,0 days 15:24:56.939000
Closed,Minor,2012-02-15 00:46:27.499000+00:00,Improvement,jbaldassari,2012-02-07 05:23:12.199000+00:00,2012-02-08 03:25:07.224000+00:00,0,AVRO,jbaldassari,3,AVRO-1019,140.0,51,0,Fixed,733.701466916,1019,1,1,1,0,1,2,0 days 22:01:55.025000
Closed,Trivial,2012-02-15 00:46:25.982000+00:00,Improvement,scott_carey,2012-02-07 01:38:32.926000+00:00,2012-02-07 23:37:39.935000+00:00,0,AVRO,scott_carey,3,AVRO-1018,83.0,92,0,Fixed,733.701484464,1018,0,0,1,0,1,2,0 days 21:59:07.009000
Closed,Trivial,2012-02-15 00:46:28.731000+00:00,Bug,koert,2012-02-04 15:59:25.755000+00:00,2012-02-07 22:22:37.486000+00:00,0,AVRO,cutting,6,AVRO-1016,283.0,30,0,Fixed,733.701452511,1016,1,1,1,0,5,2,3 days 06:23:11.731000
Closed,Major,2012-02-15 00:46:30.408000+00:00,Improvement,thiru_mg,2012-02-04 13:36:31.536000+00:00,2012-02-09 18:12:12.703000+00:00,0,AVRO,thiru_mg,3,AVRO-1015,1249.0,61,0,Fixed,733.701433079,1015,1,0,0,0,5,2,5 days 04:35:41.167000
Closed,Major,2012-02-15 00:46:30.905000+00:00,Bug,lmartinking,2012-01-31 01:06:39.342000+00:00,2012-02-01 17:38:48.258000+00:00,0,AVRO,,2,AVRO-1014,234.0,59,0,Fixed,733.701427491,1014,1,0,0,1,1,1,1 days 16:32:08.916000
Closed,Blocker,2012-02-15 00:46:29.091000+00:00,Bug,jbaldassari,2012-01-30 00:02:35.080000+00:00,2012-02-08 03:42:24.210000+00:00,0,AVRO,jbaldassari,6,AVRO-1013,1803.0,46,0,Fixed,733.701448488,1013,1,1,1,0,0,1,9 days 03:39:49.130000
Closed,Minor,2012-02-15 00:46:29.904000+00:00,Improvement,lars_francke,2012-01-27 17:26:37.046000+00:00,2012-02-08 20:09:00.731000+00:00,0,AVRO,lars_francke,6,AVRO-1012,256.0,50,0,Fixed,733.701439079,1012,1,1,1,0,4,1,12 days 02:42:23.685000
Closed,Minor,2012-02-15 00:46:31.261000+00:00,Improvement,lars_francke,2012-01-27 17:10:00.154000+00:00,2012-02-07 19:25:59.157000+00:00,0,AVRO,lars_francke,9,AVRO-1011,737.0,21,0,Fixed,733.701423375,1011,1,1,1,0,4,1,11 days 02:15:59.003000
Closed,Minor,2012-02-15 00:46:29.579000+00:00,Improvement,lars_francke,2012-01-25 13:07:51.906000+00:00,2012-02-07 22:50:47.171000+00:00,0,AVRO,lars_francke,3,AVRO-1010,256.0,92,1,Fixed,733.701442694,1010,1,0,1,0,2,1,13 days 09:42:55.265000
Closed,Major,2013-02-27 00:54:03.553000+00:00,Improvement,jbaldassari,2012-01-25 09:50:04.845000+00:00,2012-12-20 20:53:31.292000+00:00,0,AVRO,jbaldassari,7,AVRO-1008,1148.0,78,3,Fixed,355.696188484,1008,0,0,1,1,2,1,330 days 11:03:26.447000
Closed,Major,2012-02-15 00:46:27.220000+00:00,Bug,jbaldassari,2012-01-25 09:14:48.914000+00:00,2012-02-09 00:16:14.589000+00:00,0,AVRO,jbaldassari,20,AVRO-1007,693.0,76,0,Fixed,733.701470071,1007,0,0,1,1,2,1,14 days 15:01:25.675000
Closed,Major,2013-05-02 02:29:49.385000+00:00,New Feature,raymie,2012-01-25 06:41:18.681000+00:00,2012-03-07 21:02:00.996000+00:00,0,AVRO,raymie,40,AVRO-1006,155.0,29,12,Fixed,615.899284436,1006,1,1,0,1,2,1,42 days 14:20:42.315000
Closed,Minor,2012-02-15 00:46:24.201000+00:00,Improvement,craigtlandry,2012-01-24 21:32:54.409000+00:00,2012-02-07 22:41:31.398000+00:00,0,AVRO,craigtlandry,4,AVRO-1005,,51,0,Fixed,733.701504831,1005,1,1,1,1,1,1,14 days 01:08:36.989000
Closed,Major,2012-02-15 00:46:32.158000+00:00,Bug,dcreager,2012-01-24 16:14:31.967000+00:00,2012-01-26 14:02:24.455000+00:00,0,AVRO,dcreager,2,AVRO-1004,242.0,50,0,Fixed,733.701413004,1004,1,0,1,0,1,1,1 days 21:47:52.488000
Closed,Major,2012-02-15 00:46:28.595000+00:00,Bug,dcreager,2012-01-24 16:08:42.704000+00:00,2012-01-26 14:00:15.205000+00:00,0,AVRO,dcreager,2,AVRO-1003,550.0,61,0,Fixed,733.701454255,1003,1,0,1,0,1,1,1 days 21:51:32.501000
Closed,Major,2012-02-15 00:46:30.037000+00:00,Bug,hammer,2012-01-24 06:10:10.765000+00:00,2012-01-24 21:35:38.646000+00:00,0,AVRO,cutting,1,AVRO-1002,350.0,28,1,Fixed,733.70143737,1002,0,0,0,0,1,1,0 days 15:25:27.881000
Closed,Major,2012-02-15 00:49:22.876000+00:00,Improvement,shaunw,2012-01-20 17:55:36.706000+00:00,2012-02-07 05:29:28.777000+00:00,0,AVRO,,11,AVRO-1001,406.0,44,0,Duplicate,733.699437117,1001,1,1,1,1,4,1,17 days 11:33:52.071000
Closed,Major,2012-02-15 00:46:25.776000+00:00,Bug,slebresne,2012-01-20 10:48:29.037000+00:00,2012-01-23 23:32:05.045000+00:00,0,AVRO,cutting,3,AVRO-1000,352.0,52,1,Fixed,733.701486748,1000,1,1,0,0,4,1,3 days 12:43:36.008000
Closed,Major,2012-09-25 21:24:32.401000+00:00,Bug,jrutten,2012-01-19 20:10:32.698000+00:00,2012-02-23 22:14:46.399000+00:00,1,AVRO,,6,AVRO-999,896.0,43,1,Duplicate,509.841687976,999,1,1,1,0,3,1,35 days 02:04:13.701000
Closed,Major,2012-02-15 00:49:23.403000+00:00,Bug,nimeshs,2012-01-18 19:05:38.163000+00:00,2012-01-18 23:18:24.320000+00:00,0,AVRO,,4,AVRO-998,338.0,117,1,Not A Problem,733.699430906,998,1,1,1,0,2,1,0 days 04:12:46.157000
Closed,Critical,2012-02-15 00:46:25.097000+00:00,Bug,scott_carey,2012-01-17 06:44:51.535000+00:00,2012-02-07 07:24:54.519000+00:00,0,AVRO,jbaldassari,10,AVRO-996,195.0,80,0,Fixed,733.701494567,996,1,1,2,0,1,1,21 days 00:40:02.984000
Closed,Major,2012-02-15 00:46:24.388000+00:00,Improvement,scott_carey,2012-01-17 03:04:22.655000+00:00,2012-02-08 18:46:44.017000+00:00,0,AVRO,scott_carey,12,AVRO-995,3154.0,35,1,Fixed,733.701502601,995,0,0,0,0,1,1,22 days 15:42:21.362000
Closed,Minor,2012-02-15 00:46:30.568000+00:00,Bug,jbaldassari,2012-01-16 08:24:29.726000+00:00,2012-01-17 15:32:44.519000+00:00,0,AVRO,jbaldassari,6,AVRO-994,958.0,57,0,Fixed,733.701431421,994,1,1,2,0,0,1,1 days 07:08:14.793000
Closed,Major,2013-05-02 02:29:48.578000+00:00,Bug,jbaldassari,2012-01-16 07:48:26.474000+00:00,2012-01-17 19:43:02.425000+00:00,0,AVRO,jbaldassari,6,AVRO-993,429.0,68,0,Fixed,733.701435347,993,1,1,2,0,0,1,1 days 11:54:35.951000
Closed,Major,2012-12-10 17:57:35.498000+00:00,Improvement,scott_carey,2012-01-05 22:57:06.399000+00:00,2012-11-29 22:08:32.304000+00:00,0,AVRO,jeffkole,5,AVRO-988,562.0,85,3,Fixed,433.985402137,988,1,1,1,0,3,1,328 days 23:11:25.905000
Closed,Critical,2012-02-15 00:46:29.751000+00:00,Bug,mic159,2011-12-22 04:08:30.729000+00:00,2012-01-26 16:48:14.532000+00:00,1,AVRO,,12,AVRO-986,1195.0,79,1,Fixed,733.701440888,986,2,1,0,4,3,12,35 days 12:39:43.803000
Closed,Major,2012-02-15 00:46:26.487000+00:00,Bug,vnadkarni,2011-12-19 23:08:08.514000+00:00,2011-12-27 15:15:24.457000+00:00,0,AVRO,,6,AVRO-984,1729.0,83,0,Fixed,733.70147846,984,1,0,3,0,0,12,7 days 16:07:15.943000
Closed,Major,2012-12-10 18:00:12.484000+00:00,Improvement,torcq,2011-12-19 17:32:23.012000+00:00,2012-11-13 09:57:57.874000+00:00,0,AVRO,tomwhite,10,AVRO-983,2743.0,107,4,Won't Fix,433.983585175,983,1,1,1,0,0,12,329 days 16:25:34.862000
Closed,Minor,2012-02-15 00:46:31.399000+00:00,Improvement,bruno,2011-12-15 14:24:12.551000+00:00,2011-12-16 19:38:30.180000+00:00,0,AVRO,bruno,4,AVRO-982,1468.0,53,0,Fixed,733.70142182,982,1,1,0,0,3,12,1 days 05:14:17.629000
Closed,Blocker,2012-12-10 17:57:37.241000+00:00,Bug,russell.jurney,2011-12-15 01:38:16.242000+00:00,2012-10-06 15:38:21.684000+00:00,1,AVRO,cavorite,20,AVRO-981,8984.0,50,6,Fixed,433.985381972,981,1,0,2,5,3,12,296 days 14:00:05.442000
Closed,Minor,2012-02-15 00:46:25.332000+00:00,Bug,mic159,2011-12-13 23:29:14.954000+00:00,2012-02-09 23:28:56.533000+00:00,0,AVRO,,6,AVRO-980,662.0,50,0,Fixed,733.701491904,980,1,0,1,2,1,12,57 days 23:59:41.579000
Closed,Major,2013-02-27 00:53:59.428000+00:00,Bug,pdlug,2011-12-13 19:18:45.591000+00:00,2013-02-20 01:46:11.528000+00:00,0,AVRO,,2,AVRO-979,580.0,51,1,Fixed,355.696236269,979,1,0,1,0,1,12,434 days 06:27:25.937000
Closed,Major,2012-02-15 00:46:29.433000+00:00,Bug,cutting,2011-12-12 23:44:02.448000+00:00,2011-12-13 18:57:13.083000+00:00,0,AVRO,cutting,3,AVRO-978,,50,0,Fixed,733.701444476,978,1,1,0,0,0,12,0 days 19:13:10.635000
Closed,Minor,2012-02-15 00:46:28.908000+00:00,Improvement,hasghari,2011-12-12 22:46:21.344000+00:00,2011-12-13 00:17:19.078000+00:00,0,AVRO,hasghari,2,AVRO-977,51.0,48,0,Fixed,733.701450207,977,1,1,0,0,0,12,0 days 01:30:57.734000
Closed,Minor,2012-02-15 00:46:26.154000+00:00,Improvement,bruno,2011-12-12 16:30:06.869000+00:00,2011-12-13 00:12:21.222000+00:00,0,AVRO,bruno,1,AVRO-976,481.0,46,0,Fixed,733.701482246,976,1,1,0,0,0,12,0 days 07:42:14.353000
Closed,Minor,2012-02-15 00:46:25.553000+00:00,Bug,brandonb,2011-12-08 06:19:12.129000+00:00,2011-12-09 20:27:49.166000+00:00,0,AVRO,cutting,6,AVRO-972,1290.0,85,1,Fixed,733.701489145,972,1,1,1,0,3,12,1 days 14:08:37.037000
Closed,Minor,2012-02-24 01:34:19.074000+00:00,Improvement,vchau,2011-12-08 00:31:23.402000+00:00,2012-02-08 22:14:06.668000+00:00,0,AVRO,vchau,9,AVRO-971,1112.0,33,0,Fixed,733.701456149,971,1,1,1,1,3,12,62 days 21:42:43.266000
Closed,Major,2013-02-27 00:54:02.712000+00:00,Improvement,nimmervoll,2011-12-02 15:24:56.422000+00:00,2013-01-18 21:16:37.241000+00:00,0,AVRO,syshex,5,AVRO-970,109.0,48,3,Fixed,355.696198292,970,1,1,1,1,4,12,413 days 05:51:40.819000
Closed,Minor,2012-02-15 00:46:32.018000+00:00,Bug,vnadkarni,2011-12-02 02:51:49.206000+00:00,2012-01-24 14:07:52.146000+00:00,0,AVRO,dcreager,8,AVRO-968,969.0,82,0,Fixed,733.701414672,968,1,0,3,0,4,12,53 days 11:16:02.940000
Closed,Major,2012-02-15 00:49:23.229000+00:00,Bug,detonator413,2011-11-30 13:26:34.334000+00:00,2011-11-30 13:38:34.324000+00:00,0,AVRO,,1,AVRO-967,2284.0,70,1,Duplicate,733.699433065,967,1,1,1,0,2,11,0 days 00:11:59.990000
Closed,Major,2012-02-15 00:46:24.689000+00:00,Bug,detonator413,2011-11-30 13:26:33.759000+00:00,2011-12-07 23:16:27.675000+00:00,0,AVRO,cutting,7,AVRO-966,2284.0,70,2,Fixed,733.701498668,966,1,1,1,0,2,11,7 days 09:49:53.916000
Closed,Minor,2012-02-15 00:46:29.243000+00:00,Improvement,gffletch,2011-11-29 20:33:25.182000+00:00,2011-12-09 20:41:48.950000+00:00,0,AVRO,gffletch,11,AVRO-965,325.0,69,0,Fixed,733.701446505,965,1,1,1,0,1,11,10 days 00:08:23.768000
Closed,Major,2013-07-08 01:46:35.517000+00:00,Improvement,kehli,2012-02-10 20:44:23.405000+00:00,2012-05-20 16:53:54.289000+00:00,2,AVRO,kehli,12,AVRO-1026,1112.0,28,5,Fixed,615.899281777,1026,1,0,1,1,4,2,99 days 20:09:30.884000
Resolved,Major,2014-02-05 00:34:43.269000+00:00,New Feature,hammer,2011-12-12 12:03:33.018000+00:00,2014-02-05 00:03:07.236000+00:00,0,AVRO,jkarp,8,AVRO-974,126.0,31,5,Fixed,12.7315621957,974,1,0,0,0,0,12,785 days 11:59:34.218000
Closed,Major,2013-08-22 06:23:49.284000+00:00,New Feature,scott_carey,2011-11-22 19:43:55.661000+00:00,2011-11-22 21:19:07.401000+00:00,0,AVRO,,0,AVRO-958,36.0,41,1,Duplicate,817.845321076,958,0,0,0,0,1,11,0 days 01:35:11.740000
Closed,Major,2013-08-22 06:23:49.287000+00:00,New Feature,lmartinking,2011-11-21 06:54:24.423000+00:00,2011-12-20 02:28:11.365000+00:00,1,AVRO,,8,AVRO-957,854.0,29,5,Fixed,733.701458485,957,1,0,0,3,0,11,28 days 19:33:46.942000
Closed,Major,2013-08-20 17:46:08.380000+00:00,New Feature,lmartinking,2011-09-27 01:17:50.056000+00:00,2013-07-26 13:41:30.404000+00:00,2,AVRO,,9,AVRO-896,94.0,29,3,Fixed,180.993354933,896,1,0,1,2,1,9,668 days 12:23:40.348000
Closed,Major,2013-08-20 17:46:06.585000+00:00,New Feature,joecrobak,2011-07-28 19:58:59.212000+00:00,2013-04-22 20:00:17.317000+00:00,1,AVRO,vince83,9,AVRO-867,455.0,53,4,Fixed,180.993375722,867,1,1,1,0,3,7,634 days 00:01:18.105000
Closed,Minor,2012-05-17 19:15:27.430000+00:00,Improvement,gffletch,2011-11-28 20:29:54.829000+00:00,2011-12-05 23:35:12.927000+00:00,0,AVRO,gffletch,7,AVRO-963,275.0,69,1,Fixed,733.701419363,963,1,1,1,0,0,11,7 days 03:05:18.098000
Closed,Minor,2012-02-15 00:46:31.883000+00:00,Bug,gffletch,2011-11-28 17:17:42.925000+00:00,2011-12-05 23:24:56.029000+00:00,0,AVRO,gffletch,2,AVRO-962,253.0,79,0,Fixed,733.701416274,962,1,1,1,0,0,11,7 days 06:07:13.104000
Closed,Trivial,2012-02-15 00:46:30.765000+00:00,Improvement,mic159,2011-11-28 06:26:21.240000+00:00,2011-12-20 02:13:50.273000+00:00,0,AVRO,,5,AVRO-961,171.0,52,1,Fixed,733.701429204,961,1,0,1,4,0,11,21 days 19:47:29.033000
Closed,Minor,2012-02-15 00:46:28.059000+00:00,Improvement,lmartinking,2011-11-25 04:11:23.491000+00:00,2011-12-13 19:45:18.575000+00:00,1,AVRO,dcreager,6,AVRO-960,305.0,34,1,Fixed,733.701460201,960,1,0,1,2,4,11,18 days 15:33:55.084000
Closed,Major,2012-02-15 00:49:22.728000+00:00,Improvement,thiru_mg,2011-11-07 14:31:05.282000+00:00,2012-02-02 19:12:07.632000+00:00,0,AVRO,thiru_mg,5,AVRO-956,549.0,31,0,Fixed,733.699438896,956,1,0,1,0,0,11,87 days 04:41:02.350000
Closed,Minor,2012-09-25 21:24:32.065000+00:00,Bug,nsabovic,2011-11-07 03:53:35.787000+00:00,2012-04-22 09:42:51.825000+00:00,0,AVRO,nsabovic,2,AVRO-954,152.0,26,0,Fixed,509.841691943,954,1,0,1,1,0,11,167 days 05:49:16.038000
Closed,Minor,2012-02-15 00:46:27.043000+00:00,Improvement,craigtlandry,2011-11-04 21:27:35.953000+00:00,2011-12-08 01:00:01.712000+00:00,0,AVRO,craigtlandry,5,AVRO-953,141.0,20,1,Fixed,733.701472118,953,1,0,0,1,4,11,33 days 03:32:25.759000
Closed,Major,2012-09-25 21:22:59.822000+00:00,Bug,nsabovic,2011-11-04 18:59:27.150000+00:00,2012-04-23 04:16:37.374000+00:00,0,AVRO,,3,AVRO-952,199.0,54,0,Won't Fix,509.842759574,952,1,0,1,2,4,11,170 days 09:17:10.224000
Closed,Blocker,2011-11-15 17:30:29.229000+00:00,Bug,puredanger,2011-11-03 21:15:14.492000+00:00,2011-11-04 20:51:00.585000+00:00,0,AVRO,cutting,13,AVRO-951,3116.0,84,1,Fixed,825.004224587,951,1,1,1,0,3,11,0 days 23:35:46.093000
Closed,Major,2011-11-15 17:30:28.736000+00:00,Bug,mic159,2011-11-03 06:37:24.318000+00:00,2011-11-04 21:39:48.541000+00:00,0,AVRO,dcreager,2,AVRO-950,466.0,50,0,Fixed,825.004229773,950,1,0,1,3,3,11,1 days 15:02:24.223000
Closed,Major,2011-11-01 18:36:10.410000+00:00,Bug,cutting,2011-10-28 18:26:09.406000+00:00,2011-10-28 22:20:22.375000+00:00,0,AVRO,cutting,3,AVRO-948,73.0,45,0,Fixed,838.958609255,948,1,1,0,0,4,10,0 days 03:54:12.969000
Closed,Major,2011-11-15 17:30:29.482000+00:00,Improvement,hernan.otero,2011-10-27 21:29:04.510000+00:00,2011-11-04 20:59:08.335000+00:00,0,AVRO,cutting,16,AVRO-946,3044.0,50,0,Fixed,825.004221701,946,1,1,1,0,3,10,7 days 23:30:03.825000
Closed,Major,2011-11-01 18:36:09.881000+00:00,Bug,thiru_mg,2011-10-27 19:45:15.630000+00:00,2011-10-28 18:07:43.427000+00:00,0,AVRO,thiru_mg,3,AVRO-945,200.0,41,0,Fixed,838.958615383,945,1,0,0,0,3,10,0 days 22:22:27.797000
Closed,Major,2011-11-01 18:35:58.852000+00:00,Bug,cutting,2011-10-25 16:33:24.641000+00:00,2011-10-28 22:24:37.205000+00:00,0,AVRO,cutting,4,AVRO-944,139.0,47,0,Fixed,838.95874285,944,1,1,1,0,1,10,3 days 05:51:12.564000
Closed,Major,2011-11-15 17:30:28.991000+00:00,Bug,cutting,2011-10-25 16:19:16.292000+00:00,2011-11-01 19:10:00.630000+00:00,0,AVRO,jbaldassari,13,AVRO-943,67.0,44,0,Fixed,825.004227122,943,1,1,0,0,1,10,7 days 02:50:44.338000
Closed,Major,2011-12-13 19:06:55.444000+00:00,Bug,decster,2011-10-23 06:34:19.364000+00:00,2011-10-24 21:07:50.297000+00:00,0,AVRO,decster,1,AVRO-942,67.0,68,0,Fixed,838.958764415,942,1,1,0,0,6,10,1 days 14:33:30.933000
Closed,Major,2011-11-01 18:35:57.983000+00:00,Improvement,massie,2011-10-22 22:00:45.928000+00:00,2011-10-28 22:14:23.613000+00:00,0,AVRO,cutting,5,AVRO-941,895.0,74,0,Fixed,838.958753098,941,1,1,1,0,5,10,6 days 00:13:37.685000
Closed,Major,2011-11-01 18:36:03.639000+00:00,Improvement,thiru_mg,2011-10-21 05:14:20.005000+00:00,2011-10-21 14:58:55.652000+00:00,0,AVRO,thiru_mg,1,AVRO-940,497.0,45,0,Fixed,838.958687648,940,1,0,0,0,4,10,0 days 09:44:35.647000
Closed,Minor,2011-11-01 18:36:06.774000+00:00,Improvement,thiru_mg,2011-10-19 16:41:22.885000+00:00,2011-10-20 04:50:42.902000+00:00,0,AVRO,thiru_mg,1,AVRO-938,64.0,36,0,Fixed,838.958651366,938,1,0,0,0,2,10,0 days 12:09:20.017000
Closed,Minor,2011-11-01 18:36:05.742000+00:00,Improvement,thiru_mg,2011-10-19 13:09:51.762000+00:00,2011-10-20 04:54:27.645000+00:00,0,AVRO,thiru_mg,1,AVRO-937,169.0,60,0,Fixed,838.9586633,937,1,0,0,0,2,10,0 days 15:44:35.883000
Closed,Major,2011-11-01 18:36:07.442000+00:00,Bug,thiru_mg,2011-10-19 03:55:21.003000+00:00,2011-10-20 06:00:47.980000+00:00,0,AVRO,thiru_mg,4,AVRO-936,164.0,38,0,Fixed,838.958643626,936,1,1,1,0,2,10,1 days 02:05:26.977000
Closed,Blocker,2011-11-01 18:36:05.919000+00:00,Improvement,scott_carey,2011-10-17 21:58:06.926000+00:00,2011-10-23 23:29:43.583000+00:00,0,AVRO,scott_carey,10,AVRO-935,65.0,34,0,Fixed,838.958661255,935,1,1,0,0,0,10,6 days 01:31:36.657000
Closed,Major,2011-11-01 18:36:06.246000+00:00,Improvement,abawany,2011-10-17 17:38:52.805000+00:00,2011-10-17 21:04:21.771000+00:00,0,AVRO,abawany,3,AVRO-934,915.0,94,0,Fixed,838.958657263,934,1,0,1,2,0,10,0 days 03:25:28.966000
Closed,Major,2011-11-01 18:36:10.275000+00:00,Bug,thiru_mg,2011-10-17 10:05:21.850000+00:00,2011-10-17 12:50:53.268000+00:00,0,AVRO,thiru_mg,1,AVRO-933,287.0,52,0,Fixed,838.958610841,933,1,0,1,0,0,10,0 days 02:45:31.418000
Closed,Major,2011-11-01 18:36:10.109000+00:00,Improvement,thiru_mg,2011-10-16 18:49:30.941000+00:00,2011-10-17 07:00:40.651000+00:00,0,AVRO,thiru_mg,1,AVRO-932,,64,0,Fixed,838.958612764,932,1,0,0,0,6,10,0 days 12:11:09.710000
Closed,Major,2011-11-01 18:35:57.403000+00:00,Bug,thiru_mg,2011-10-16 18:46:54.270000+00:00,2011-10-17 07:03:58.078000+00:00,0,AVRO,thiru_mg,1,AVRO-931,,60,1,Fixed,838.958759826,931,1,0,0,0,6,10,0 days 12:17:03.808000
Closed,Blocker,2011-11-01 18:35:55.854000+00:00,Bug,vnadkarni,2011-10-15 23:49:57.243000+00:00,2011-10-24 14:29:55.052000+00:00,0,AVRO,dcreager,6,AVRO-930,2817.0,42,0,Fixed,838.958777478,930,1,0,1,0,5,10,8 days 14:39:57.809000
Closed,Major,2011-11-01 18:36:08.599000+00:00,Bug,dcreager,2011-10-15 14:17:26.765000+00:00,2011-10-15 14:22:55.158000+00:00,0,AVRO,dcreager,1,AVRO-929,428.0,42,0,Fixed,838.958630257,929,1,0,1,0,5,10,0 days 00:05:28.393000
Closed,Minor,2011-11-01 18:36:11.133000+00:00,Bug,vnadkarni,2011-10-14 23:26:36.071000+00:00,2011-10-15 13:24:34.528000+00:00,0,AVRO,dcreager,2,AVRO-928,254.0,48,0,Fixed,838.958600918,928,1,0,1,1,4,10,0 days 13:57:58.457000
Closed,Major,2011-12-13 19:06:49.734000+00:00,Bug,brocknoland,2011-10-14 15:20:52.435000+00:00,2011-10-17 20:47:58.103000+00:00,0,AVRO,brocknoland,2,AVRO-927,588.0,64,2,Fixed,838.958717888,927,1,1,1,0,4,10,3 days 05:27:05.668000
Closed,Major,2012-02-15 00:46:32.319000+00:00,Improvement,cutting,2011-10-12 22:58:38.442000+00:00,2012-01-23 23:27:01.521000+00:00,0,AVRO,cutting,3,AVRO-926,125.0,26,1,Fixed,733.701410968,926,1,1,0,0,2,10,103 days 00:28:23.079000
Closed,Major,2011-11-01 18:36:11.435000+00:00,Bug,nsabovic,2011-10-12 21:49:00.057000+00:00,2011-10-14 03:53:31.571000+00:00,0,AVRO,nsabovic,2,AVRO-925,320.0,53,0,Fixed,838.958597428,925,1,0,1,1,2,10,1 days 06:04:31.514000
Closed,Major,2011-11-01 18:36:00.031000+00:00,New Feature,cutting,2011-10-12 19:51:43.769000+00:00,2011-10-17 20:43:25.225000+00:00,0,AVRO,cutting,3,AVRO-924,292.0,59,0,Fixed,838.95872942,924,1,1,0,0,2,10,5 days 00:51:41.456000
Closed,Major,2011-11-01 18:36:02.071000+00:00,New Feature,dcreager,2011-10-10 13:56:39.340000+00:00,2011-10-15 13:39:07.634000+00:00,0,AVRO,dcreager,2,AVRO-922,105.0,36,0,Fixed,838.958705812,922,1,0,1,0,0,10,4 days 23:42:28.294000
Closed,Major,2011-11-01 18:36:03.143000+00:00,New Feature,dcreager,2011-10-10 13:50:54.397000+00:00,2011-10-15 13:36:55.087000+00:00,0,AVRO,dcreager,2,AVRO-921,424.0,52,0,Fixed,838.958693418,921,1,0,1,0,0,10,4 days 23:46:00.690000
Closed,Major,2011-11-01 18:35:59.532000+00:00,New Feature,dcreager,2011-10-10 13:45:40.961000+00:00,2011-10-15 13:34:42.708000+00:00,0,AVRO,dcreager,2,AVRO-920,330.0,27,0,Fixed,838.958735202,920,1,0,1,0,0,10,4 days 23:49:01.747000
Closed,Major,2011-11-01 18:36:01.713000+00:00,New Feature,dcreager,2011-10-10 13:42:29.640000+00:00,2011-10-15 13:30:29.310000+00:00,0,AVRO,dcreager,2,AVRO-919,127.0,36,0,Fixed,838.95870996,919,1,0,1,0,0,10,4 days 23:47:59.670000
Closed,Major,2011-11-01 18:35:58.508000+00:00,Improvement,thiru_mg,2011-10-08 13:27:46.489000+00:00,2011-10-17 07:14:51.357000+00:00,0,AVRO,thiru_mg,4,AVRO-918,156.0,34,0,Fixed,838.958747068,918,1,0,0,0,5,10,8 days 17:47:04.868000
Closed,Major,2011-11-01 18:36:02.918000+00:00,Bug,thiru_mg,2011-10-08 13:15:39.854000+00:00,2011-10-12 12:59:30.495000+00:00,0,AVRO,thiru_mg,4,AVRO-917,381.0,79,0,Fixed,838.958696017,917,1,0,0,0,5,10,3 days 23:43:50.641000
Closed,Major,2011-11-01 18:36:02.525000+00:00,Bug,thiru_mg,2011-10-08 12:44:18.545000+00:00,2011-10-12 13:05:30.893000+00:00,0,AVRO,thiru_mg,2,AVRO-916,169.0,53,0,Fixed,838.958700579,916,1,0,0,0,5,10,4 days 00:21:12.348000
Closed,Major,2011-11-01 18:35:55.631000+00:00,Improvement,thiru_mg,2011-10-08 11:40:51.512000+00:00,2011-10-12 15:58:41.994000+00:00,0,AVRO,thiru_mg,3,AVRO-915,125.0,39,0,Fixed,838.958779978,915,1,0,0,0,5,10,4 days 04:17:50.482000
Closed,Major,2012-09-11 21:01:08.400000+00:00,Bug,philip,2011-10-07 07:19:57.404000+00:00,2011-10-07 20:42:31.698000+00:00,0,AVRO,philip,2,AVRO-914,933.0,74,0,Fixed,838.958599285,914,1,1,0,0,4,10,0 days 13:22:34.294000
Closed,Major,2011-11-01 18:36:07.638000+00:00,Bug,nsabovic,2011-10-06 21:10:41.714000+00:00,2011-10-12 17:12:11.096000+00:00,0,AVRO,nsabovic,4,AVRO-913,233.0,50,0,Fixed,838.958641394,913,1,0,1,1,3,10,5 days 20:01:29.382000
Closed,Major,2011-12-13 19:06:49.319000+00:00,Bug,thiru_mg,2011-10-06 09:49:52.491000+00:00,2011-10-07 07:21:57.798000+00:00,0,AVRO,thiru_mg,3,AVRO-912,489.0,38,0,Fixed,838.958679578,912,1,1,0,0,3,10,0 days 21:32:05.307000
Closed,Major,2011-10-07 20:27:19.265000+00:00,Improvement,cutting,2011-10-05 23:14:34.132000+00:00,2011-10-07 19:31:32.840000+00:00,0,AVRO,cutting,14,AVRO-911,708.0,34,2,Won't Fix,863.881423503,911,1,1,0,0,2,10,1 days 20:16:58.708000
Closed,Major,2011-11-01 18:36:04.023000+00:00,Improvement,cutting,2011-10-05 21:12:59.242000+00:00,2011-10-05 21:41:24.067000+00:00,0,AVRO,cutting,3,AVRO-910,353.0,33,0,Fixed,838.958683239,910,1,1,0,0,2,10,0 days 00:28:24.825000
Closed,Major,2011-10-07 20:23:20.241000+00:00,Sub-task,cutting,2011-10-05 20:52:29.870000+00:00,2011-10-07 19:28:49.301000+00:00,0,AVRO,,1,AVRO-909,553.0,92,0,Won't Fix,863.884189988,909,1,1,0,0,2,10,1 days 22:36:19.431000
Closed,Major,2011-11-01 18:36:01.191000+00:00,New Feature,nsabovic,2011-10-05 20:50:44.697000+00:00,2011-10-09 08:22:39.765000+00:00,0,AVRO,nsabovic,4,AVRO-908,200.0,50,0,Fixed,838.95871602,908,1,0,1,1,2,10,3 days 11:31:55.068000
Closed,Major,2011-11-01 18:36:03.304000+00:00,Improvement,cutting,2011-10-04 22:47:12.653000+00:00,2011-10-05 18:38:06.150000+00:00,0,AVRO,cutting,3,AVRO-907,99.0,36,0,Fixed,838.958691565,907,1,1,0,0,1,10,0 days 19:50:53.497000
Closed,Major,2011-11-01 18:36:07.174000+00:00,Bug,dkaminsky,2011-10-04 21:16:35.733000+00:00,2011-10-05 18:11:21.842000+00:00,1,AVRO,cutting,3,AVRO-906,361.0,37,1,Fixed,838.95864652,906,1,1,0,0,1,10,0 days 20:54:46.109000
Closed,Minor,2011-12-13 19:06:44.121000+00:00,Improvement,yangyangyyy,2011-10-04 18:41:29.620000+00:00,2011-10-05 18:20:49.315000+00:00,0,AVRO,cutting,6,AVRO-905,1586.0,63,0,Fixed,838.958731557,905,1,1,0,0,1,10,0 days 23:39:19.695000
Closed,Major,2011-11-01 18:35:59.022000+00:00,Bug,nsabovic,2011-10-04 17:56:12.586000+00:00,2011-10-07 09:00:30.991000+00:00,0,AVRO,nsabovic,1,AVRO-904,152.0,62,0,Fixed,838.95874113,904,1,0,1,1,1,10,2 days 15:04:18.405000
Closed,Major,2011-11-01 18:36:06.454000+00:00,Bug,nsabovic,2011-10-04 17:39:09.855000+00:00,2011-10-07 08:36:12.765000+00:00,0,AVRO,nsabovic,2,AVRO-903,187.0,45,0,Fixed,838.958655113,903,1,0,1,1,1,10,2 days 14:57:02.910000
Closed,Major,2011-11-01 18:35:56.310000+00:00,Bug,nsabovic,2011-10-04 17:32:37.629000+00:00,2011-10-07 12:52:36.548000+00:00,0,AVRO,nsabovic,2,AVRO-902,275.0,41,0,Fixed,838.95877229,902,1,0,1,1,1,10,2 days 19:19:58.919000
Closed,Major,2011-12-13 19:06:46.499000+00:00,Bug,thiru_mg,2011-10-02 17:51:13.529000+00:00,2011-10-05 19:07:08.373000+00:00,0,AVRO,thiru_mg,3,AVRO-901,169.0,88,0,Fixed,838.958750938,901,1,1,0,0,6,10,3 days 01:15:54.844000
Closed,Major,2011-11-01 18:35:59.712000+00:00,Bug,thiru_mg,2011-10-01 19:03:05.270000+00:00,2011-10-05 19:26:51.645000+00:00,0,AVRO,thiru_mg,2,AVRO-900,114.0,59,0,Fixed,838.95873315,900,1,1,0,0,5,10,4 days 00:23:46.375000
Closed,Major,2011-11-01 18:36:08.077000+00:00,Improvement,cutting,2011-09-27 18:12:55.200000+00:00,2011-09-29 23:35:39.463000+00:00,0,AVRO,cutting,3,AVRO-899,71.0,61,1,Fixed,838.9586363,899,1,0,0,0,1,9,2 days 05:22:44.263000
Closed,Critical,2012-06-20 07:10:19.976000+00:00,Bug,vadimtsarik,2011-09-27 15:54:44.304000+00:00,2011-10-03 19:46:22.647000+00:00,0,AVRO,cutting,7,AVRO-898,389.0,31,4,Fixed,838.958591463,898,1,1,1,0,1,9,6 days 03:51:38.343000
Closed,Major,2011-12-13 19:06:50.381000+00:00,Bug,gwu,2011-09-27 01:36:54.375000+00:00,2011-10-07 19:52:46.276000+00:00,0,AVRO,,3,AVRO-897,357.0,42,0,Duplicate,863.884185354,897,1,1,1,0,1,9,10 days 18:15:51.901000
Closed,Major,2011-11-01 18:35:59.204000+00:00,Bug,tomwhite,2011-09-26 00:53:00.029000+00:00,2011-10-01 18:38:29.599000+00:00,0,AVRO,thiru_mg,8,AVRO-895,392.0,69,0,Fixed,838.958738828,895,1,1,1,1,0,9,5 days 17:45:29.570000
Closed,Major,2011-11-01 18:36:06.073000+00:00,Bug,dcreager,2011-09-25 19:48:53.150000+00:00,2011-09-25 20:07:06.319000+00:00,0,AVRO,dcreager,3,AVRO-894,633.0,44,0,Fixed,838.958659535,894,1,0,2,0,6,9,0 days 00:18:13.169000
Closed,Major,2011-11-01 18:36:08.765000+00:00,Improvement,lmartinking,2011-09-23 04:08:58.394000+00:00,2011-09-26 13:27:10.172000+00:00,1,AVRO,dcreager,2,AVRO-893,468.0,99,0,Fixed,838.958628078,893,1,0,1,1,4,9,3 days 09:18:11.778000
Closed,Major,2011-11-01 18:35:57.640000+00:00,Bug,mic159,2011-09-21 04:35:15.848000+00:00,2011-09-22 20:50:40.629000+00:00,0,AVRO,mic159,2,AVRO-892,1233.0,63,1,Fixed,838.958756598,892,1,0,1,0,2,9,1 days 16:15:24.781000
Closed,Major,2011-11-01 18:36:04.481000+00:00,Improvement,alex.holmes,2011-09-20 10:42:47.315000+00:00,2011-09-22 19:09:05.847000+00:00,0,AVRO,cutting,7,AVRO-891,2707.0,69,0,Fixed,838.958677746,891,1,1,1,0,1,9,2 days 08:26:18.532000
Closed,Minor,2011-11-01 18:36:01.513000+00:00,Improvement,sgargan,2011-09-18 02:09:48.760000+00:00,2011-09-26 21:15:42.703000+00:00,0,AVRO,sgargan,9,AVRO-890,1277.0,51,0,Fixed,838.958711925,890,1,1,1,2,6,9,8 days 19:05:53.943000
Closed,Major,2011-12-13 19:06:54.502000+00:00,Improvement,cutting,2011-09-16 22:08:23.256000+00:00,2011-09-19 18:44:23.621000+00:00,0,AVRO,cutting,4,AVRO-889,114.0,66,0,Fixed,838.958603269,889,1,1,0,0,4,9,2 days 20:36:00.365000
Closed,Major,2011-11-01 18:35:58.305000+00:00,Improvement,saleemshafi,2011-09-16 04:22:29.376000+00:00,2011-09-20 22:33:23.924000+00:00,0,AVRO,saleemshafi,5,AVRO-888,231.0,44,0,Fixed,838.958749069,888,1,1,1,0,4,9,4 days 18:10:54.548000
Closed,Trivial,2011-11-01 18:36:10.773000+00:00,Improvement,cwilkes,2011-09-08 23:36:21.027000+00:00,2011-09-21 20:45:04.712000+00:00,0,AVRO,cutting,3,AVRO-887,704.0,48,0,Fixed,838.958605008,887,1,1,1,0,3,9,12 days 21:08:43.685000
Closed,Major,2011-12-13 19:06:49.168000+00:00,Improvement,gffletch,2011-09-08 17:07:12.119000+00:00,2011-09-20 17:56:15.179000+00:00,0,AVRO,gffletch,20,AVRO-886,1102.0,63,1,Fixed,838.958766295,886,1,1,1,0,3,9,12 days 00:49:03.060000
Closed,Major,2011-09-11 21:07:47.260000+00:00,Bug,tomwhite,2011-09-06 18:17:03.149000+00:00,2011-09-07 19:31:45.028000+00:00,0,AVRO,tomwhite,3,AVRO-884,228.0,53,0,Fixed,889.853321529,884,1,1,2,0,1,9,1 days 01:14:41.879000
Closed,Major,2011-11-01 18:36:03.450000+00:00,New Feature,tomwhite,2011-08-30 21:37:28.947000+00:00,2011-09-21 20:57:57.114000+00:00,0,AVRO,tomwhite,5,AVRO-881,117.0,35,0,Fixed,838.958689912,881,1,1,0,0,1,8,21 days 23:20:28.167000
Closed,Critical,2011-08-30 05:59:18.747000+00:00,Task,tucu00,2011-08-23 20:17:35.102000+00:00,2011-08-25 21:42:46.369000+00:00,0,AVRO,tucu00,2,AVRO-880,366.0,29,0,Fixed,902.484206268,880,1,0,1,0,1,8,2 days 01:25:11.267000
Closed,Major,2011-11-01 18:36:04.699000+00:00,Bug,cutting,2011-08-22 17:58:22.608000+00:00,2011-08-25 23:20:34.588000+00:00,0,AVRO,cutting,2,AVRO-879,80.0,25,0,Fixed,838.958675459,879,1,1,0,0,0,8,3 days 05:22:11.980000
Closed,Major,2011-12-13 19:06:54.376000+00:00,Test,jeremy@lewi.us,2011-08-18 15:50:37.355000+00:00,2011-10-12 22:59:34.383000+00:00,0,AVRO,,15,AVRO-878,160.0,38,0,Not A Problem,838.958723007,878,1,1,1,0,3,8,55 days 07:08:57.028000
Closed,Major,2011-12-13 19:06:54.813000+00:00,Improvement,billgraham,2011-08-16 22:20:51.895000+00:00,2011-08-25 20:55:13.848000+00:00,0,AVRO,billgraham,6,AVRO-877,962.0,54,1,Fixed,902.484204027,877,1,1,0,0,1,8,8 days 22:34:21.953000
Closed,Critical,2011-10-07 20:27:18.954000+00:00,Task,tucu00,2011-08-15 18:46:31.809000+00:00,2011-08-23 22:24:14.267000+00:00,0,AVRO,cutting,4,AVRO-876,455.0,51,0,Won't Fix,863.881427142,876,1,0,1,0,0,8,8 days 03:37:42.458000
Closed,Major,2011-12-13 19:06:50.945000+00:00,New Feature,billgraham,2011-08-15 17:05:46.880000+00:00,2011-08-16 22:41:32.892000+00:00,0,AVRO,billgraham,3,AVRO-875,116.0,47,0,Not A Problem,863.881425187,875,1,1,0,0,0,8,1 days 05:35:46.012000
Closed,Major,2011-11-01 18:36:12.144000+00:00,Improvement,cutting,2011-08-11 20:32:02.286000+00:00,2011-09-21 20:47:26.823000+00:00,0,AVRO,cutting,3,AVRO-874,217.0,55,0,Fixed,838.958589309,874,1,1,0,0,3,8,41 days 00:15:24.537000
Closed,Major,2012-05-26 18:13:46.384000+00:00,Improvement,marmbrus,2011-08-10 02:55:31.396000+00:00,2011-08-11 20:14:25.270000+00:00,0,AVRO,marmbrus,4,AVRO-873,651.0,71,1,Fixed,838.958703373,873,1,1,0,0,2,8,1 days 17:18:53.874000
Closed,Major,2011-12-13 19:06:54.656000+00:00,Improvement,billgraham,2011-08-09 20:33:18.054000+00:00,2011-08-12 20:48:21.572000+00:00,0,AVRO,cutting,26,AVRO-872,851.0,49,0,Fixed,902.484201719,872,1,1,0,0,1,8,3 days 00:15:03.518000
Closed,Major,2011-12-13 19:08:35.435000+00:00,Bug,billgraham,2011-08-09 20:28:38.870000+00:00,2011-10-07 21:00:45.712000+00:00,0,AVRO,cutting,1,AVRO-871,148.0,45,0,Fixed,838.958737276,871,1,0,0,0,1,8,59 days 00:32:06.842000
Closed,Major,2011-11-01 18:36:04.945000+00:00,Bug,thiru_mg,2011-08-03 02:12:13.060000+00:00,2011-10-12 13:15:40.366000+00:00,0,AVRO,thiru_mg,3,AVRO-869,447.0,63,0,Fixed,838.958672441,869,1,0,0,0,2,8,70 days 11:03:27.306000
Closed,Blocker,2011-10-07 20:23:19.996000+00:00,Bug,puredanger,2011-08-01 15:50:31.667000+00:00,2011-08-16 13:07:17.807000+00:00,0,AVRO,,7,AVRO-868,3413.0,65,1,Cannot Reproduce,863.884192871,868,1,1,1,0,0,8,14 days 21:16:46.140000
Closed,Major,2011-12-23 23:54:10.639000+00:00,New Feature,joecrobak,2011-07-28 19:46:50.321000+00:00,2011-09-07 21:36:03.012000+00:00,0,AVRO,tomwhite,5,AVRO-866,227.0,30,2,Fixed,889.853318926,866,1,0,0,0,3,7,41 days 01:49:12.691000
Closed,Major,2011-11-01 18:36:10.613000+00:00,Improvement,dcreager,2011-07-26 18:37:18.562000+00:00,2011-09-25 20:51:53.565000+00:00,0,AVRO,dcreager,2,AVRO-865,415.0,22,0,Fixed,838.958607029,865,1,0,2,0,1,7,61 days 02:14:35.003000
Closed,Major,2011-12-13 19:06:48.393000+00:00,Bug,isabel,2011-07-24 20:25:06.970000+00:00,2011-07-27 22:53:06.216000+00:00,0,AVRO,isabel,4,AVRO-864,432.0,82,0,Fixed,919.884736834,864,1,1,0,0,6,7,3 days 02:27:59.246000
Closed,Major,2011-11-01 18:36:09.704000+00:00,New Feature,dcreager,2011-07-22 20:52:53.533000+00:00,2011-09-26 12:41:32.619000+00:00,0,AVRO,dcreager,2,AVRO-863,829.0,43,0,Fixed,838.958617553,863,1,0,1,0,4,7,65 days 15:48:39.086000
Closed,Minor,2011-11-01 18:36:09.542000+00:00,Bug,dcreager,2011-07-14 23:11:06.958000+00:00,2011-07-15 00:58:31.035000+00:00,0,AVRO,dcreager,2,AVRO-861,301.0,41,0,Fixed,838.958619431,861,1,0,1,0,3,7,0 days 01:47:24.077000
Closed,Major,2012-09-25 21:22:59.468000+00:00,Bug,tebeka,2011-07-14 18:37:54.300000+00:00,2012-09-13 20:09:07.201000+00:00,0,AVRO,tebeka,16,AVRO-860,1478.0,51,3,Duplicate,509.842763807,860,1,1,1,3,3,7,427 days 01:31:12.901000
Closed,Major,2011-11-01 18:36:06.607000+00:00,Improvement,tebeka,2011-07-14 13:30:41.392000+00:00,2011-09-19 18:48:56.502000+00:00,0,AVRO,tebeka,5,AVRO-858,144.0,55,1,Fixed,838.958653406,858,0,0,0,2,3,7,67 days 05:18:15.110000
Closed,Minor,2011-12-13 19:06:47.088000+00:00,Improvement,jendap,2011-07-10 22:53:08.364000+00:00,2011-07-25 20:17:14.971000+00:00,0,AVRO,jendap,1,AVRO-857,189.0,25,0,Fixed,838.958666011,857,1,1,0,0,6,7,14 days 21:24:06.607000
Closed,Major,2011-08-12 20:22:33.807000+00:00,Improvement,cutting,2011-07-07 20:34:49.217000+00:00,2011-07-11 21:21:23.892000+00:00,0,AVRO,cutting,3,AVRO-856,221.0,26,0,Fixed,919.884727483,856,1,1,1,0,3,7,4 days 00:46:34.675000
Closed,Minor,2012-02-15 00:46:27.673000+00:00,New Feature,jeremy@lewi.us,2011-07-06 21:46:20.189000+00:00,2012-01-23 23:43:46.321000+00:00,1,AVRO,qwertymaniac,4,AVRO-854,327.0,80,1,Fixed,733.701464232,854,1,0,1,0,2,7,201 days 01:57:26.132000
Closed,Major,2011-11-01 18:36:07.811000+00:00,Improvement,dkaminsky,2011-07-06 21:38:05.147000+00:00,2011-08-12 21:54:07.283000+00:00,0,AVRO,cutting,34,AVRO-853,460.0,36,1,Fixed,838.958639476,853,1,1,1,0,2,7,37 days 00:16:02.136000
Closed,Major,2012-09-25 21:16:14.025000+00:00,Bug,jmesnil,2011-07-06 06:52:20.746000+00:00,2012-09-13 20:07:49.806000+00:00,0,AVRO,jmesnil,4,AVRO-851,279.0,40,2,Fixed,509.847456447,851,1,1,1,0,2,7,435 days 13:15:29.060000
Closed,Major,2012-02-15 00:49:23.692000+00:00,Improvement,h2o,2011-07-01 09:11:00.810000+00:00,2011-11-23 23:24:45.228000+00:00,0,AVRO,,1,AVRO-848,3617.0,57,0,Duplicate,733.69942769,848,1,1,1,0,4,7,145 days 14:13:44.418000
Closed,Minor,2011-11-01 18:36:04.161000+00:00,Test,jeremy@lewi.us,2011-06-30 20:06:17.716000+00:00,2011-07-01 16:24:12.774000+00:00,0,AVRO,jeremy@lewi.us,4,AVRO-847,2835.0,40,0,Fixed,838.958681534,847,1,1,1,1,3,6,0 days 20:17:55.058000
Closed,Major,2011-10-07 20:23:19.785000+00:00,Bug,puredanger,2011-06-30 18:12:54.897000+00:00,2011-08-30 06:15:18.302000+00:00,0,AVRO,,2,AVRO-846,1028.0,91,0,Duplicate,863.884195343,846,1,1,1,0,3,6,60 days 12:02:23.405000
Closed,Major,2011-08-12 20:22:32.234000+00:00,Bug,tebeka,2011-06-29 13:53:22.072000+00:00,2011-06-30 16:57:01.550000+00:00,0,AVRO,tebeka,3,AVRO-845,109.0,38,0,Fixed,919.884745298,845,1,0,1,1,2,6,1 days 03:03:39.478000
Closed,Major,2011-12-13 19:06:44.660000+00:00,Improvement,billgraham,2011-06-28 00:23:03.791000+00:00,2011-07-01 19:53:17.189000+00:00,0,AVRO,billgraham,5,AVRO-844,224.0,35,0,Fixed,838.9587742,844,1,1,1,0,1,6,3 days 19:30:13.398000
Closed,Major,2011-08-12 20:22:31.959000+00:00,Bug,h2o,2011-06-24 12:53:50.145000+00:00,2011-07-01 16:33:11.389000+00:00,0,AVRO,jbaldassari,14,AVRO-842,639.0,61,0,Fixed,919.884748891,842,1,1,1,0,4,6,7 days 03:39:21.244000
Closed,Minor,2011-11-01 18:36:11.609000+00:00,Improvement,waterdragon,2011-06-23 08:46:51.951000+00:00,2011-06-24 14:35:03.653000+00:00,0,AVRO,waterdragon,3,AVRO-841,126.0,43,0,Fixed,838.958595351,841,1,1,0,0,3,6,1 days 05:48:11.702000
Closed,Critical,2011-11-01 18:36:11.789000+00:00,Improvement,ramanasv,2011-06-16 17:41:51.635000+00:00,2011-10-12 13:27:42.270000+00:00,1,AVRO,thiru_mg,3,AVRO-840,1458.0,63,2,Fixed,838.958593235,840,1,0,0,1,3,6,117 days 19:45:50.635000
Closed,Major,2012-01-24 04:56:04.703000+00:00,Improvement,jbaldassari,2011-06-16 04:35:39.806000+00:00,2011-08-26 20:56:51.922000+00:00,0,AVRO,jbaldassari,33,AVRO-839,3497.0,91,4,Fixed,838.958648885,839,1,1,0,0,3,6,71 days 16:21:12.116000
Closed,Major,2011-12-13 19:06:52.096000+00:00,Improvement,kkrugler,2011-06-10 23:15:53.352000+00:00,2011-06-30 19:25:38.175000+00:00,0,AVRO,cutting,5,AVRO-838,367.0,100,0,Fixed,919.884769164,838,1,1,2,0,4,6,19 days 20:09:44.823000
Closed,Major,2011-11-01 18:36:02.710000+00:00,New Feature,dcreager,2011-06-07 16:03:20.817000+00:00,2011-07-14 02:40:42.001000+00:00,0,AVRO,dcreager,5,AVRO-837,447.0,24,0,Fixed,838.958698448,837,1,0,1,0,1,6,36 days 10:37:21.184000
Closed,Major,2012-01-24 16:09:02.314000+00:00,New Feature,tebeka,2011-06-04 04:24:49.738000+00:00,2011-06-21 12:37:26.168000+00:00,0,AVRO,tebeka,13,AVRO-836,121.0,67,3,Fixed,838.958669954,836,1,0,0,2,5,6,17 days 08:12:36.430000
Closed,Major,2012-02-15 00:46:26.680000+00:00,Bug,ewhauser,2011-06-04 01:08:00.634000+00:00,2011-12-07 22:37:20.882000+00:00,1,AVRO,dona,5,AVRO-835,417.0,34,0,Fixed,733.701476009,835,1,0,0,0,5,6,186 days 21:29:20.248000
Closed,Minor,2011-08-12 20:22:33.666000+00:00,Bug,tebeka,2011-05-31 17:20:38.857000+00:00,2011-05-31 19:07:11.002000+00:00,0,AVRO,miki,4,AVRO-833,216.0,40,0,Fixed,919.884729068,833,1,0,0,1,1,5,0 days 01:46:32.145000
Closed,Major,2011-12-13 19:06:51.508000+00:00,Bug,cutting,2011-05-31 10:10:32.979000+00:00,2011-06-02 11:45:14.436000+00:00,0,AVRO,cutting,4,AVRO-832,68.0,68,1,Fixed,919.884738467,832,1,1,0,0,1,5,2 days 01:34:41.457000
Closed,Major,2011-08-12 20:22:34.070000+00:00,New Feature,tomwhite,2011-05-26 18:19:31.878000+00:00,2011-05-30 08:31:49.182000+00:00,0,AVRO,tomwhite,2,AVRO-830,198.0,61,0,Fixed,919.884724477,830,1,1,0,0,3,5,3 days 14:12:17.304000
Closed,Major,2011-10-07 20:23:20.384000+00:00,Improvement,dbritsch,2011-05-25 22:41:41.570000+00:00,2011-05-26 17:43:43.528000+00:00,0,AVRO,,2,AVRO-828,547.0,74,0,Invalid,863.884187814,828,1,1,1,5,2,5,0 days 19:02:01.958000
Closed,Minor,2011-08-12 20:22:32.537000+00:00,Improvement,dona,2011-05-20 13:54:42.251000+00:00,2011-05-30 09:01:40.328000+00:00,0,AVRO,dona,4,AVRO-826,256.0,48,0,Fixed,919.884742227,826,1,0,0,0,4,5,9 days 19:06:58.077000
Closed,Blocker,2011-08-12 20:22:30.559000+00:00,Bug,ramanasv,2011-05-19 16:46:54.760000+00:00,2011-07-01 20:03:41.282000+00:00,0,AVRO,thiru_mg,6,AVRO-825,5006.0,83,0,Fixed,919.884764752,825,1,0,1,0,3,5,43 days 03:16:46.522000
Closed,Trivial,2011-11-01 18:35:58.700000+00:00,Bug,david206,2011-05-18 08:52:45.807000+00:00,2011-06-29 21:48:21.056000+00:00,0,AVRO,jghoman,2,AVRO-824,116.0,48,2,Fixed,838.95874473,824,1,1,0,1,2,5,42 days 12:55:35.249000
Closed,Major,2011-08-12 20:23:46.254000+00:00,Bug,patrickangeles,2011-05-17 00:57:27.836000+00:00,2011-05-17 12:27:47.655000+00:00,0,AVRO,,5,AVRO-822,245.0,26,0,Invalid,919.883888922,822,2,1,1,0,1,5,0 days 11:30:19.819000
Closed,Major,2011-11-15 17:30:29.654000+00:00,New Feature,awick,2011-05-16 19:15:54.413000+00:00,2011-11-01 19:33:52.091000+00:00,0,AVRO,abawany,8,AVRO-821,43.0,20,2,Fixed,825.004219919,821,1,0,1,0,0,5,169 days 00:17:57.678000
Closed,Critical,2011-08-12 20:22:31.119000+00:00,Bug,scott_carey,2011-05-13 20:31:57.980000+00:00,2011-05-19 15:53:10.492000+00:00,0,AVRO,scott_carey,10,AVRO-820,365.0,109,0,Fixed,919.884758231,820,1,1,3,0,4,5,5 days 19:21:12.512000
Closed,Major,2011-08-12 20:22:32.406000+00:00,Bug,dcreager,2011-05-12 14:23:25.890000+00:00,2011-05-12 15:16:07.984000+00:00,0,AVRO,dcreager,2,AVRO-819,302.0,56,0,Fixed,919.884743765,819,1,0,1,0,3,5,0 days 00:52:42.094000
Closed,Major,2011-08-12 20:22:31.745000+00:00,Bug,dcreager,2011-05-12 13:46:43.998000+00:00,2011-05-12 15:16:32.534000+00:00,0,AVRO,dcreager,3,AVRO-818,689.0,42,0,Fixed,919.884751405,818,1,0,1,0,3,5,0 days 01:29:48.536000
Closed,Minor,2011-08-12 20:22:33.944000+00:00,Bug,sgargan,2011-05-03 21:10:44.267000+00:00,2011-05-03 21:25:23.013000+00:00,0,AVRO,sgargan,4,AVRO-815,400.0,51,0,Fixed,919.88472597,815,1,1,1,2,1,5,0 days 00:14:38.746000
Closed,Major,2011-12-13 19:06:54.081000+00:00,Bug,stuhood,2011-04-29 23:05:40.911000+00:00,2011-05-04 18:16:37.899000+00:00,0,AVRO,,4,AVRO-814,277.0,59,0,Later,1017.92913258,814,1,1,0,0,4,4,4 days 19:10:56.988000
Closed,Minor,2011-05-06 19:13:59.958000+00:00,Improvement,h2o,2011-04-27 09:16:16.917000+00:00,2011-04-29 22:09:52.264000+00:00,0,AVRO,h2o,11,AVRO-812,209.0,40,0,Fixed,1017.93234144,812,1,1,1,0,2,4,2 days 12:53:35.347000
Closed,Minor,2011-05-06 19:18:37.362000+00:00,Task,alambert,2011-04-26 22:49:37.488000+00:00,2011-05-03 19:33:26.637000+00:00,0,AVRO,cutting,2,AVRO-811,192.0,37,0,Fixed,1017.92913085,811,1,0,1,0,1,4,6 days 20:43:49.149000
Closed,Minor,2011-08-12 20:22:33.364000+00:00,Improvement,ewhauser,2011-04-23 04:10:37.815000+00:00,2011-07-01 20:12:47.675000+00:00,0,AVRO,ewhauser,6,AVRO-810,123.0,34,1,Fixed,919.884732518,810,1,0,0,0,5,4,69 days 16:02:09.860000
Closed,Major,2011-08-12 20:22:34.191000+00:00,Bug,decster,2011-04-22 07:38:32.802000+00:00,2011-05-18 09:30:46.440000+00:00,0,AVRO,cutting,2,AVRO-809,239.0,66,0,Fixed,919.884722994,809,1,1,1,0,4,4,26 days 01:52:13.638000
Closed,Major,2011-05-06 19:14:02.346000+00:00,New Feature,tomwhite,2011-04-21 00:27:28.785000+00:00,2011-04-26 16:34:51.604000+00:00,0,AVRO,tomwhite,4,AVRO-808,212.0,61,0,Fixed,1017.93231381,808,1,1,0,0,3,4,5 days 16:07:22.819000
Closed,Major,2011-05-06 19:13:59.555000+00:00,New Feature,dona,2011-04-20 20:18:09.378000+00:00,2011-04-20 21:55:25.757000+00:00,0,AVRO,dona,3,AVRO-807,383.0,62,0,Fixed,1017.93234571,807,1,0,0,0,2,4,0 days 01:37:16.379000
Closed,Major,2013-05-02 02:30:56.762000+00:00,New Feature,cutting,2011-04-19 23:24:21.991000+00:00,2012-09-11 21:41:11.698000+00:00,6,AVRO,cutting,40,AVRO-806,143.0,30,33,Fixed,509.847463821,806,2,1,0,0,1,4,510 days 22:16:49.707000
Closed,Major,2011-11-01 18:36:00.834000+00:00,New Feature,cutting,2011-04-19 23:09:40.245000+00:00,2011-09-12 20:24:25.647000+00:00,0,AVRO,cutting,6,AVRO-805,267.0,53,5,Fixed,838.958720154,805,1,1,0,0,1,4,145 days 21:14:45.402000
Closed,Major,2011-11-01 18:36:05.374000+00:00,New Feature,cutting,2011-04-19 23:02:50.368000+00:00,2011-10-04 21:54:56.916000+00:00,0,AVRO,cutting,19,AVRO-804,252.0,49,7,Fixed,838.958667759,804,1,1,0,0,1,4,167 days 22:52:06.548000
Closed,Major,2013-06-19 21:56:24.858000+00:00,Improvement,spullara,2011-04-13 19:54:53.687000+00:00,2011-10-11 23:27:12.614000+00:00,2,AVRO,jadler,17,AVRO-803,583.0,66,8,Fixed,838.958707958,803,1,1,1,0,2,4,181 days 03:32:18.927000
Closed,Major,2011-05-06 19:14:02.920000+00:00,Improvement,cutting,2011-04-12 22:09:13.584000+00:00,2011-04-19 20:44:58.393000+00:00,0,AVRO,cutting,3,AVRO-802,165.0,65,1,Fixed,1017.93230729,802,1,1,0,0,1,4,6 days 22:35:44.809000
Closed,Major,2011-05-06 19:14:02.475000+00:00,Bug,nrc,2011-04-08 08:06:59.497000+00:00,2011-04-20 23:12:59.864000+00:00,0,AVRO,cutting,4,AVRO-801,127.0,28,0,Fixed,1017.93231232,801,1,1,2,0,4,4,12 days 15:06:00.367000
Closed,Major,2011-05-06 19:14:02.795000+00:00,Improvement,cutting,2011-04-06 23:07:26.824000+00:00,2011-04-19 20:48:40.623000+00:00,0,AVRO,cutting,2,AVRO-799,47.0,39,0,Fixed,1017.93230873,799,1,1,0,0,2,4,12 days 21:41:13.799000
Closed,Major,2011-05-06 19:14:01.460000+00:00,Improvement,cutting,2011-04-06 22:09:06.709000+00:00,2011-04-19 20:52:14.392000+00:00,0,AVRO,cutting,6,AVRO-798,360.0,29,0,Fixed,1017.93232403,798,2,1,0,0,2,4,12 days 22:43:07.683000
Closed,Minor,2011-08-12 20:23:45.944000+00:00,Bug,dkaminsky,2011-04-05 20:58:24.828000+00:00,2011-07-14 14:14:25.351000+00:00,0,AVRO,,4,AVRO-796,116.0,37,0,Not A Problem,919.883892656,796,1,1,1,0,1,4,99 days 17:16:00.523000
Closed,Major,2011-05-06 19:14:03.464000+00:00,Improvement,thiru_mg,2011-04-04 18:26:28.706000+00:00,2011-04-05 16:54:26.223000+00:00,0,AVRO,thiru_mg,3,AVRO-795,309.0,59,0,Fixed,1017.93230099,795,1,0,1,0,0,4,0 days 22:27:57.517000
Closed,Minor,2011-05-06 19:14:02.187000+00:00,Improvement,thiru_mg,2011-04-04 18:06:23.360000+00:00,2011-04-05 16:42:39.723000+00:00,0,AVRO,thiru_mg,3,AVRO-794,95.0,40,0,Fixed,1017.93231577,794,1,0,1,0,0,4,0 days 22:36:16.363000
Closed,Critical,2011-05-06 19:14:02.636000+00:00,Bug,ygnhzeus,2011-03-31 02:42:14.964000+00:00,2011-04-29 19:05:22.696000+00:00,0,AVRO,thiru_mg,3,AVRO-793,4511.0,83,1,Fixed,1017.93231058,793,1,1,1,4,3,3,29 days 16:23:07.732000
Closed,Blocker,2011-08-12 20:23:46.083000+00:00,Bug,eychih,2011-03-30 21:53:14.293000+00:00,2011-06-30 19:28:41.814000+00:00,0,AVRO,,32,AVRO-792,5722.0,68,1,Cannot Reproduce,919.883891054,792,1,1,2,0,2,3,91 days 21:35:27.521000
Closed,Major,2011-05-06 19:14:01.119000+00:00,Wish,xiaoluye,2011-03-30 15:59:28.925000+00:00,2011-04-29 19:37:15.085000+00:00,1,AVRO,scott_carey,11,AVRO-791,440.0,102,0,Fixed,1017.93232802,791,1,1,1,0,2,3,30 days 03:37:46.160000
Closed,Major,2011-05-06 19:13:59.755000+00:00,Bug,scott_carey,2011-03-29 22:22:18.801000+00:00,2011-04-18 23:13:11.619000+00:00,0,AVRO,scott_carey,3,AVRO-790,657.0,92,0,Fixed,1017.93234305,790,1,1,0,0,1,3,20 days 00:50:52.818000
Closed,Major,2011-05-06 19:14:03.592000+00:00,Improvement,thiru_mg,2011-03-28 18:07:15.916000+00:00,2011-03-30 07:42:57.338000+00:00,0,AVRO,thiru_mg,5,AVRO-789,51.0,23,0,Fixed,1017.93229952,789,1,0,0,0,0,3,1 days 13:35:41.422000
Closed,Major,2011-05-06 19:14:03.315000+00:00,New Feature,cutting,2011-03-24 16:08:56.804000+00:00,2011-04-06 18:00:44.037000+00:00,1,AVRO,cutting,9,AVRO-788,142.0,22,4,Fixed,1017.93230273,788,2,1,0,0,3,3,13 days 01:51:47.233000
Closed,Major,2011-05-06 19:14:01.286000+00:00,Improvement,mlartz,2011-03-22 20:59:40.820000+00:00,2011-03-30 23:11:32.125000+00:00,0,AVRO,mlartz,3,AVRO-787,213.0,49,0,Fixed,1017.93232606,787,1,0,1,1,1,3,8 days 02:11:51.305000
Closed,Minor,2011-05-06 19:14:00.138000+00:00,Bug,stuhood,2011-03-22 19:43:28.037000+00:00,2011-03-29 20:36:41.767000+00:00,0,AVRO,cutting,3,AVRO-786,408.0,57,0,Fixed,1017.93233937,786,1,1,0,0,1,3,7 days 00:53:13.730000
Closed,Minor,2011-05-06 19:14:01.910000+00:00,Improvement,smartnut007,2011-03-21 19:21:51.419000+00:00,2011-03-29 20:41:58.912000+00:00,0,AVRO,cutting,3,AVRO-785,3731.0,43,1,Fixed,1017.93231899,785,1,1,1,3,0,3,8 days 01:20:07.493000
Closed,Major,2012-03-06 01:05:18.760000+00:00,Improvement,esammer,2011-03-20 04:40:18.576000+00:00,2011-10-05 20:08:44.237000+00:00,1,AVRO,,17,AVRO-784,71.0,42,3,Duplicate,863.884197246,784,1,1,1,1,6,3,199 days 15:28:25.661000
Closed,Major,2011-05-06 19:14:01.759000+00:00,Improvement,thiru_mg,2011-03-19 19:14:52.057000+00:00,2011-03-27 12:22:52.125000+00:00,0,AVRO,thiru_mg,5,AVRO-783,133.0,29,0,Fixed,1017.93232074,783,1,0,0,0,5,3,7 days 17:08:00.068000
Closed,Major,2011-05-06 19:14:00.381000+00:00,Improvement,thiru_mg,2011-03-13 18:35:02.852000+00:00,2011-03-19 18:16:43.486000+00:00,1,AVRO,thiru_mg,5,AVRO-781,114.0,27,0,Fixed,1017.9323365,781,1,0,1,0,6,3,5 days 23:41:40.634000
Closed,Major,2011-05-06 19:14:00.737000+00:00,Bug,eychih,2011-03-11 00:41:51.892000+00:00,2011-03-30 23:37:32.572000+00:00,0,AVRO,cutting,6,AVRO-780,2407.0,36,0,Fixed,1017.93233231,780,1,1,1,0,4,3,19 days 22:55:40.680000
Closed,Minor,2011-03-12 00:36:42.128000+00:00,Test,milindb,2011-03-09 20:28:04.099000+00:00,2011-03-09 21:43:01.102000+00:00,0,AVRO,milindb,5,AVRO-779,298.0,65,0,Won't Fix,1073.70824242,779,1,1,1,0,2,3,0 days 01:14:57.003000
Closed,Minor,2011-08-12 20:22:33.521000+00:00,Bug,sgargan,2011-03-09 06:56:44.454000+00:00,2011-06-30 20:07:45.450000+00:00,2,AVRO,sgargan,2,AVRO-776,185.0,42,0,Fixed,919.884730916,776,1,1,1,1,2,3,113 days 13:11:00.996000
Closed,Major,2011-03-12 00:32:55.626000+00:00,Bug,thiru_mg,2011-03-05 02:57:34.772000+00:00,2011-03-08 00:57:24.379000+00:00,0,AVRO,cutting,5,AVRO-775,464.0,34,0,Fixed,1073.71086396,775,1,1,1,0,5,3,2 days 21:59:49.607000
Closed,Minor,2011-03-12 00:32:49.521000+00:00,Improvement,lars_francke,2011-02-22 22:30:18.282000+00:00,2011-02-24 22:34:04.571000+00:00,0,AVRO,lars_francke,6,AVRO-774,414.0,51,1,Fixed,1073.71093462,774,2,1,1,0,1,2,2 days 00:03:46.289000
Closed,Trivial,2011-03-12 00:32:43.696000+00:00,Improvement,jendap,2011-02-22 17:15:23.022000+00:00,2011-02-24 22:26:17.469000+00:00,0,AVRO,jendap,2,AVRO-773,69.0,37,1,Fixed,1073.71100204,773,1,1,0,0,1,2,2 days 05:10:54.447000
Closed,Blocker,2011-03-12 00:32:53.388000+00:00,Bug,brucem,2011-02-21 17:08:01.187000+00:00,2011-02-24 17:58:58.660000+00:00,0,AVRO,brucem,5,AVRO-772,162.0,29,1,Fixed,1073.71088988,772,1,1,1,0,0,2,3 days 00:50:57.473000
Closed,Major,2011-12-13 19:06:55.137000+00:00,Improvement,scott_carey,2011-02-20 10:36:27.844000+00:00,2011-02-21 21:21:29.427000+00:00,0,AVRO,scott_carey,6,AVRO-771,1969.0,36,0,Fixed,1073.71087884,771,1,1,0,0,6,2,1 days 10:45:01.583000
Closed,Blocker,2011-03-12 00:32:52.083000+00:00,Improvement,scott_carey,2011-02-17 03:53:35.034000+00:00,2011-02-25 23:46:04.192000+00:00,0,AVRO,scott_carey,9,AVRO-769,2153.0,73,1,Fixed,1073.71090499,769,1,1,0,0,3,2,8 days 19:52:29.158000
Closed,Major,2011-03-12 00:36:41.697000+00:00,Improvement,ekohlwey,2011-02-15 15:05:46.727000+00:00,2011-02-15 16:31:16.634000+00:00,0,AVRO,,1,AVRO-768,330.0,47,0,Duplicate,1073.70824741,768,1,0,2,0,1,2,0 days 01:25:29.907000
Closed,Minor,2011-12-13 19:06:44.485000+00:00,Improvement,scott_carey,2011-02-14 01:28:29.263000+00:00,2011-02-14 19:11:30.536000+00:00,0,AVRO,scott_carey,3,AVRO-765,174.0,55,0,Fixed,1073.71100752,765,1,1,0,0,0,2,0 days 17:43:01.273000
Closed,Critical,2011-03-12 00:32:49.055000+00:00,Bug,qwertymaniac,2011-02-13 15:37:29.146000+00:00,2011-02-16 01:25:31.721000+00:00,0,AVRO,qwertymaniac,6,AVRO-764,3761.0,62,1,Fixed,1073.71094003,764,1,1,1,1,6,2,2 days 09:48:02.575000
Closed,Major,2011-05-06 19:14:00.961000+00:00,Improvement,scott_carey,2011-02-09 22:08:57.201000+00:00,2011-04-20 19:55:53.703000+00:00,0,AVRO,mpierce,9,AVRO-763,407.0,103,2,Fixed,1017.93232986,763,1,1,1,0,2,2,69 days 21:46:56.502000
Closed,Blocker,2011-03-12 00:32:55.480000+00:00,New Feature,dcreager,2011-02-09 20:44:33.078000+00:00,2011-02-25 21:15:58.106000+00:00,0,AVRO,dcreager,9,AVRO-762,1574.0,24,1,Fixed,1073.71086567,762,1,0,0,0,2,2,16 days 00:31:25.028000
Closed,Major,2011-03-12 00:32:50.472000+00:00,Bug,rahrens,2011-02-09 20:28:33.432000+00:00,2011-03-08 01:02:53.349000+00:00,0,AVRO,cutting,5,AVRO-761,363.0,75,1,Fixed,1073.71092364,761,1,1,1,0,2,2,26 days 04:34:19.917000
Closed,Major,2011-03-12 00:32:48.603000+00:00,Bug,xiaoluye,2011-02-08 15:25:07.590000+00:00,2011-02-15 21:50:45.700000+00:00,0,AVRO,xiaoluye,8,AVRO-759,1013.0,86,1,Fixed,1073.71094528,759,1,1,1,0,1,2,7 days 06:25:38.110000
Closed,Minor,2011-07-06 00:56:22.895000+00:00,Bug,stuhood,2011-02-05 00:04:17.358000+00:00,2011-07-06 00:55:56.648000+00:00,0,AVRO,,17,AVRO-758,121.0,36,0,Duplicate,957.694576166,758,1,1,1,0,5,2,151 days 00:51:39.290000
Closed,Major,2011-03-12 00:32:53.821000+00:00,New Feature,stuhood,2011-02-04 09:32:23.406000+00:00,2011-02-07 21:21:32.561000+00:00,0,AVRO,stuhood,7,AVRO-757,147.0,56,0,Fixed,1073.71088488,757,1,1,0,1,4,2,3 days 11:49:09.155000
Closed,Major,2011-03-12 00:32:48.473000+00:00,Improvement,cutting,2011-02-01 19:46:24.864000+00:00,2011-02-21 17:22:05.347000+00:00,0,AVRO,cutting,2,AVRO-756,267.0,75,0,Fixed,1073.71094679,756,1,1,0,0,1,2,19 days 21:35:40.483000
Closed,Blocker,2011-03-12 00:32:51.263000+00:00,Bug,xiaoluye,2011-02-01 18:48:45.030000+00:00,2011-02-21 17:20:45.412000+00:00,1,AVRO,cutting,8,AVRO-755,273.0,74,1,Fixed,1073.7109145,755,1,1,1,0,1,2,19 days 22:32:00.382000
Closed,Major,2011-03-12 00:32:50.351000+00:00,Improvement,bruno,2011-02-01 12:15:05.505000+00:00,2011-02-24 22:54:20.374000+00:00,0,AVRO,bruno,1,AVRO-754,470.0,56,1,Fixed,1073.71092505,754,1,1,1,0,1,2,23 days 10:39:14.869000
Closed,Blocker,2011-03-12 00:32:55.190000+00:00,Improvement,scott_carey,2011-02-01 09:07:25.319000+00:00,2011-02-25 00:38:16.168000+00:00,1,AVRO,scott_carey,28,AVRO-753,651.0,40,2,Fixed,1073.71086904,753,1,1,0,0,1,2,23 days 15:30:50.849000
Closed,Minor,2011-03-12 00:32:46.812000+00:00,Improvement,scott_carey,2011-02-01 08:35:36.266000+00:00,2011-02-09 01:38:52.835000+00:00,0,AVRO,scott_carey,6,AVRO-752,308.0,38,0,Fixed,1073.71096602,752,1,1,0,0,1,2,7 days 17:03:16.569000
Closed,Blocker,2011-03-12 00:32:55.350000+00:00,Improvement,dcreager,2011-01-28 17:24:12.684000+00:00,2011-02-25 15:45:15.734000+00:00,0,AVRO,dcreager,6,AVRO-751,972.0,41,0,Fixed,1073.71086721,751,1,0,0,0,4,1,27 days 22:21:03.050000
Closed,Major,2011-03-12 00:32:51.543000+00:00,New Feature,dcreager,2011-01-28 15:51:29.688000+00:00,2011-02-15 15:28:01.378000+00:00,0,AVRO,dcreager,4,AVRO-750,130.0,15,0,Fixed,1073.71091126,750,1,0,0,0,4,1,17 days 23:36:31.690000
Closed,Major,2011-03-12 00:32:52.249000+00:00,Bug,dcreager,2011-01-28 15:38:35.922000+00:00,2011-01-31 12:29:48.323000+00:00,0,AVRO,dcreager,3,AVRO-749,249.0,46,0,Fixed,1073.71090309,749,1,0,0,0,4,1,2 days 20:51:12.401000
Closed,Major,2011-08-12 20:23:46.413000+00:00,Improvement,bruno,2011-01-27 14:11:33.052000+00:00,2011-06-30 19:32:32.501000+00:00,1,AVRO,,5,AVRO-747,2104.0,78,1,Duplicate,919.883887062,747,1,1,1,0,3,1,154 days 05:20:59.449000
Closed,Major,2011-11-01 18:36:08.311000+00:00,Bug,dcreager,2011-01-24 21:21:47.804000+00:00,2011-07-12 20:22:41.988000+00:00,0,AVRO,dcreager,12,AVRO-746,886.0,23,0,Fixed,838.958633083,746,1,0,0,0,0,1,168 days 23:00:54.184000
Closed,Major,2011-03-12 00:32:47.092000+00:00,Bug,dcreager,2011-01-24 16:11:50.645000+00:00,2011-01-24 16:52:45.740000+00:00,0,AVRO,dcreager,1,AVRO-745,311.0,40,0,Fixed,1073.71096278,745,1,0,0,0,0,1,0 days 00:40:55.095000
Closed,Major,2011-03-12 00:32:58.147000+00:00,New Feature,dcreager,2011-01-24 16:09:18.533000+00:00,2011-02-15 15:40:43.642000+00:00,0,AVRO,dcreager,3,AVRO-744,410.0,60,0,Fixed,1073.71083483,744,1,0,0,0,0,1,21 days 23:31:25.109000
Closed,Critical,2011-03-12 00:32:50.732000+00:00,Bug,scott_carey,2011-01-24 07:26:04.470000+00:00,2011-02-07 18:37:57.964000+00:00,0,AVRO,scott_carey,7,AVRO-743,410.0,72,3,Fixed,1073.71092067,743,1,1,1,0,0,1,14 days 11:11:53.494000
Closed,Major,2011-03-12 00:32:49.302000+00:00,Bug,dcreager,2011-01-22 03:21:54.058000+00:00,2011-01-24 12:06:14.169000+00:00,0,AVRO,dcreager,1,AVRO-742,458.0,47,0,Fixed,1073.71093722,742,1,0,0,0,5,1,2 days 08:44:20.111000
Closed,Blocker,2011-03-12 00:32:55.778000+00:00,Bug,cutting,2011-01-20 22:10:28.451000+00:00,2011-01-26 03:45:19.945000+00:00,0,AVRO,,9,AVRO-741,536.0,31,0,Fixed,1073.71086227,741,1,0,0,0,3,1,5 days 05:34:51.494000
Closed,Major,2011-03-12 00:32:49.426000+00:00,Bug,brucem,2011-01-20 11:32:24.005000+00:00,2011-01-20 11:36:55.458000+00:00,0,AVRO,brucem,0,AVRO-740,1595.0,34,0,Fixed,1073.71093578,740,0,0,0,0,3,1,0 days 00:04:31.453000
Closed,Critical,2011-05-06 19:18:37.708000+00:00,Bug,devsarkar,2011-01-19 06:00:56.730000+00:00,2011-03-14 16:59:52.870000+00:00,0,AVRO,,3,AVRO-738,371.0,96,0,Duplicate,1017.9291268,738,1,1,1,0,2,1,54 days 10:58:56.140000
Closed,Major,2011-03-12 00:32:46.410000+00:00,Sub-task,scott_carey,2011-01-18 20:48:36.562000+00:00,2011-01-28 01:05:59.708000+00:00,0,AVRO,scott_carey,28,AVRO-737,437.0,54,0,Fixed,1073.71097069,737,1,1,0,0,1,1,9 days 04:17:23.146000
Closed,Major,2011-03-12 00:32:48.929000+00:00,Bug,mchugh,2011-01-18 19:09:30.838000+00:00,2011-01-24 12:10:49.809000+00:00,0,AVRO,brucem,4,AVRO-736,1497.0,54,0,Fixed,1073.71094153,736,1,0,1,0,1,1,5 days 17:01:18.971000
Closed,Major,2011-03-12 00:32:43.377000+00:00,Bug,h2o,2011-01-14 15:27:19.984000+00:00,2011-01-28 01:12:15.148000+00:00,2,AVRO,scott_carey,5,AVRO-735,1716.0,31,0,Fixed,1073.71100579,735,1,1,1,0,4,1,13 days 09:44:55.164000
Closed,Trivial,2011-03-12 00:32:45.598000+00:00,Improvement,h2o,2011-01-14 14:40:13.218000+00:00,2011-01-14 18:38:39.889000+00:00,0,AVRO,h2o,4,AVRO-734,302.0,43,0,Fixed,1073.71098009,734,1,1,1,0,4,1,0 days 03:58:26.671000
Closed,Critical,2011-03-12 00:32:58.026000+00:00,Bug,h2o,2011-01-14 14:32:55.470000+00:00,2011-01-14 18:45:31.985000+00:00,0,AVRO,scott_carey,9,AVRO-733,433.0,59,0,Fixed,1073.71083625,733,1,1,1,0,4,1,0 days 04:12:36.515000
Closed,Major,2011-03-12 00:32:56.423000+00:00,Improvement,cutting,2011-01-11 21:37:00.631000+00:00,2011-01-12 21:07:01.139000+00:00,0,AVRO,cutting,1,AVRO-731,64.0,47,0,Fixed,1073.71085481,731,1,0,0,0,1,1,0 days 23:30:00.508000
Closed,Major,2011-03-12 00:32:53.683000+00:00,New Feature,cbradford,2011-01-10 04:30:40.290000+00:00,2011-02-19 00:40:26.704000+00:00,0,AVRO,cbradford,10,AVRO-730,246.0,73,1,Fixed,1073.71088652,730,1,1,1,0,0,1,39 days 20:09:46.414000
Closed,Major,2011-03-12 00:32:46.269000+00:00,New Feature,dcreager,2011-01-08 19:34:20.369000+00:00,2011-01-11 18:32:49.921000+00:00,0,AVRO,dcreager,3,AVRO-729,553.0,24,1,Fixed,1073.71097234,729,1,0,0,0,5,1,2 days 22:58:29.552000
Closed,Major,2011-03-12 00:36:41.569000+00:00,Task,cutting,2011-01-08 00:35:55.064000+00:00,2011-01-12 21:07:19.544000+00:00,0,AVRO,cutting,1,AVRO-728,185.0,51,0,Fixed,1073.70824895,728,1,0,0,0,5,1,4 days 20:31:24.480000
Closed,Major,2011-03-12 00:32:47.501000+00:00,Improvement,dcreager,2011-01-05 21:59:27.094000+00:00,2011-01-11 14:57:50.200000+00:00,0,AVRO,dcreager,5,AVRO-727,1501.0,34,1,Fixed,1073.71095808,727,1,0,0,0,2,1,5 days 16:58:23.106000
Closed,Major,2011-07-01 20:37:09.103000+00:00,Improvement,xiaoluye,2011-01-05 21:49:59.223000+00:00,2011-03-07 20:14:02.975000+00:00,0,AVRO,cutting,16,AVRO-726,521.0,110,3,Fixed,1073.7109533,726,1,1,1,0,2,1,60 days 22:24:03.752000
Closed,Minor,2011-03-12 00:32:50.871000+00:00,New Feature,dcreager,2011-01-04 23:10:35.716000+00:00,2011-01-11 14:34:07.706000+00:00,0,AVRO,dcreager,6,AVRO-725,307.0,34,0,Fixed,1073.71091907,725,1,0,0,0,1,1,6 days 15:23:31.990000
Closed,Minor,2011-03-12 00:32:49.641000+00:00,Bug,sgargan,2011-01-02 02:58:33.271000+00:00,2011-01-07 20:43:26.267000+00:00,0,AVRO,sgargan,8,AVRO-723,590.0,73,0,Fixed,1073.71093331,723,1,1,1,0,6,1,5 days 17:44:52.996000
Closed,Minor,2011-03-12 00:32:50.610000+00:00,Bug,sgargan,2010-12-30 00:21:09.143000+00:00,2011-01-07 18:00:05.790000+00:00,0,AVRO,sgargan,8,AVRO-722,511.0,74,0,Fixed,1073.7109221,722,1,1,1,0,3,12,8 days 17:38:56.647000
Closed,Minor,2011-03-12 00:32:47.374000+00:00,Improvement,joecrobak,2010-12-23 18:59:39.827000+00:00,2011-01-07 21:20:05.880000+00:00,0,AVRO,joecrobak,4,AVRO-719,241.0,52,0,Fixed,1073.71095956,719,1,1,1,0,3,12,15 days 02:20:26.053000
Closed,Major,2011-03-12 00:32:48.342000+00:00,Bug,cwsteinbach,2010-12-23 08:12:44.937000+00:00,2010-12-29 21:29:38.054000+00:00,0,AVRO,cwsteinbach,2,AVRO-718,152.0,27,0,Fixed,1073.71094837,718,2,0,0,0,3,12,6 days 13:16:53.117000
Closed,Major,2011-03-12 00:32:57.720000+00:00,Bug,joecrobak,2010-12-21 20:14:32.745000+00:00,2011-01-04 22:28:58.880000+00:00,0,AVRO,joecrobak,6,AVRO-717,2200.0,63,0,Fixed,1073.71083981,717,1,1,1,0,1,12,14 days 02:14:26.135000
Closed,Blocker,2011-03-12 00:32:50.211000+00:00,Task,scott_carey,2010-12-17 01:20:33.481000+00:00,2011-02-01 19:25:30.282000+00:00,0,AVRO,scott_carey,20,AVRO-716,361.0,60,0,Fixed,1073.71092674,716,2,1,0,0,4,12,46 days 18:04:56.801000
Closed,Major,2011-03-12 00:32:53.111000+00:00,Task,scott_carey,2010-12-17 01:14:07.014000+00:00,2011-01-28 05:30:56.071000+00:00,0,AVRO,scott_carey,2,AVRO-714,278.0,29,1,Fixed,1073.71089316,714,2,1,0,0,4,12,42 days 04:16:49.057000
Closed,Major,2012-11-09 15:59:19.911000+00:00,Bug,jkreps,2010-12-15 21:54:54.950000+00:00,2010-12-16 21:57:59.872000+00:00,0,AVRO,jkreps,2,AVRO-713,174.0,47,0,Fixed,1073.71087063,713,1,1,1,0,2,12,1 days 00:03:04.922000
Closed,Blocker,2011-03-12 00:32:46.133000+00:00,Improvement,thiru_mg,2010-12-13 16:47:03.243000+00:00,2011-02-20 18:25:24.745000+00:00,0,AVRO,thiru_mg,7,AVRO-711,62.0,32,0,Fixed,1073.71097394,711,1,0,1,0,0,12,69 days 01:38:21.502000
Closed,Major,2011-03-12 00:32:44.901000+00:00,Bug,bshi,2010-12-12 00:12:30.431000+00:00,2010-12-13 20:03:23.788000+00:00,0,AVRO,bshi,1,AVRO-710,60.0,79,0,Fixed,1073.71098819,710,1,1,3,0,6,12,1 days 19:50:53.357000
Closed,Minor,2011-05-06 19:14:01.596000+00:00,Improvement,justinazoff,2010-12-05 23:55:07.880000+00:00,2011-03-31 22:51:45.931000+00:00,1,AVRO,justinazoff,10,AVRO-709,240.0,20,2,Fixed,1017.93232261,709,1,0,1,0,6,12,115 days 22:56:38.051000
Closed,Minor,2011-03-12 00:32:52.978000+00:00,Bug,sgargan,2010-12-05 02:10:19.359000+00:00,2011-01-07 20:36:35.946000+00:00,0,AVRO,sgargan,2,AVRO-708,632.0,40,0,Fixed,1073.71089472,708,1,1,1,0,6,12,33 days 18:26:16.587000
Closed,Major,2011-03-12 00:32:47.233000+00:00,Improvement,cutting,2010-12-04 00:58:06.002000+00:00,2010-12-09 22:10:05.784000+00:00,0,AVRO,cutting,3,AVRO-707,536.0,22,0,Fixed,1073.71096121,707,1,1,0,0,5,12,5 days 21:11:59.782000
Closed,Major,2011-03-12 00:32:51.821000+00:00,Bug,scott_carey,2010-12-02 17:37:12.511000+00:00,2010-12-03 16:41:38.762000+00:00,0,AVRO,thiru_mg,4,AVRO-706,570.0,53,1,Fixed,1073.71090811,706,1,1,1,0,3,12,0 days 23:04:26.251000
Closed,Major,2011-03-12 00:32:48.046000+00:00,Bug,gillouxgaillard@wanadoo.fr,2010-12-01 18:04:52.781000+00:00,2010-12-10 20:24:51.431000+00:00,0,AVRO,thiru_mg,3,AVRO-705,923.0,66,0,Fixed,1073.7109518,705,1,1,1,0,2,12,9 days 02:19:58.650000
Closed,Major,2011-03-12 00:32:46.940000+00:00,Bug,urandom,2010-11-30 23:50:49.552000+00:00,2010-12-10 19:43:51.625000+00:00,0,AVRO,cutting,9,AVRO-704,239.0,29,0,Fixed,1073.7109646,704,1,1,1,0,1,11,9 days 19:53:02.073000
Closed,Major,2011-03-12 00:32:47.642000+00:00,Bug,xiaoluye,2010-11-24 21:50:39.538000+00:00,2010-11-29 23:20:22.893000+00:00,0,AVRO,cutting,4,AVRO-702,593.0,90,1,Fixed,1073.71095649,702,1,1,1,0,2,11,5 days 01:29:43.355000
Closed,Critical,2011-03-12 00:32:51.010000+00:00,Bug,brucem,2010-11-23 17:49:32.246000+00:00,2011-02-24 17:57:55.398000+00:00,1,AVRO,brucem,14,AVRO-701,216.0,75,0,Fixed,1073.7109175,701,1,1,1,0,1,11,93 days 00:08:23.152000
Closed,Major,2011-03-12 00:32:54.937000+00:00,Improvement,thiru_mg,2010-11-22 12:57:10.124000+00:00,2011-01-30 19:12:20.237000+00:00,0,AVRO,thiru_mg,11,AVRO-700,426.0,32,0,Fixed,1073.71087205,700,1,0,1,0,0,11,69 days 06:15:10.113000
Closed,Major,2011-03-12 00:32:51.666000+00:00,Bug,prabhakhar,2010-11-19 21:48:20.894000+00:00,2010-11-22 06:18:16.289000+00:00,0,AVRO,,3,AVRO-699,1570.0,81,0,Duplicate,1073.71090991,699,1,1,1,0,4,11,2 days 08:29:55.395000
Closed,Major,2011-03-12 00:32:57.903000+00:00,Test,cutting,2010-11-18 23:54:29.991000+00:00,2010-11-23 20:11:44.299000+00:00,0,AVRO,cutting,4,AVRO-698,410.0,50,0,Fixed,1073.71083773,698,1,1,0,0,3,11,4 days 20:17:14.308000
Closed,Major,2011-03-12 00:32:43.085000+00:00,Bug,plinehan,2010-11-17 05:32:26.784000+00:00,2010-11-17 21:04:24.152000+00:00,0,AVRO,plinehan,2,AVRO-696,119.0,75,0,Fixed,1073.71100924,696,1,1,0,0,2,11,0 days 15:31:57.368000
Closed,Major,2011-03-12 00:32:51.411000+00:00,Bug,rahrens,2010-11-08 21:47:15.361000+00:00,2011-01-07 21:24:20.095000+00:00,1,AVRO,hammer,7,AVRO-694,2027.0,87,2,Fixed,1073.71091288,694,1,0,1,0,0,11,59 days 23:37:04.734000
Closed,Minor,2011-03-12 00:32:54.111000+00:00,Bug,sgargan,2010-11-04 22:44:20.061000+00:00,2010-11-05 21:13:56.894000+00:00,0,AVRO,sgargan,4,AVRO-693,394.0,67,0,Fixed,1073.71088164,693,1,1,0,0,3,11,0 days 22:29:36.833000
Closed,Major,2011-03-12 00:32:43.544000+00:00,Improvement,cutting,2010-11-04 21:23:24.120000+00:00,2010-12-09 19:51:00.608000+00:00,1,AVRO,cutting,6,AVRO-692,69.0,34,1,Fixed,1073.71100392,692,1,1,0,0,3,11,34 days 22:27:36.488000
Closed,Major,2011-03-12 00:32:56.138000+00:00,New Feature,cutting,2010-11-04 16:37:07.221000+00:00,2010-12-09 19:47:55.862000+00:00,0,AVRO,cutting,5,AVRO-689,85.0,41,0,Fixed,1073.71085818,689,1,1,0,0,3,11,35 days 03:10:48.641000
Closed,Major,2011-03-12 00:32:50.051000+00:00,Bug,califloridan,2010-11-01 18:08:28.822000+00:00,2011-01-17 20:58:07.628000+00:00,0,AVRO,cutting,5,AVRO-688,389.0,56,0,Fixed,1073.71092863,688,3,1,1,0,0,11,77 days 02:49:38.806000
Closed,Major,2011-03-12 00:32:56.292000+00:00,New Feature,cutting,2010-11-01 16:46:12.807000+00:00,2010-12-14 23:46:00.174000+00:00,0,AVRO,cutting,4,AVRO-687,182.0,47,0,Fixed,1073.7108564,687,1,1,0,0,0,11,43 days 06:59:47.367000
Closed,Critical,2011-03-12 00:32:54.633000+00:00,Bug,rahrens,2010-10-27 19:27:30.802000+00:00,2010-10-28 23:22:23.188000+00:00,0,AVRO,rahrens,6,AVRO-685,4065.0,97,1,Fixed,1073.7108756,685,1,1,1,0,2,10,1 days 03:54:52.386000
Closed,Major,2011-03-12 00:32:53.529000+00:00,New Feature,plinehan,2010-10-25 19:55:27.654000+00:00,2010-11-22 21:18:29.278000+00:00,0,AVRO,plinehan,6,AVRO-684,648.0,61,0,Fixed,1073.71088838,684,1,1,0,0,0,10,28 days 01:23:01.624000
Closed,Trivial,2011-03-12 00:32:51.137000+00:00,Improvement,sgargan,2010-10-24 19:55:06.093000+00:00,2010-10-26 20:46:45.097000+00:00,0,AVRO,sgargan,3,AVRO-683,354.0,53,1,Fixed,1073.71091607,683,1,1,1,0,6,10,2 days 00:51:39.004000
Closed,Minor,2011-03-12 00:32:44.758000+00:00,Improvement,qwertymaniac,2010-10-24 14:50:55.694000+00:00,2010-10-26 20:33:10.470000+00:00,0,AVRO,qwertymaniac,8,AVRO-682,492.0,39,1,Fixed,1073.7109899,682,1,1,1,0,6,10,2 days 05:42:14.776000
Closed,Minor,2011-03-12 00:32:42.785000+00:00,Bug,yaojingguo,2010-10-14 13:40:16.332000+00:00,2010-10-14 21:14:22.882000+00:00,0,AVRO,yaojingguo,2,AVRO-681,334.0,23,0,Fixed,1073.71101272,681,1,0,1,0,3,10,0 days 07:34:06.550000
Closed,Minor,2011-05-06 19:18:37.564000+00:00,New Feature,stuhood,2010-10-10 20:48:51.211000+00:00,2011-04-22 18:20:54.070000+00:00,0,AVRO,,10,AVRO-679,513.0,29,2,Incomplete,1017.92912872,679,1,0,0,0,6,10,193 days 21:32:02.859000
Closed,Major,2011-03-12 00:32:44.471000+00:00,Sub-task,cutting,2010-10-06 20:15:04.150000+00:00,2010-10-22 22:19:04.864000+00:00,0,AVRO,cutting,3,AVRO-678,72.0,31,0,Fixed,1073.71099323,678,1,1,0,0,2,10,16 days 02:04:00.714000
Closed,Major,2011-03-12 00:32:42.929000+00:00,Bug,dcreager,2010-09-30 21:00:11.607000+00:00,2010-10-05 22:57:49.260000+00:00,0,AVRO,dcreager,5,AVRO-675,436.0,47,2,Fixed,1073.71101108,675,1,0,1,0,3,9,5 days 01:57:37.653000
Closed,Trivial,2011-12-13 19:08:35.118000+00:00,New Feature,dln,2010-09-25 12:29:29.092000+00:00,2010-09-30 17:45:17.116000+00:00,1,AVRO,dln,3,AVRO-674,163.0,32,1,Fixed,1073.71096933,674,1,0,0,0,5,9,5 days 05:15:48.024000
Closed,Minor,2010-10-14 19:06:54.648000+00:00,Improvement,erikfrey,2010-09-24 21:22:53.373000+00:00,2010-10-08 21:15:24.241000+00:00,0,AVRO,erikfrey,6,AVRO-673,390.0,36,1,Fixed,1221.93726411,673,1,0,0,0,4,9,13 days 23:52:30.868000
Closed,Major,2011-03-12 00:32:54.756000+00:00,Bug,rbodkin,2010-09-19 00:11:47.260000+00:00,2010-10-07 21:32:24.448000+00:00,0,AVRO,cutting,9,AVRO-671,101.0,68,0,Fixed,1073.71087421,671,1,1,0,0,6,9,18 days 21:20:37.188000
Closed,Major,2011-12-13 19:06:48.131000+00:00,Improvement,rbodkin,2010-09-17 17:55:34.047000+00:00,2010-09-20 17:14:49.623000+00:00,0,AVRO,rbodkin,5,AVRO-670,296.0,55,0,Fixed,1073.71089155,670,1,1,0,0,4,9,2 days 23:19:15.576000
Closed,Major,2012-03-27 06:29:15.859000+00:00,Bug,rbodkin,2010-09-17 05:46:16.716000+00:00,2010-12-29 21:38:53.408000+00:00,1,AVRO,cutting,14,AVRO-669,2376.0,48,3,Fixed,1073.71097542,669,1,1,0,0,4,9,103 days 15:52:36.692000
Closed,Major,2010-10-14 19:06:54.260000+00:00,Improvement,scott_carey,2010-09-16 05:46:55.936000+00:00,2010-09-21 19:24:08.543000+00:00,0,AVRO,scott_carey,11,AVRO-668,213.0,71,0,Fixed,1221.93726879,668,1,1,0,0,3,9,5 days 13:37:12.607000
Closed,Blocker,2010-10-14 19:06:53.721000+00:00,Bug,scott_carey,2010-09-16 04:49:48.632000+00:00,2010-09-17 01:42:29.392000+00:00,0,AVRO,scott_carey,10,AVRO-667,1221.0,88,0,Fixed,1221.93727487,667,1,1,1,0,3,9,0 days 20:52:40.760000
Closed,Major,2010-10-14 19:06:53.408000+00:00,Bug,hammer,2010-09-12 23:45:10.727000+00:00,2010-09-12 23:49:46.987000+00:00,0,AVRO,hammer,1,AVRO-666,,62,0,Fixed,1221.9372784,666,1,0,0,0,6,9,0 days 00:04:36.260000
Closed,Major,2010-10-14 19:06:53.023000+00:00,Bug,thiru_mg,2010-09-10 08:21:11.878000+00:00,2010-09-14 12:49:33.944000+00:00,0,AVRO,thiru_mg,3,AVRO-664,225.0,55,0,Fixed,1221.93728304,664,1,0,1,0,4,9,4 days 04:28:22.066000
Closed,Major,2011-03-12 00:32:54.219000+00:00,Bug,brianf,2010-09-09 14:12:14.977000+00:00,2011-01-14 19:46:54.409000+00:00,0,AVRO,scott_carey,15,AVRO-663,350.0,98,1,Fixed,1073.71088043,663,1,0,1,0,3,9,127 days 05:34:39.432000
Closed,Major,2010-10-14 19:06:52.536000+00:00,New Feature,cutting,2010-09-08 17:52:50.386000+00:00,2010-09-17 22:25:54.937000+00:00,0,AVRO,cutting,4,AVRO-662,357.0,57,0,Fixed,1221.93728867,662,1,1,0,0,2,9,9 days 04:33:04.551000
Closed,Minor,2010-10-14 19:06:52.205000+00:00,Bug,phunt,2010-09-07 06:34:20.454000+00:00,2010-09-13 19:04:52.561000+00:00,0,AVRO,cutting,2,AVRO-657,721.0,44,0,Fixed,1221.93729259,657,1,0,1,0,1,9,6 days 12:30:32.107000
Closed,Blocker,2011-03-12 00:32:48.724000+00:00,Bug,cutting,2010-09-03 18:49:11.534000+00:00,2011-02-24 22:21:11.866000+00:00,0,AVRO,cutting,30,AVRO-656,763.0,77,2,Fixed,1073.71094404,656,1,1,1,0,4,9,174 days 03:32:00.332000
Closed,Major,2010-10-14 19:06:51.860000+00:00,Improvement,cutting,2010-09-03 17:56:11.508000+00:00,2010-09-13 19:00:01.388000+00:00,0,AVRO,cutting,4,AVRO-655,210.0,42,0,Fixed,1221.93729647,655,1,0,1,0,4,9,10 days 01:03:49.880000
Closed,Major,2010-09-08 21:08:17.686000+00:00,Bug,urandom,2010-09-02 15:46:23.154000+00:00,2010-09-02 23:03:57.096000+00:00,0,AVRO,urandom,3,AVRO-653,128.0,55,0,Fixed,1257.8529699,653,1,0,1,0,3,9,0 days 07:17:33.942000
Closed,Minor,2010-09-08 21:08:17.304000+00:00,Bug,stuhood,2010-09-02 03:19:59.417000+00:00,2010-09-02 23:11:49.439000+00:00,0,AVRO,stuhood,3,AVRO-652,419.0,36,1,Fixed,1257.85297432,652,1,1,0,0,3,9,0 days 19:51:50.022000
Closed,Blocker,2011-01-25 01:15:50.593000+00:00,Bug,urandom,2010-09-01 20:05:52.819000+00:00,2010-09-03 01:27:51.243000+00:00,0,AVRO,cutting,11,AVRO-650,212.0,33,3,Fixed,1257.85297883,650,1,1,0,0,2,9,1 days 05:21:58.424000
Closed,Major,2010-09-08 21:15:35.685000+00:00,Improvement,stuhood,2010-09-01 18:34:56.550000+00:00,2010-09-01 20:53:51.190000+00:00,0,AVRO,,7,AVRO-649,123.0,46,0,Invalid,1257.84790046,649,1,1,0,0,2,9,0 days 02:18:54.640000
Closed,Major,2011-03-12 00:32:44.617000+00:00,Improvement,philip,2010-09-01 08:21:52.543000+00:00,2010-11-01 18:25:46.766000+00:00,0,AVRO,philip,8,AVRO-648,1401.0,47,2,Fixed,1073.71099148,648,1,1,0,0,2,9,61 days 10:03:54.223000
Closed,Major,2011-03-12 00:32:51.952000+00:00,Improvement,scott_carey,2010-09-01 01:25:04.062000+00:00,2010-12-16 00:40:39.574000+00:00,0,AVRO,scott_carey,47,AVRO-647,898.0,62,5,Fixed,1073.7109067,647,1,1,0,0,2,9,105 days 23:15:35.512000
Closed,Major,2010-09-08 21:08:16.550000+00:00,Test,cutting,2010-08-30 23:37:56.679000+00:00,2010-08-30 23:53:13.751000+00:00,0,AVRO,cutting,2,AVRO-646,265.0,25,0,Fixed,1257.85298307,646,1,1,0,0,0,8,0 days 00:15:17.072000
Closed,Major,2010-09-08 21:08:16.176000+00:00,Improvement,grzm,2010-08-30 22:22:44.347000+00:00,2010-08-30 23:46:53.526000+00:00,0,AVRO,grzm,1,AVRO-645,201.0,34,0,Fixed,1257.85298739,645,1,0,0,0,0,8,0 days 01:24:09.179000
Closed,Major,2011-03-12 00:32:46.672000+00:00,Bug,scott_carey,2010-08-30 21:16:52.717000+00:00,2010-12-16 00:55:32.510000+00:00,0,AVRO,,2,AVRO-644,1983.0,54,0,Not A Problem,1073.71096782,644,1,1,1,0,0,8,107 days 03:38:39.793000
Closed,Major,2011-03-12 00:32:55.920000+00:00,Bug,cutting,2010-08-30 19:45:21.180000+00:00,2011-01-07 17:52:23.008000+00:00,0,AVRO,cutting,2,AVRO-643,304.0,35,0,Fixed,1073.71086077,643,1,1,1,0,0,8,129 days 22:07:01.828000
Closed,Minor,2011-03-12 00:32:49.801000+00:00,Improvement,qwertymaniac,2010-08-28 05:11:54.472000+00:00,2010-10-29 21:31:48.132000+00:00,0,AVRO,qwertymaniac,10,AVRO-642,1212.0,82,0,Fixed,1073.71093159,642,2,1,1,0,5,8,62 days 16:19:53.660000
Closed,Major,2012-07-02 00:15:04.391000+00:00,New Feature,cutting,2010-08-27 21:39:00.024000+00:00,2010-09-17 22:03:23.754000+00:00,1,AVRO,cutting,16,AVRO-641,224.0,28,6,Fixed,1221.93730671,641,1,1,0,0,4,8,21 days 00:24:23.730000
Closed,Blocker,2010-09-08 21:11:26.107000+00:00,Bug,cutting,2010-08-27 20:36:27.189000+00:00,2010-08-27 21:08:00.533000+00:00,0,AVRO,cutting,2,AVRO-640,132.0,42,0,Fixed,1257.85299098,640,1,0,0,0,4,8,0 days 00:31:33.344000
Closed,Major,2010-09-08 21:11:25.475000+00:00,Improvement,cutting,2010-08-27 18:53:05.598000+00:00,2010-08-27 21:08:12.780000+00:00,0,AVRO,cutting,6,AVRO-639,138.0,42,0,Fixed,1257.85299532,639,1,0,0,0,4,8,0 days 02:15:07.182000
Closed,Major,2012-03-27 06:29:15.614000+00:00,New Feature,cutting,2010-08-27 18:29:33.051000+00:00,2011-01-04 21:52:37.920000+00:00,0,AVRO,cutting,1,AVRO-638,394.0,50,3,Fixed,1073.71093896,638,1,1,0,0,4,8,130 days 03:23:04.869000
Closed,Major,2010-12-28 21:10:19.165000+00:00,New Feature,cutting,2010-08-27 17:52:39.444000+00:00,2010-09-01 03:24:36.994000+00:00,1,AVRO,cutting,21,AVRO-637,537.0,40,1,Fixed,1257.85300065,637,1,1,0,0,4,8,4 days 09:31:57.550000
Closed,Major,2010-10-14 19:06:50.624000+00:00,Sub-task,pwendell,2010-08-26 23:19:35.753000+00:00,2010-08-27 23:34:55.463000+00:00,0,AVRO,pwendell,8,AVRO-636,,39,0,Fixed,1221.93731072,636,1,1,0,0,3,8,1 days 00:15:19.710000
Closed,Major,2010-10-14 19:06:50.270000+00:00,Improvement,cutting,2010-08-26 18:13:45.674000+00:00,2010-09-13 19:21:29.066000+00:00,0,AVRO,cutting,2,AVRO-634,60.0,28,0,Fixed,1221.9373149,634,1,1,0,0,3,8,18 days 01:07:43.392000
Closed,Major,2010-09-08 21:08:14.681000+00:00,Bug,jmhodges,2010-08-26 01:09:59.721000+00:00,2010-08-26 19:27:53.653000+00:00,0,AVRO,jmhodges,4,AVRO-633,77.0,66,0,Fixed,1257.85300471,633,1,0,1,0,3,8,0 days 18:17:53.932000
Closed,Major,2010-09-08 21:08:14.333000+00:00,Bug,cutting,2010-08-26 00:00:10.844000+00:00,2010-08-26 00:20:48.792000+00:00,0,AVRO,cutting,3,AVRO-632,123.0,53,0,Fixed,1257.85300875,632,1,1,0,0,3,8,0 days 00:20:37.948000
Closed,Major,2010-09-08 21:08:13.964000+00:00,Bug,pwendell,2010-08-25 22:37:59.073000+00:00,2010-08-26 00:05:00.323000+00:00,0,AVRO,pwendell,2,AVRO-631,610.0,36,0,Fixed,1257.85301301,631,1,1,0,0,2,8,0 days 01:27:01.250000
Closed,Major,2011-03-12 00:32:45.861000+00:00,Improvement,gavinmroy,2010-08-25 22:33:43.588000+00:00,2011-01-11 14:49:08.585000+00:00,0,AVRO,dcreager,1,AVRO-630,158.0,25,1,Fixed,1073.71097721,630,1,0,1,0,2,8,138 days 16:15:24.997000
Closed,Major,2011-08-12 20:22:31.483000+00:00,Improvement,gavinmroy,2010-08-25 22:30:17.849000+00:00,2011-07-14 23:40:08.051000+00:00,0,AVRO,dcreager,1,AVRO-629,260.0,28,1,Won't Fix,919.884754657,629,1,0,1,0,2,8,323 days 01:09:50.202000
Closed,Major,2010-09-08 21:08:13.585000+00:00,New Feature,grzm,2010-08-25 19:10:50.850000+00:00,2010-08-30 16:52:57.184000+00:00,0,AVRO,grzm,13,AVRO-627,366.0,20,3,Fixed,1257.85301738,627,1,0,0,0,2,8,4 days 21:42:06.334000
Closed,Minor,2010-08-25 20:29:46.662000+00:00,Improvement,alexb,2010-08-25 07:35:29.587000+00:00,2010-08-25 16:11:39.955000+00:00,0,AVRO,,3,AVRO-626,134.0,44,0,Fixed,1271.9408067,626,1,0,0,0,2,8,0 days 08:36:10.368000
Closed,Major,2010-09-08 21:08:13.226000+00:00,Bug,philip,2010-08-24 00:26:23.691000+00:00,2010-08-24 05:14:58.156000+00:00,0,AVRO,philip,1,AVRO-622,85.0,43,0,Fixed,1257.85302155,622,1,0,0,0,1,8,0 days 04:48:34.465000
Closed,Major,2010-09-08 21:08:12.554000+00:00,Bug,philip,2010-08-20 17:12:52.861000+00:00,2010-08-24 04:41:11.524000+00:00,0,AVRO,philip,4,AVRO-620,732.0,61,1,Fixed,1257.85302931,620,1,0,0,0,4,8,3 days 11:28:18.663000
Closed,Trivial,2010-09-08 21:08:11.501000+00:00,Improvement,qwertymaniac,2010-08-19 20:26:37.122000+00:00,2010-08-19 22:57:49.585000+00:00,0,AVRO,qwertymaniac,2,AVRO-619,281.0,58,0,Fixed,1257.85304152,619,1,0,1,0,3,8,0 days 02:31:12.463000
Closed,Major,2010-09-08 21:08:11.098000+00:00,Bug,philip,2010-08-19 06:49:42.649000+00:00,2010-08-20 15:23:24.138000+00:00,0,AVRO,philip,5,AVRO-618,501.0,33,0,Fixed,1257.85304614,618,0,0,1,0,3,8,1 days 08:33:41.489000
Closed,Major,2010-09-08 21:08:10.720000+00:00,Improvement,jkristian,2010-08-17 16:59:34.137000+00:00,2010-08-23 20:40:29.103000+00:00,0,AVRO,cutting,3,AVRO-617,1020.0,31,0,Fixed,1257.85305058,617,1,1,1,0,1,8,6 days 03:40:54.966000
Closed,Major,2010-09-08 21:08:10.414000+00:00,New Feature,pwendell,2010-08-16 19:14:00.513000+00:00,2010-08-17 19:37:17.908000+00:00,0,AVRO,pwendell,2,AVRO-616,228.0,38,0,Fixed,1257.85305412,616,1,1,0,0,0,8,1 days 00:23:17.395000
Closed,Major,2010-09-08 21:08:10.071000+00:00,Improvement,jkristian,2010-08-16 16:52:35.702000+00:00,2010-08-18 21:45:24.939000+00:00,0,AVRO,cutting,5,AVRO-615,216.0,28,0,Fixed,1257.85305809,615,1,1,1,0,0,8,2 days 04:52:49.237000
Closed,Major,2011-12-13 19:06:50.515000+00:00,Sub-task,pwendell,2010-08-13 22:42:22.484000+00:00,2010-08-27 01:00:09.604000+00:00,0,AVRO,pwendell,4,AVRO-614,,25,0,Fixed,1073.70825072,614,1,1,0,0,4,8,13 days 02:17:47.120000
Closed,Major,2011-12-13 19:06:47.435000+00:00,Sub-task,pwendell,2010-08-13 17:49:02.960000+00:00,2010-08-23 06:58:43.637000+00:00,0,AVRO,pwendell,5,AVRO-613,,44,1,Fixed,1257.85306373,613,1,1,0,0,4,8,9 days 13:09:40.677000
Closed,Minor,2011-12-13 19:06:54.949000+00:00,Bug,darose,2010-08-13 00:01:07.839000+00:00,2010-08-18 21:36:24.543000+00:00,0,AVRO,cutting,3,AVRO-612,1151.0,39,0,Fixed,1257.8531236,612,1,1,1,0,4,8,5 days 21:35:16.704000
Closed,Major,2010-09-08 21:08:04.076000+00:00,New Feature,pwendell,2010-08-12 18:28:22.928000+00:00,2010-08-18 21:29:43.619000+00:00,0,AVRO,cutting,3,AVRO-611,57.0,26,0,Fixed,1257.85312748,611,1,1,0,0,3,8,6 days 03:01:20.691000
Closed,Major,2010-09-08 21:08:03.582000+00:00,Bug,cutting,2010-08-06 19:16:24.326000+00:00,2010-08-10 21:58:05.165000+00:00,0,AVRO,cutting,3,AVRO-609,93.0,45,0,Fixed,1257.8531332,609,1,1,0,0,4,8,4 days 02:41:40.839000
Closed,Major,2010-10-14 19:24:43.148000+00:00,Bug,pwendell,2010-08-05 17:57:22.393000+00:00,2010-08-25 22:39:01.295000+00:00,0,AVRO,pwendell,1,AVRO-608,205.0,58,0,Duplicate,1221.92489737,608,1,1,0,0,3,8,20 days 04:41:38.902000
Closed,Major,2013-05-02 02:29:29.767000+00:00,Sub-task,pwendell,2010-08-04 22:21:19.902000+00:00,2010-08-13 20:59:43.221000+00:00,0,AVRO,pwendell,10,AVRO-606,,42,0,Fixed,1257.85313769,606,1,1,0,0,2,8,8 days 22:38:23.319000
Closed,Major,2010-12-28 21:10:20.002000+00:00,Improvement,cutting,2010-08-04 18:22:59.910000+00:00,2010-08-10 17:10:21.760000+00:00,0,AVRO,cutting,11,AVRO-605,286.0,38,2,Fixed,1257.85314179,605,1,1,0,0,2,8,5 days 22:47:21.850000
Closed,Major,2010-09-08 21:08:02.374000+00:00,Bug,pwendell,2010-08-03 17:37:46.500000+00:00,2010-08-03 23:10:42.186000+00:00,0,AVRO,pwendell,2,AVRO-604,209.0,52,0,Fixed,1257.8531471,604,1,1,0,0,1,8,0 days 05:32:55.686000
Closed,Minor,2010-09-08 21:08:02.038000+00:00,Improvement,stuhood,2010-08-03 16:13:39.375000+00:00,2010-08-03 23:22:47.304000+00:00,0,AVRO,stuhood,5,AVRO-603,553.0,67,3,Fixed,1257.85315108,603,1,1,0,0,1,8,0 days 07:09:07.929000
Closed,Major,2010-09-08 21:08:01.698000+00:00,Improvement,yaojingguo,2010-08-03 14:37:47.468000+00:00,2010-08-04 18:52:45.306000+00:00,0,AVRO,yaojingguo,3,AVRO-602,198.0,38,0,Fixed,1257.8531549,602,1,0,1,0,1,8,1 days 04:14:57.838000
Closed,Minor,2010-09-08 21:08:01.169000+00:00,Improvement,darose,2010-07-27 21:08:09.882000+00:00,2010-08-03 22:50:09.897000+00:00,0,AVRO,cutting,10,AVRO-601,935.0,83,1,Fixed,1257.85316105,601,2,1,0,0,1,7,7 days 01:42:00.015000
Closed,Major,2010-09-08 21:08:00.816000+00:00,New Feature,cutting,2010-07-22 20:21:50.916000+00:00,2010-08-17 19:11:42.815000+00:00,0,AVRO,cutting,9,AVRO-600,675.0,43,3,Fixed,1257.85316523,600,2,1,0,0,3,7,25 days 22:49:51.899000
Closed,Major,2010-09-08 21:08:00.519000+00:00,Improvement,hammer,2010-07-19 22:21:18.124000+00:00,2010-07-28 05:00:46.169000+00:00,0,AVRO,,1,AVRO-599,,55,0,Won't Fix,1257.85316866,599,1,0,0,0,0,7,8 days 06:39:28.045000
Closed,Major,2010-09-08 21:08:00.050000+00:00,Bug,jtravis,2010-07-15 20:26:38.303000+00:00,2010-08-25 17:52:30.546000+00:00,0,AVRO,cutting,6,AVRO-598,451.0,75,0,Fixed,1257.85317409,598,1,1,2,0,3,7,40 days 21:25:52.243000
Closed,Minor,2010-09-08 21:07:59.620000+00:00,Bug,plinehan,2010-07-14 06:44:31.951000+00:00,2010-07-20 20:56:45.335000+00:00,0,AVRO,plinehan,7,AVRO-596,331.0,45,2,Fixed,1257.85317898,596,1,1,1,0,2,7,6 days 14:12:13.384000
Closed,Major,2013-05-02 02:29:29.771000+00:00,Sub-task,pwendell,2010-07-12 22:48:51.598000+00:00,2010-08-13 17:47:13.558000+00:00,0,AVRO,pwendell,13,AVRO-595,,42,4,Fixed,1257.85318376,595,1,1,0,0,0,7,31 days 18:58:21.960000
Closed,Major,2012-06-11 20:01:35.189000+00:00,New Feature,sseverance,2010-07-07 18:16:26.467000+00:00,2012-04-13 19:03:45.394000+00:00,8,AVRO,gwu,29,AVRO-593,124.0,49,18,Fixed,615.899294663,593,1,1,2,0,2,7,646 days 00:47:18.927000
Closed,Major,2010-09-08 21:07:58.719000+00:00,Bug,spullara,2010-07-06 00:42:08.753000+00:00,2010-07-06 03:32:05.324000+00:00,0,AVRO,thiru_mg,2,AVRO-591,3030.0,83,1,Duplicate,1257.8531895,591,1,1,1,0,1,7,0 days 02:49:56.571000
Closed,Major,2010-09-08 21:07:58.420000+00:00,Bug,cutting,2010-07-01 20:20:50.190000+00:00,2010-08-23 20:53:32.628000+00:00,0,AVRO,cutting,4,AVRO-590,84.0,36,0,Fixed,1257.85319298,590,1,1,0,0,3,7,53 days 00:32:42.438000
Closed,Major,2010-09-08 21:07:58.087000+00:00,Bug,cjcdoomed,2010-07-01 19:41:28.755000+00:00,2010-07-05 03:18:31.291000+00:00,0,AVRO,thiru_mg,4,AVRO-589,1232.0,135,1,Fixed,1257.85319673,589,1,1,5,0,3,7,3 days 07:37:02.536000
Closed,Major,2010-09-08 21:07:57.619000+00:00,Improvement,hammer,2010-06-30 09:46:58.512000+00:00,2010-08-25 19:36:12.385000+00:00,0,AVRO,hammer,15,AVRO-588,,62,1,Duplicate,1257.85320218,588,1,0,0,0,2,6,56 days 09:49:13.873000
Closed,Major,2011-12-13 19:06:51.236000+00:00,Sub-task,pwendell,2010-06-24 21:47:15.833000+00:00,2010-07-28 19:34:04.894000+00:00,0,AVRO,pwendell,10,AVRO-587,,39,1,Fixed,1257.85320651,587,1,1,0,0,3,6,33 days 21:46:49.061000
Closed,Minor,2010-09-08 21:07:56.916000+00:00,Improvement,kkrugler,2010-06-24 16:46:33.080000+00:00,2010-08-12 01:13:26.021000+00:00,0,AVRO,kkrugler,5,AVRO-586,138.0,46,1,Fixed,1257.85321029,586,1,1,0,0,3,6,48 days 08:26:52.941000
Closed,Major,2011-08-12 20:23:46.575000+00:00,New Feature,cutting,2010-06-24 16:08:13.191000+00:00,2011-06-29 22:03:17.738000+00:00,0,AVRO,,3,AVRO-585,178.0,21,6,Duplicate,919.883885579,585,1,1,0,0,3,6,370 days 05:55:04.547000
Closed,Major,2011-12-13 19:06:53.169000+00:00,Sub-task,pwendell,2010-06-23 21:37:25.593000+00:00,2010-06-24 22:05:19.303000+00:00,0,AVRO,pwendell,8,AVRO-584,,33,0,Fixed,1257.85321557,584,1,1,0,0,2,6,1 days 00:27:53.710000
Closed,Minor,2010-09-08 21:07:56.089000+00:00,Bug,spullara,2010-06-22 23:00:45.538000+00:00,2010-08-03 23:04:32.673000+00:00,0,AVRO,cutting,14,AVRO-583,460.0,116,1,Fixed,1257.85321998,583,1,1,1,0,1,6,42 days 00:03:47.135000
Closed,Major,2010-09-08 21:07:55.706000+00:00,Improvement,cutting,2010-06-17 18:46:24.322000+00:00,2010-07-23 18:15:14.339000+00:00,0,AVRO,cutting,5,AVRO-582,327.0,65,1,Fixed,1257.8532244,582,1,1,0,0,3,6,35 days 23:28:50.017000
Closed,Major,2010-09-08 21:07:55.269000+00:00,New Feature,cutting,2010-06-17 17:40:08.011000+00:00,2010-07-21 21:20:51.505000+00:00,1,AVRO,cutting,9,AVRO-581,602.0,73,1,Fixed,1257.85322946,581,1,1,0,0,3,6,34 days 03:40:43.494000
Closed,Major,2010-09-08 21:07:54.911000+00:00,New Feature,cutting,2010-06-17 17:28:55.543000+00:00,2010-07-21 21:16:59.182000+00:00,0,AVRO,cutting,5,AVRO-580,203.0,41,1,Fixed,1257.85323361,580,1,1,0,0,3,6,34 days 03:48:03.639000
Closed,Major,2011-12-13 19:06:49.533000+00:00,Sub-task,pwendell,2010-06-17 03:21:43.091000+00:00,2010-06-24 21:59:06.427000+00:00,0,AVRO,,0,AVRO-579,,55,1,Duplicate,1271.94081215,579,1,1,0,0,3,6,7 days 18:37:23.336000
Closed,Major,2010-09-08 21:07:54.525000+00:00,Sub-task,pwendell,2010-06-15 21:59:41.497000+00:00,2010-06-26 00:05:08.680000+00:00,0,AVRO,pwendell,15,AVRO-578,468.0,35,1,Fixed,1257.85323799,578,1,1,0,0,1,6,10 days 02:05:27.183000
Closed,Major,2010-09-08 21:07:54.102000+00:00,New Feature,tomwhite,2010-06-14 20:39:53.687000+00:00,2010-06-15 21:51:15.237000+00:00,0,AVRO,tomwhite,4,AVRO-577,295.0,37,1,Fixed,1257.85324298,577,1,1,0,0,0,6,1 days 01:11:21.550000
Resolved,Major,2013-01-21 11:03:14.570000+00:00,Bug,tomwhite,2010-06-14 04:32:54.901000+00:00,2013-01-21 11:03:14.550000+00:00,0,AVRO,,4,AVRO-575,114.0,90,5,Not A Problem,392.273145003,575,1,1,0,0,0,6,952 days 06:30:19.649000
Closed,Major,2010-08-25 19:01:47.684000+00:00,Bug,tomwhite,2010-06-14 04:08:32.601000+00:00,2010-06-14 16:18:09.289000+00:00,0,AVRO,,1,AVRO-574,143.0,43,0,Duplicate,1271.94081705,574,1,1,0,0,0,6,0 days 12:09:36.688000
Closed,Major,2010-09-08 21:07:53.723000+00:00,Bug,hammer,2010-06-11 05:16:11.765000+00:00,2010-07-28 19:46:09.334000+00:00,0,AVRO,cutting,14,AVRO-573,75.0,87,2,Fixed,1257.85324736,573,2,1,0,0,4,6,47 days 14:29:57.569000
Closed,Major,2010-09-08 21:07:53.417000+00:00,Bug,hammer,2010-06-09 22:36:21.101000+00:00,2010-06-09 23:18:40.812000+00:00,0,AVRO,hammer,1,AVRO-571,,76,1,Fixed,1257.85325091,571,1,0,0,0,2,6,0 days 00:42:19.711000
Closed,Major,2010-09-08 21:07:52.998000+00:00,New Feature,cutting,2010-06-07 22:08:55.172000+00:00,2010-06-18 19:06:59.111000+00:00,0,AVRO,pwendell,12,AVRO-567,105.0,41,3,Fixed,1257.85325576,567,1,1,0,0,0,6,10 days 20:58:03.939000
Closed,Major,2010-09-08 21:07:52.674000+00:00,Wish,hammer,2010-06-07 02:47:02.485000+00:00,2010-06-07 17:57:18.665000+00:00,0,AVRO,cutting,5,AVRO-566,430.0,69,1,Fixed,1257.85325951,566,1,1,0,0,0,6,0 days 15:10:16.180000
Closed,Major,2012-09-25 21:22:59.748000+00:00,Bug,hammer,2010-06-06 03:01:43.222000+00:00,2012-04-16 21:16:07.871000+00:00,1,AVRO,,13,AVRO-565,82.0,33,3,Invalid,509.842760956,565,1,0,0,0,6,6,680 days 18:14:24.649000
Closed,Major,2010-06-14 01:37:08.947000+00:00,Bug,jmhodges,2010-06-04 05:51:29.900000+00:00,2010-06-04 06:42:09.284000+00:00,0,AVRO,jmhodges,4,AVRO-562,106.0,39,0,Fixed,1344.66626562,562,1,0,1,0,4,6,0 days 00:50:39.384000
Closed,Major,2010-06-14 01:37:08.625000+00:00,Improvement,hammer,2010-06-03 18:01:36.994000+00:00,2010-06-04 00:27:53.436000+00:00,0,AVRO,hammer,4,AVRO-560,,58,0,Fixed,1344.66626934,560,1,0,0,0,3,6,0 days 06:26:16.442000
Closed,Major,2010-06-14 01:37:08.345000+00:00,Improvement,hammer,2010-06-03 11:26:16.404000+00:00,2010-06-04 00:59:07.846000+00:00,0,AVRO,,3,AVRO-559,104.0,111,1,Fixed,1344.66627259,559,1,0,0,0,3,6,0 days 13:32:51.442000
Closed,Major,2010-08-25 19:01:47.331000+00:00,Bug,hammer,2010-06-03 11:11:24.690000+00:00,2010-06-03 17:53:47.195000+00:00,0,AVRO,,3,AVRO-558,260.0,93,1,Won't Fix,1271.9408212,558,1,1,0,0,3,6,0 days 06:42:22.505000
Closed,Major,2010-09-08 21:07:52.168000+00:00,Improvement,kevinoliver,2010-06-02 20:12:22.189000+00:00,2010-08-10 22:20:31.235000+00:00,0,AVRO,cutting,21,AVRO-557,252.0,31,3,Fixed,1257.85326539,557,1,1,1,1,2,6,69 days 02:08:09.046000
Closed,Major,2010-06-14 01:37:07.871000+00:00,Improvement,wrightd,2010-05-31 20:12:44.229000+00:00,2010-06-06 02:16:10.226000+00:00,0,AVRO,,3,AVRO-556,845.0,61,1,Fixed,1344.66627808,556,1,0,1,0,0,5,5 days 06:03:25.997000
Closed,Major,2010-06-14 01:37:07.508000+00:00,Bug,jmhodges,2010-05-30 04:51:59.425000+00:00,2010-05-30 04:59:28.285000+00:00,0,AVRO,jmhodges,1,AVRO-555,357.0,22,0,Fixed,1344.66628229,555,1,0,1,0,6,5,0 days 00:07:28.860000
Closed,Major,2010-06-14 01:37:07.054000+00:00,Bug,grantr,2010-05-27 17:56:52.504000+00:00,2010-06-01 03:40:25.281000+00:00,0,AVRO,grantr,12,AVRO-554,140.0,57,1,Fixed,1344.66628743,554,1,0,2,0,3,5,4 days 09:43:32.777000
Closed,Major,2012-09-25 21:24:32.030000+00:00,Sub-task,brucem,2010-05-25 08:37:42.033000+00:00,2012-04-28 19:44:26.620000+00:00,0,AVRO,brucem,3,AVRO-552,,25,0,Fixed,509.841692966,552,1,0,0,0,1,5,704 days 11:06:44.587000
Closed,Major,2013-05-02 02:29:32.908000+00:00,Improvement,brucem,2010-05-25 02:33:23.263000+00:00,2012-04-28 19:41:42.390000+00:00,0,AVRO,,9,AVRO-551,68.0,32,0,Fixed,615.899288535,551,1,0,2,0,1,5,704 days 17:08:19.127000
Closed,Major,2013-05-02 02:29:32.911000+00:00,Improvement,brucem,2010-05-25 02:04:10.041000+00:00,2011-01-11 18:34:22.659000+00:00,0,AVRO,,1,AVRO-550,372.0,27,0,Won't Fix,1073.70824608,550,1,0,0,0,1,5,231 days 16:30:12.618000
Closed,Major,2011-03-12 00:32:53.951000+00:00,New Feature,brucem,2010-05-23 09:04:12.822000+00:00,2011-01-11 15:06:59.160000+00:00,0,AVRO,dcreager,4,AVRO-549,89.0,54,1,Fixed,1073.7108837,549,1,0,0,0,6,5,233 days 06:02:46.338000
Closed,Major,2010-06-14 01:37:06.567000+00:00,Bug,hammer,2010-05-22 01:46:18.933000+00:00,2010-05-24 10:16:22.376000+00:00,0,AVRO,hammer,6,AVRO-548,612.0,67,1,Fixed,1344.66629319,548,1,0,0,0,5,5,2 days 08:30:03.443000
Closed,Blocker,2011-03-12 00:32:54.497000+00:00,Sub-task,owen.omalley,2010-05-18 23:12:28.636000+00:00,2010-12-16 00:40:55.671000+00:00,1,AVRO,scott_carey,12,AVRO-545,100.0,39,2,Duplicate,1073.71087739,545,1,1,1,0,1,5,211 days 01:28:27.035000
Closed,Major,2010-09-08 21:07:51.649000+00:00,New Feature,hammer,2010-05-18 02:32:18.470000+00:00,2010-07-19 22:11:00.285000+00:00,0,AVRO,hammer,21,AVRO-544,152.0,70,1,Fixed,1257.85327142,544,1,1,0,0,1,5,62 days 19:38:41.815000
Closed,Major,2010-06-14 01:37:06.249000+00:00,Improvement,jmhodges,2010-05-15 04:10:13.214000+00:00,2010-05-19 22:31:00.042000+00:00,0,AVRO,jmhodges,3,AVRO-543,74.0,37,0,Fixed,1344.66629687,543,1,0,1,0,5,5,4 days 18:20:46.828000
Closed,Major,2010-08-25 19:01:46.625000+00:00,Bug,dbritsch,2010-05-14 18:39:41.663000+00:00,2010-05-14 19:04:11.849000+00:00,0,AVRO,,2,AVRO-542,431.0,19,1,Duplicate,1271.94082939,542,1,1,1,0,4,5,0 days 00:24:30.186000
Closed,Critical,2010-09-08 21:07:51.281000+00:00,Bug,cutting,2010-05-13 22:42:19.961000+00:00,2010-08-24 21:24:10.273000+00:00,0,AVRO,scott_carey,11,AVRO-541,726.0,40,1,Fixed,1257.85327556,541,1,1,0,0,3,5,102 days 22:41:50.312000
Closed,Minor,2010-09-08 21:07:47.924000+00:00,New Feature,urandom,2010-05-13 21:01:47.597000+00:00,2010-05-13 21:56:53.039000+00:00,0,AVRO,urandom,3,AVRO-540,568.0,28,0,Fixed,1257.85331454,540,1,1,1,0,3,5,0 days 00:55:05.442000
Closed,Major,2011-12-13 19:06:45.694000+00:00,New Feature,hammer,2010-05-11 17:17:21.030000+00:00,2011-06-16 09:35:35.971000+00:00,2,AVRO,jbaldassari,32,AVRO-539,,91,4,Fixed,919.884767534,539,1,1,0,0,1,5,400 days 16:18:14.941000
Closed,Major,2011-12-16 17:45:27.345000+00:00,Bug,jmhodges,2010-05-05 07:04:02.591000+00:00,2010-10-08 21:06:38.265000+00:00,0,AVRO,gabortorok,5,AVRO-537,104.0,53,2,Fixed,1221.93732244,537,1,0,1,0,2,5,156 days 14:02:35.674000
Closed,Major,2010-08-25 19:01:46.071000+00:00,Bug,wanliyang,2010-04-30 21:54:53.527000+00:00,2010-05-05 05:46:32.139000+00:00,0,AVRO,jmhodges,2,AVRO-535,1622.0,21,0,Invalid,1271.9408357,535,1,0,1,0,4,4,4 days 07:51:38.612000
Closed,Trivial,2010-09-08 21:07:47.489000+00:00,New Feature,qwertymaniac,2010-04-30 12:31:01.686000+00:00,2010-08-23 19:19:55.184000+00:00,0,AVRO,qwertymaniac,10,AVRO-534,1008.0,79,2,Fixed,1257.85331925,534,1,1,1,1,4,4,115 days 06:48:53.498000
Closed,Major,2011-05-17 12:35:27.560000+00:00,New Feature,hammer,2010-04-29 07:36:12.732000+00:00,2011-03-31 21:22:56.214000+00:00,9,AVRO,dona,58,AVRO-533,,27,13,Fixed,1017.93233503,533,1,0,1,0,3,4,336 days 13:46:43.482000
Closed,Major,2010-09-08 21:14:57.348000+00:00,Bug,wanliyang,2010-04-28 00:06:01.180000+00:00,2010-04-28 07:39:06.989000+00:00,0,AVRO,,3,AVRO-529,1983.0,37,0,Won't Fix,1257.8483443,529,1,0,1,0,2,4,0 days 07:33:05.809000
Closed,Major,2010-12-29 09:00:53.476000+00:00,New Feature,esteve,2010-04-25 16:30:08.285000+00:00,2010-08-26 21:17:31.663000+00:00,7,AVRO,esteve,13,AVRO-528,213.0,23,2,Fixed,1257.85332367,528,1,0,0,0,6,4,123 days 04:47:23.378000
Closed,Minor,2010-08-30 10:39:43.868000+00:00,Bug,esteve,2010-04-25 12:30:11.093000+00:00,2010-05-07 08:04:01.203000+00:00,0,AVRO,esteve,3,AVRO-527,141.0,31,1,Fixed,1344.66630403,527,1,0,0,0,6,4,11 days 19:33:50.110000
Closed,Minor,2010-08-30 10:39:50.154000+00:00,Improvement,esteve,2010-04-25 12:24:40.509000+00:00,2010-05-07 07:54:15.943000+00:00,0,AVRO,esteve,4,AVRO-526,170.0,63,1,Fixed,1344.66631055,526,1,0,0,0,6,4,11 days 19:29:35.434000
Closed,Minor,2010-08-30 10:39:54.955000+00:00,Improvement,esteve,2010-04-25 12:19:33.887000+00:00,2010-05-07 07:37:17.080000+00:00,0,AVRO,esteve,3,AVRO-525,73.0,21,1,Fixed,1344.66631556,525,1,0,0,0,6,4,11 days 19:17:43.193000
Closed,Major,2010-06-14 01:37:04.210000+00:00,Bug,thiru_mg,2010-04-24 02:33:29.104000+00:00,2010-04-27 08:05:11.396000+00:00,0,AVRO,thiru_mg,4,AVRO-524,682.0,72,0,Fixed,1344.6663204,524,1,1,0,0,5,4,3 days 05:31:42.292000
Closed,Major,2010-09-08 21:07:46.808000+00:00,Bug,thiru_mg,2010-04-19 11:16:24.708000+00:00,2010-04-23 14:04:50.155000+00:00,0,AVRO,thiru_mg,3,AVRO-521,107.0,61,0,Fixed,1257.85332738,521,1,1,1,0,0,4,4 days 02:48:25.447000
Closed,Major,2010-05-11 14:54:51.330000+00:00,Improvement,sbanacho,2010-04-17 23:05:08.369000+00:00,2010-04-18 17:19:53.931000+00:00,0,AVRO,,1,AVRO-520,680.0,24,0,Fixed,1378.11230291,520,1,0,0,0,5,4,0 days 18:14:45.562000
Closed,Major,2010-09-08 21:10:11.405000+00:00,Bug,jplevyak,2010-04-15 17:10:46.202000+00:00,2010-04-17 16:34:35.197000+00:00,0,AVRO,jplevyak,2,AVRO-518,301.0,78,0,Fixed,1257.85333187,518,1,0,0,0,3,4,1 days 23:23:48.995000
Closed,Critical,2010-06-14 01:37:03.613000+00:00,Bug,scott_carey,2010-04-15 17:06:08.911000+00:00,2010-04-19 11:12:37.851000+00:00,0,AVRO,thiru_mg,5,AVRO-517,174.0,37,1,Fixed,1344.6663274,517,1,1,1,0,3,4,3 days 18:06:28.940000
Closed,Major,2010-06-14 01:37:03.289000+00:00,Bug,jmhodges,2010-04-11 23:12:33.089000+00:00,2010-04-12 10:29:31.797000+00:00,0,AVRO,jmhodges,2,AVRO-516,165.0,61,0,Fixed,1344.66633118,516,1,0,0,0,6,4,0 days 11:16:58.708000
Closed,Major,2010-09-08 21:10:34.580000+00:00,Bug,sbanacho,2010-04-11 17:00:43.206000+00:00,2010-04-11 17:41:10.998000+00:00,0,AVRO,sbanacho,2,AVRO-515,305.0,36,0,Fixed,1257.85333613,515,1,0,0,0,6,4,0 days 00:40:27.792000
Closed,Major,2010-06-14 01:37:02.973000+00:00,Improvement,jmhodges,2010-04-09 00:22:56.356000+00:00,2010-04-12 09:17:10.741000+00:00,0,AVRO,jmhodges,2,AVRO-514,45.0,55,0,Fixed,1344.66633483,514,1,0,0,0,4,4,3 days 08:54:14.385000
Closed,Major,2010-09-08 21:07:45.691000+00:00,Improvement,cutting,2010-04-08 23:24:18.168000+00:00,2010-07-22 18:26:55.010000+00:00,0,AVRO,cutting,14,AVRO-513,291.0,69,2,Duplicate,1257.85334042,513,1,1,0,0,3,4,104 days 19:02:36.842000
Closed,Major,2011-06-29 22:05:19.168000+00:00,New Feature,cutting,2010-04-06 18:23:19.436000+00:00,2010-06-15 18:22:12.366000+00:00,0,AVRO,cutting,10,AVRO-512,342.0,49,8,Fixed,1257.85334455,512,1,1,0,0,1,4,69 days 23:58:52.930000
Closed,Major,2010-06-14 01:37:02.590000+00:00,Improvement,jmhodges,2010-04-06 09:17:58.906000+00:00,2010-04-27 18:19:06.525000+00:00,0,AVRO,jmhodges,4,AVRO-511,59.0,43,1,Fixed,1344.66633928,511,2,0,1,0,1,4,21 days 09:01:07.619000
Closed,Major,2010-09-08 21:07:44.901000+00:00,Bug,neopallium,2010-04-06 01:39:24.198000+00:00,2010-08-25 21:40:11.286000+00:00,0,AVRO,neopallium,4,AVRO-510,143.0,41,1,Fixed,1257.85334957,510,1,0,1,0,1,4,141 days 20:00:47.088000
Closed,Major,2010-09-08 21:12:45.018000+00:00,Improvement,sbanacho,2010-04-05 17:28:26.761000+00:00,2010-04-08 16:48:33.758000+00:00,0,AVRO,sbanacho,2,AVRO-508,903.0,61,0,Fixed,1257.85335278,508,1,0,0,0,0,4,2 days 23:20:06.997000
Closed,Critical,2010-08-25 19:01:45.482000+00:00,Bug,jmhodges,2010-04-05 06:25:54.915000+00:00,2010-04-06 21:58:43.144000+00:00,0,AVRO,,5,AVRO-505,100.0,55,0,Invalid,1271.94084232,505,1,1,1,0,0,4,1 days 15:32:48.229000
Closed,Major,2010-06-14 01:37:02.271000+00:00,Improvement,jmhodges,2010-04-05 05:51:03.903000+00:00,2010-04-07 04:54:39.537000+00:00,0,AVRO,jmhodges,1,AVRO-504,75.0,61,0,Fixed,1344.66634298,504,1,0,1,0,0,4,1 days 23:03:35.634000
Closed,Major,2010-09-08 21:07:44.248000+00:00,Bug,neopallium,2010-04-04 02:38:59.883000+00:00,2010-04-04 15:22:11.587000+00:00,0,AVRO,neopallium,10,AVRO-502,150.0,37,1,Fixed,1257.85335715,502,1,0,1,0,6,4,0 days 12:43:11.704000
Closed,Major,2010-09-08 21:07:43.829000+00:00,Bug,neopallium,2010-04-03 13:45:43.028000+00:00,2010-08-25 19:24:00.389000+00:00,0,AVRO,neopallium,5,AVRO-501,72.0,75,0,Fixed,1257.85336186,501,1,0,1,0,5,4,144 days 05:38:17.361000
Closed,Major,2010-06-14 01:37:01.998000+00:00,Bug,jmhodges,2010-04-03 01:09:12.124000+00:00,2010-04-06 05:56:18.279000+00:00,0,AVRO,jmhodges,3,AVRO-500,154.0,23,0,Fixed,1344.66634615,500,1,0,1,0,5,4,3 days 04:47:06.155000
Closed,Major,2011-08-30 19:22:18.575000+00:00,Bug,cutting,2010-04-02 21:40:10.455000+00:00,2010-05-13 22:27:07.603000+00:00,0,AVRO,cutting,6,AVRO-499,315.0,66,2,Fixed,1344.66635058,499,1,1,1,0,4,4,41 days 00:46:57.148000
Closed,Major,2010-09-08 21:14:56.894000+00:00,Improvement,sbanacho,2010-04-02 18:23:41.965000+00:00,2010-08-24 21:16:28.597000+00:00,0,AVRO,,5,AVRO-498,595.0,39,0,Duplicate,1257.84834967,498,1,0,0,0,4,4,144 days 02:52:46.632000
Closed,Major,2010-09-08 21:12:45.615000+00:00,Improvement,sbanacho,2010-04-02 17:15:26.044000+00:00,2010-04-05 17:10:57.851000+00:00,0,AVRO,sbanacho,1,AVRO-497,504.0,30,0,Fixed,1257.85336538,497,1,0,0,0,4,4,2 days 23:55:31.807000
Closed,Major,2010-06-14 01:37:01.244000+00:00,Bug,jmhodges,2010-04-02 04:51:09.894000+00:00,2010-04-05 01:00:49.675000+00:00,0,AVRO,hammer,4,AVRO-496,465.0,38,1,Fixed,1344.66635476,496,1,0,0,0,4,4,2 days 20:09:39.781000
Closed,Major,2010-10-05 05:26:34.894000+00:00,Improvement,urandom,2010-04-02 01:14:47.532000+00:00,2010-08-18 21:25:42.856000+00:00,0,AVRO,cutting,10,AVRO-495,45.0,32,4,Fixed,1257.85336971,495,1,1,1,0,4,4,138 days 20:10:55.324000
Closed,Minor,2010-09-08 21:07:42.704000+00:00,Improvement,urandom,2010-04-02 01:12:41.633000+00:00,2010-07-01 20:35:48.801000+00:00,0,AVRO,cutting,11,AVRO-494,80.0,42,4,Fixed,1257.85337502,494,1,1,1,0,4,4,90 days 19:23:07.168000
Closed,Major,2010-09-11 01:44:05.704000+00:00,New Feature,cutting,2010-03-30 21:43:51.837000+00:00,2010-04-01 18:46:09.694000+00:00,0,AVRO,cutting,12,AVRO-493,76.0,38,9,Fixed,1257.85338877,493,1,1,0,0,1,3,1 days 21:02:17.857000
Closed,Minor,2010-06-14 01:37:00.957000+00:00,Improvement,jmhodges,2010-03-26 20:51:26.945000+00:00,2010-04-03 02:26:40.597000+00:00,0,AVRO,jmhodges,2,AVRO-491,131.0,52,1,Fixed,1344.66635821,491,1,0,1,0,4,3,7 days 05:35:13.652000
Closed,Major,2010-04-01 16:50:45.852000+00:00,Improvement,cutting,2010-03-24 23:52:28.901000+00:00,2010-03-25 18:46:24.199000+00:00,0,AVRO,cutting,3,AVRO-490,77.0,38,1,Fixed,1418.03181086,490,2,1,0,0,2,3,0 days 18:53:55.298000
Closed,Major,2010-09-08 21:07:41.188000+00:00,Bug,jmhodges,2010-03-24 08:56:51.299000+00:00,2010-04-03 02:22:15.755000+00:00,0,AVRO,jmhodges,3,AVRO-489,89.0,47,1,Fixed,1257.85339249,489,1,0,1,0,2,3,9 days 17:25:24.456000
Closed,Major,2010-04-01 16:50:45.639000+00:00,Bug,cutting,2010-03-22 23:58:48.492000+00:00,2010-03-24 19:50:25.879000+00:00,0,AVRO,cutting,3,AVRO-487,81.0,44,1,Fixed,1418.03181334,487,1,1,1,0,0,3,1 days 19:51:37.387000
Closed,Minor,2010-06-14 01:37:00.540000+00:00,Improvement,jmhodges,2010-03-21 01:44:31.860000+00:00,2010-04-03 02:17:03.652000+00:00,0,AVRO,jmhodges,3,AVRO-486,147.0,29,1,Fixed,1344.66636303,486,1,0,1,0,6,3,13 days 00:32:31.792000
Closed,Major,2012-12-10 17:57:35.635000+00:00,Wish,brucem,2010-03-20 05:56:36.206000+00:00,2012-10-08 23:26:45.806000+00:00,1,AVRO,sqs,15,AVRO-485,335.0,28,10,Fixed,433.985401332,485,0,0,0,0,5,3,933 days 17:30:09.600000
Closed,Major,2010-03-22 23:22:19.114000+00:00,Bug,sandys,2010-03-19 12:18:39.950000+00:00,2010-03-19 20:56:15.762000+00:00,0,AVRO,,2,AVRO-483,6299.0,64,0,Duplicate,1427.75989786,483,1,0,1,0,4,3,0 days 08:37:35.812000
Closed,Major,2010-04-01 16:50:45.580000+00:00,Improvement,brucem,2010-03-18 16:20:18.021000+00:00,2010-03-18 16:54:30.758000+00:00,0,AVRO,brucem,1,AVRO-481,26.0,22,0,Fixed,1418.031814,481,1,0,0,0,3,3,0 days 00:34:12.737000
Closed,Major,2010-04-01 16:50:45.520000+00:00,Bug,brucem,2010-03-17 22:09:12.339000+00:00,2010-03-17 23:21:52.918000+00:00,0,AVRO,brucem,1,AVRO-480,144.0,50,0,Fixed,1418.03181473,480,1,0,0,0,2,3,0 days 01:12:40.579000
Closed,Major,2010-04-01 16:50:45.425000+00:00,Bug,cutting,2010-03-17 21:33:10.909000+00:00,2010-03-17 22:32:24.532000+00:00,0,AVRO,cutting,1,AVRO-479,158.0,42,0,Fixed,1418.03181565,479,1,0,1,0,2,3,0 days 00:59:13.623000
Closed,Major,2011-03-12 00:36:42.014000+00:00,Wish,plaes,2010-03-17 11:34:43.828000+00:00,2010-12-16 01:14:54.005000+00:00,0,AVRO,,5,AVRO-478,72.0,26,0,Not A Problem,1073.70824419,478,1,0,0,0,2,3,273 days 13:40:10.177000
Closed,Major,2010-03-22 23:22:19.041000+00:00,Wish,brucem,2010-03-16 08:38:24.259000+00:00,2010-03-18 17:12:53.247000+00:00,0,AVRO,massie,6,AVRO-477,191.0,9,1,Fixed,1427.75989883,477,2,0,0,0,1,3,2 days 08:34:28.988000
Closed,Major,2011-11-01 18:36:01.372000+00:00,Sub-task,brucem,2010-03-16 08:11:37.699000+00:00,2011-10-15 14:11:21.422000+00:00,0,AVRO,dcreager,2,AVRO-475,222.0,33,0,Won't Fix,838.958714588,475,1,0,0,1,1,3,578 days 05:59:43.723000
Closed,Major,2011-11-01 18:35:56.532000+00:00,Sub-task,brucem,2010-03-16 08:10:16.822000+00:00,2011-10-15 14:08:59.080000+00:00,0,AVRO,dcreager,2,AVRO-474,112.0,22,0,Fixed,838.958770376,474,1,0,0,1,1,3,578 days 05:58:42.258000
Closed,Major,2011-11-01 18:36:03.819000+00:00,Sub-task,brucem,2010-03-16 08:07:25.294000+00:00,2011-10-15 14:09:40.121000+00:00,0,AVRO,dcreager,3,AVRO-473,54.0,47,0,Won't Fix,838.958686269,473,1,0,0,1,1,3,578 days 06:02:14.827000
Closed,Major,2011-11-01 18:36:09.371000+00:00,Sub-task,brucem,2010-03-16 08:05:50.449000+00:00,2011-10-15 14:12:32.080000+00:00,0,AVRO,dcreager,2,AVRO-472,89.0,33,0,Won't Fix,838.958622011,472,1,0,0,1,1,3,578 days 06:06:41.631000
Closed,Major,2011-11-01 18:36:00.258000+00:00,Sub-task,brucem,2010-03-16 08:04:59.241000+00:00,2011-10-15 14:12:46.047000+00:00,0,AVRO,dcreager,2,AVRO-471,,28,0,Won't Fix,838.958727499,471,1,0,0,1,1,3,578 days 06:07:46.806000
Closed,Major,2011-08-12 20:22:30.716000+00:00,Sub-task,brucem,2010-03-16 08:04:13.624000+00:00,2011-05-31 14:42:42.571000+00:00,0,AVRO,dcreager,2,AVRO-470,104.0,37,0,Fixed,919.884762165,470,1,0,0,1,1,3,441 days 06:38:28.947000
Closed,Major,2011-08-12 20:22:30.993000+00:00,Sub-task,brucem,2010-03-16 08:02:27.779000+00:00,2011-05-31 15:01:31.517000+00:00,0,AVRO,dcreager,2,AVRO-469,81.0,55,0,Fixed,919.88476065,469,1,0,0,1,1,3,441 days 06:59:03.738000
Closed,Major,2011-11-01 18:36:09.171000+00:00,Sub-task,brucem,2010-03-16 07:59:09.804000+00:00,2011-10-15 14:33:00.003000+00:00,0,AVRO,dcreager,1,AVRO-468,149.0,47,0,Fixed,838.958624332,468,1,0,0,1,1,3,578 days 06:33:50.199000
Closed,Major,2011-11-01 18:36:08.997000+00:00,Improvement,brucem,2010-03-16 07:57:37.410000+00:00,2011-10-24 15:02:14.486000+00:00,0,AVRO,dcreager,8,AVRO-467,105.0,68,0,Fixed,838.95862636,467,1,0,1,1,1,3,587 days 07:04:37.076000
Closed,Major,2010-09-08 21:07:40.759000+00:00,Bug,jmhodges,2010-03-15 16:16:02.004000+00:00,2010-04-04 15:26:13.663000+00:00,0,AVRO,,8,AVRO-465,879.0,68,2,Fixed,1257.85339746,465,1,0,1,0,0,3,19 days 23:10:11.659000
Closed,Major,2011-08-12 20:22:31.365000+00:00,Improvement,brucem,2010-03-15 05:08:00.145000+00:00,2011-07-14 23:43:10.285000+00:00,0,AVRO,dcreager,6,AVRO-464,129.0,63,1,Won't Fix,919.884756365,464,1,0,0,0,0,3,486 days 18:35:10.140000
Closed,Blocker,2011-03-12 00:32:49.929000+00:00,Improvement,jmhodges,2010-03-14 05:38:52.992000+00:00,2011-02-25 16:08:49.337000+00:00,0,AVRO,dcreager,2,AVRO-463,346.0,48,1,Fixed,1073.71093038,463,1,0,1,0,6,3,348 days 10:29:56.345000
Closed,Major,2010-06-14 01:36:57.288000+00:00,Bug,jmhodges,2010-03-14 02:05:35.379000+00:00,2010-04-03 02:14:39.385000+00:00,0,AVRO,jmhodges,6,AVRO-461,160.0,32,1,Fixed,1344.66640049,461,1,0,1,0,6,3,20 days 00:09:04.006000
Closed,Major,2010-03-22 23:19:16.830000+00:00,Improvement,brucem,2010-03-12 17:28:05.422000+00:00,2010-03-12 18:07:57.977000+00:00,0,AVRO,brucem,2,AVRO-460,113.0,39,0,Fixed,1427.76200793,460,1,0,1,0,4,3,0 days 00:39:52.555000
Closed,Major,2012-02-15 00:49:22.510000+00:00,New Feature,cutting,2010-03-10 19:21:10.431000+00:00,2012-01-24 16:07:07.864000+00:00,0,AVRO,,6,AVRO-458,113.0,61,5,Duplicate,733.699442022,458,1,1,0,1,2,3,684 days 20:45:57.433000
Closed,Major,2012-02-15 00:49:23.880000+00:00,New Feature,cutting,2010-03-10 19:10:51.920000+00:00,2012-01-24 16:08:03.071000+00:00,0,AVRO,pwendell,2,AVRO-456,116.0,62,6,Duplicate,733.699426215,456,1,1,0,1,2,3,684 days 20:57:11.151000
Closed,Minor,2010-03-22 23:19:16.787000+00:00,Improvement,dmdabbs,2010-03-08 17:03:38.720000+00:00,2010-03-08 23:10:33.791000+00:00,0,AVRO,dmdabbs,3,AVRO-455,109.0,38,1,Fixed,1427.76200831,455,1,1,1,0,0,3,0 days 06:06:55.071000
Closed,Minor,2010-03-22 23:19:16.733000+00:00,Improvement,ijuma,2010-03-06 13:23:31.183000+00:00,2010-03-12 21:14:00.696000+00:00,0,AVRO,cutting,1,AVRO-454,70.0,61,2,Fixed,1427.76200907,454,1,1,1,0,5,3,6 days 07:50:29.513000
Closed,Major,2010-03-22 23:19:16.704000+00:00,Improvement,brucem,2010-03-05 16:29:13.557000+00:00,2010-03-05 19:50:54.215000+00:00,0,AVRO,brucem,1,AVRO-453,141.0,20,0,Fixed,1427.7620094,453,1,0,0,0,4,3,0 days 03:21:40.658000
Closed,Major,2010-03-22 23:19:16.674000+00:00,Improvement,brucem,2010-03-05 16:26:32.770000+00:00,2010-03-05 19:39:09.387000+00:00,0,AVRO,brucem,1,AVRO-452,229.0,15,0,Fixed,1427.76200974,452,1,0,1,0,4,3,0 days 03:12:36.617000
Closed,Major,2010-06-30 10:24:29.532000+00:00,Improvement,hammer,2010-03-04 20:34:09.579000+00:00,2010-03-19 08:47:03.196000+00:00,0,AVRO,hammer,2,AVRO-451,288.0,84,0,Fixed,1418.03182047,451,1,0,1,0,3,3,14 days 12:12:53.617000
Closed,Blocker,2010-06-14 01:36:56.371000+00:00,Bug,phunt,2010-03-04 07:40:26.957000+00:00,2010-04-06 05:52:44.846000+00:00,0,AVRO,jmhodges,10,AVRO-450,1712.0,72,1,Fixed,1344.66641127,450,2,0,1,0,3,3,32 days 22:12:17.889000
Closed,Major,2010-04-01 16:50:44.930000+00:00,New Feature,brucem,2010-03-04 05:39:15.435000+00:00,2010-03-15 22:06:08.066000+00:00,0,AVRO,brucem,8,AVRO-449,325.0,35,1,Fixed,1418.0318214,449,1,0,1,1,3,3,11 days 16:26:52.631000
Closed,Major,2010-03-22 23:19:16.616000+00:00,Bug,brucem,2010-03-03 07:21:59.002000+00:00,2010-03-04 02:41:21.005000+00:00,0,AVRO,brucem,4,AVRO-448,26.0,55,0,Fixed,1427.76201042,448,1,0,1,0,2,3,0 days 19:19:22.003000
Closed,Blocker,2010-09-08 21:07:40.304000+00:00,Bug,cutting,2010-03-03 01:07:20.670000+00:00,2010-06-10 22:36:18.038000+00:00,0,AVRO,cutting,10,AVRO-447,679.0,30,1,Fixed,1257.85340275,447,1,0,1,0,2,3,99 days 21:28:57.368000
Closed,Major,2010-03-22 23:19:16.589000+00:00,Improvement,cutting,2010-03-03 00:59:50.222000+00:00,2010-03-12 20:55:48.751000+00:00,0,AVRO,cutting,1,AVRO-446,329.0,64,1,Fixed,1427.76201074,446,1,0,1,0,2,3,9 days 19:55:58.529000
Closed,Major,2010-03-22 23:19:16.547000+00:00,New Feature,brucem,2010-03-02 18:00:43.590000+00:00,2010-03-04 02:17:01.180000+00:00,0,AVRO,brucem,3,AVRO-445,613.0,80,0,Fixed,1427.76201122,445,1,0,1,0,1,3,1 days 08:16:17.590000
Closed,Major,2010-03-22 23:19:16.492000+00:00,Improvement,brucem,2010-03-02 15:01:41.085000+00:00,2010-03-04 03:06:31.491000+00:00,0,AVRO,brucem,2,AVRO-444,,12,1,Fixed,1427.76201187,444,1,0,0,0,1,3,1 days 12:04:50.406000
Closed,Major,2010-03-22 23:19:16.460000+00:00,Sub-task,brucem,2010-03-02 11:06:52.997000+00:00,2010-03-04 02:38:45.104000+00:00,0,AVRO,brucem,3,AVRO-443,234.0,67,0,Fixed,1427.76201224,443,1,0,0,0,1,3,1 days 15:31:52.107000
Closed,Major,2010-03-22 23:19:16.407000+00:00,Sub-task,brucem,2010-03-02 11:02:06.235000+00:00,2010-03-04 03:01:29.868000+00:00,0,AVRO,brucem,2,AVRO-442,471.0,55,0,Fixed,1427.76201273,442,1,0,1,0,1,3,1 days 15:59:23.633000
Closed,Major,2012-01-24 16:03:01.315000+00:00,Bug,brucem,2010-03-02 10:58:58.023000+00:00,2012-01-24 16:02:50.115000+00:00,0,AVRO,brucem,5,AVRO-441,207.0,42,1,Fixed,755.064965301,441,1,0,1,0,1,3,693 days 05:03:52.092000
Closed,Major,2010-03-22 23:19:16.348000+00:00,Bug,brucem,2010-03-02 10:35:39.500000+00:00,2010-03-05 19:54:45.485000+00:00,0,AVRO,brucem,4,AVRO-440,514.0,34,0,Fixed,1427.76201353,440,1,0,1,0,1,3,3 days 09:19:05.985000
Closed,Minor,2010-03-22 23:19:16.288000+00:00,Improvement,brucem,2010-03-02 09:46:02.053000+00:00,2010-03-03 02:49:31.078000+00:00,0,AVRO,brucem,6,AVRO-439,129.0,56,0,Fixed,1427.7620139,439,1,0,1,0,1,3,0 days 17:03:29.025000
Closed,Trivial,2010-03-23 14:09:26.658000+00:00,Improvement,amichai,2010-03-02 01:36:44.416000+00:00,2010-03-03 23:13:11.618000+00:00,0,AVRO,amichai,4,AVRO-438,2369.0,48,2,Fixed,1427.76201462,438,1,0,1,0,1,3,1 days 21:36:27.202000
Closed,Trivial,2010-03-22 23:19:15.896000+00:00,Bug,amichai,2010-03-02 00:36:50.737000+00:00,2010-03-03 00:35:08.918000+00:00,0,AVRO,amichai,2,AVRO-437,16.0,22,2,Fixed,1427.76201848,437,2,0,1,0,1,3,0 days 23:58:18.181000
Closed,Major,2010-03-22 23:19:15.868000+00:00,Bug,cutting,2010-02-26 23:52:57.382000+00:00,2010-03-03 23:51:58.456000+00:00,0,AVRO,cutting,3,AVRO-433,80.0,29,0,Fixed,1427.76201911,433,1,1,1,0,4,2,4 days 23:59:01.074000
Closed,Major,2010-03-22 23:19:15.838000+00:00,New Feature,cutting,2010-02-26 00:12:47.943000+00:00,2010-03-03 23:29:17.511000+00:00,0,AVRO,cutting,5,AVRO-432,523.0,51,1,Fixed,1427.76201945,432,1,1,1,0,4,2,5 days 23:16:29.568000
Closed,Major,2010-03-22 23:19:15.777000+00:00,Bug,cutting,2010-02-25 19:49:21.833000+00:00,2010-03-02 19:49:11.777000+00:00,0,AVRO,cutting,2,AVRO-431,118.0,41,0,Fixed,1427.76202015,431,1,1,1,0,3,2,4 days 23:59:49.944000
Closed,Major,2010-03-01 21:47:59.677000+00:00,Improvement,massie,2010-02-23 18:44:13.854000+00:00,2010-02-23 18:48:49.825000+00:00,0,AVRO,massie,2,AVRO-430,242.0,49,0,Fixed,1448.82540095,430,1,0,0,0,1,2,0 days 00:04:35.971000
Closed,Major,2010-03-01 21:47:59.610000+00:00,Improvement,massie,2010-02-22 22:21:36.084000+00:00,2010-02-23 18:25:54.311000+00:00,0,AVRO,massie,4,AVRO-428,,47,1,Fixed,1448.82540172,428,1,0,0,0,0,2,0 days 20:04:18.227000
Closed,Minor,2010-03-22 23:19:15.710000+00:00,Improvement,kingryan,2010-02-22 17:51:28.437000+00:00,2010-02-25 00:56:58.310000+00:00,0,AVRO,kingryan,4,AVRO-426,152.0,33,1,Fixed,1427.76202052,426,1,0,0,0,0,2,2 days 07:05:29.873000
Closed,Major,2011-12-13 19:08:34.333000+00:00,Bug,scott_carey,2010-02-20 00:34:23.240000+00:00,2010-02-25 00:38:23.129000+00:00,0,AVRO,scott_carey,6,AVRO-424,465.0,41,1,Fixed,1427.76202166,424,1,0,1,0,5,2,5 days 00:03:59.889000
Closed,Major,2010-04-01 16:50:44.762000+00:00,Improvement,urandom,2010-02-19 19:56:05.719000+00:00,2010-03-19 09:00:43.919000+00:00,0,AVRO,urandom,10,AVRO-423,91.0,42,1,Fixed,1418.0318225,423,1,0,1,0,4,2,27 days 13:04:38.200000
Closed,Major,2010-03-01 17:09:25.189000+00:00,Bug,sbanacho,2010-02-19 17:57:36.147000+00:00,2010-02-19 19:23:36.858000+00:00,0,AVRO,,2,AVRO-422,558.0,34,0,Fixed,1449.01885568,422,1,0,0,0,4,2,0 days 01:26:00.711000
Closed,Major,2010-03-01 17:09:25.130000+00:00,Bug,cutting,2010-02-19 01:34:32.213000+00:00,2010-02-19 18:39:45.336000+00:00,0,AVRO,cutting,3,AVRO-421,167.0,28,1,Fixed,1449.01885636,421,1,0,0,0,4,2,0 days 17:05:13.123000
Closed,Major,2010-04-01 16:50:44.687000+00:00,Bug,massie,2010-02-17 01:58:08.223000+00:00,2010-03-15 22:38:21.932000+00:00,0,AVRO,brucem,6,AVRO-418,52.0,49,1,Fixed,1418.0318242,418,1,0,0,0,2,2,26 days 20:40:13.709000
Closed,Major,2010-03-01 17:09:25.096000+00:00,Bug,scott_carey,2010-02-16 23:27:33.078000+00:00,2010-02-19 01:56:44.498000+00:00,0,AVRO,scott_carey,2,AVRO-417,352.0,59,0,Fixed,1449.01885677,417,1,1,4,0,1,2,2 days 02:29:11.420000
Closed,Major,2010-03-01 17:09:24.988000+00:00,Bug,ryanobjc,2010-02-15 19:56:28.255000+00:00,2010-02-16 22:02:20.205000+00:00,0,AVRO,ryanobjc,5,AVRO-416,271.0,58,1,Fixed,1449.01885739,416,1,1,1,0,0,2,1 days 02:05:51.950000
Closed,Major,2010-03-01 17:09:24.926000+00:00,Improvement,hammer,2010-02-13 06:10:43.706000+00:00,2010-02-16 21:24:36.923000+00:00,0,AVRO,jmhodges,9,AVRO-415,1670.0,61,1,Fixed,1449.01885873,415,1,0,0,0,5,2,3 days 15:13:53.217000
Closed,Major,2010-03-01 17:09:24.862000+00:00,New Feature,scott_carey,2010-02-12 18:08:58.137000+00:00,2010-02-19 23:17:11.248000+00:00,0,AVRO,scott_carey,8,AVRO-414,286.0,71,1,Fixed,1449.01885936,414,1,1,0,0,4,2,7 days 05:08:13.111000
Closed,Major,2010-03-01 17:09:24.830000+00:00,Bug,jmhodges,2010-02-09 21:30:13.373000+00:00,2010-02-09 22:38:16.098000+00:00,0,AVRO,jmhodges,1,AVRO-413,60.0,46,0,Fixed,1449.01885986,413,1,0,0,0,1,2,0 days 01:08:02.725000
Closed,Major,2010-03-01 17:09:24.653000+00:00,Improvement,massie,2010-02-09 18:32:33.474000+00:00,2010-02-09 20:42:24.178000+00:00,0,AVRO,massie,1,AVRO-412,129.0,38,0,Fixed,1449.01886191,412,1,0,0,0,1,2,0 days 02:09:50.704000
Closed,Major,2010-03-01 17:09:24.616000+00:00,Bug,jmhodges,2010-02-09 02:34:43.746000+00:00,2010-02-09 19:37:46.839000+00:00,0,AVRO,jmhodges,4,AVRO-411,73.0,34,1,Fixed,1449.01886233,411,1,0,0,0,1,2,0 days 17:03:03.093000
Closed,Major,2012-02-10 20:46:22.400000+00:00,Improvement,massie,2010-02-09 02:02:21.850000+00:00,2010-02-09 02:07:08.893000+00:00,0,AVRO,massie,1,AVRO-410,173.0,41,1,Fixed,1449.01886271,410,1,0,0,0,1,2,0 days 00:04:47.043000
Closed,Major,2010-03-01 17:09:24.529000+00:00,Improvement,massie,2010-02-06 03:34:20.045000+00:00,2010-02-06 03:40:36.078000+00:00,0,AVRO,massie,1,AVRO-409,86.0,83,1,Fixed,1449.01886335,409,1,0,0,0,5,2,0 days 00:06:16.033000
Closed,Major,2011-12-13 19:10:04.040000+00:00,Bug,massie,2010-02-06 01:05:55.824000+00:00,2010-02-06 01:08:35.753000+00:00,0,AVRO,massie,2,AVRO-408,42.0,29,0,Fixed,1449.01886371,408,1,0,0,0,5,2,0 days 00:02:39.929000
Closed,Blocker,2010-03-01 17:09:24.461000+00:00,Bug,cutting,2010-02-05 23:16:45.911000+00:00,2010-02-08 23:38:20.061000+00:00,0,AVRO,scott_carey,7,AVRO-407,700.0,28,1,Fixed,1449.01886414,407,1,1,0,0,4,2,3 days 00:21:34.150000
Closed,Major,2012-07-02 00:11:49.393000+00:00,New Feature,tlipcon,2010-02-05 22:45:53.288000+00:00,2010-07-01 21:26:55.139000+00:00,1,AVRO,coolwhy,28,AVRO-405,617.0,27,12,Fixed,1257.85340785,405,1,1,0,0,4,2,145 days 22:41:01.851000
Closed,Major,2010-03-01 17:09:24.380000+00:00,Improvement,massie,2010-02-05 21:04:29.478000+00:00,2010-02-06 00:57:11.171000+00:00,0,AVRO,massie,1,AVRO-403,144.0,53,1,Fixed,1449.01886477,403,1,0,0,0,4,2,0 days 03:52:41.693000
Closed,Major,2010-03-01 17:09:24.349000+00:00,New Feature,massie,2010-02-04 21:35:57.101000+00:00,2010-02-04 21:42:52.648000+00:00,0,AVRO,massie,1,AVRO-402,134.0,66,0,Fixed,1449.01886543,402,1,0,0,0,3,2,0 days 00:06:55.547000
Closed,Major,2010-03-01 17:09:24.294000+00:00,Bug,tomwhite,2010-02-04 18:19:00.665000+00:00,2010-02-04 20:47:44.134000+00:00,0,AVRO,tomwhite,2,AVRO-401,89.0,86,1,Fixed,1449.01886587,401,1,0,1,0,3,2,0 days 02:28:43.469000
Closed,Minor,2010-03-01 17:09:23.759000+00:00,Improvement,eli,2010-02-04 09:53:40.586000+00:00,2010-02-06 01:16:04.186000+00:00,0,AVRO,eli,2,AVRO-400,161.0,36,1,Fixed,1449.01887226,400,1,0,0,0,3,2,1 days 15:22:23.600000
Closed,Major,2010-03-01 17:09:23.723000+00:00,Test,hammer,2010-02-04 09:11:17.423000+00:00,2010-02-11 00:09:16.266000+00:00,0,AVRO,hammer,10,AVRO-399,,64,1,Fixed,1449.01887268,399,1,0,0,0,3,2,6 days 14:57:58.843000
Closed,Major,2010-03-01 17:09:23.684000+00:00,Bug,eli,2010-02-04 08:58:10.802000+00:00,2010-02-05 23:49:40.427000+00:00,0,AVRO,eli,2,AVRO-398,51.0,33,1,Fixed,1449.01887313,398,1,0,0,0,3,2,1 days 14:51:29.625000
Closed,Trivial,2010-03-01 17:09:23.619000+00:00,Improvement,hammer,2010-02-04 08:05:51.161000+00:00,2010-02-04 08:12:43.034000+00:00,0,AVRO,hammer,1,AVRO-397,161.0,58,0,Fixed,1449.01887388,397,1,0,0,0,3,2,0 days 00:06:51.873000
Closed,Minor,2011-11-01 18:36:00.405000+00:00,Improvement,eli,2010-02-04 05:00:32.866000+00:00,2011-07-15 01:24:06.285000+00:00,0,AVRO,dcreager,3,AVRO-396,,41,2,Fixed,838.958725911,396,1,0,0,0,3,2,525 days 20:23:33.419000
Closed,Major,2010-03-01 17:09:23.546000+00:00,Improvement,eli,2010-02-04 04:48:11.020000+00:00,2010-02-04 05:03:21.138000+00:00,0,AVRO,eli,2,AVRO-395,,28,1,Fixed,1449.01887429,395,1,0,0,0,3,2,0 days 00:15:10.118000
Closed,Major,2010-03-01 17:09:23.514000+00:00,Improvement,massie,2010-02-03 23:38:18.515000+00:00,2010-02-04 00:10:40.890000+00:00,0,AVRO,massie,1,AVRO-394,231.0,61,1,Fixed,1449.0188751,394,1,0,0,0,2,2,0 days 00:32:22.375000
Closed,Minor,2011-12-13 19:06:50.222000+00:00,New Feature,jmhodges,2010-02-03 23:25:47.316000+00:00,2010-02-04 00:26:20.740000+00:00,0,AVRO,jmhodges,4,AVRO-393,230.0,35,1,Fixed,1449.01887641,393,1,1,0,0,2,2,0 days 01:00:33.424000
Closed,Critical,2010-03-01 17:09:23.268000+00:00,Improvement,scott_carey,2010-02-03 10:49:03.198000+00:00,2010-02-19 21:46:13.351000+00:00,0,AVRO,scott_carey,47,AVRO-392,2787.0,51,2,Fixed,1449.01887795,392,1,1,0,0,2,2,16 days 10:57:10.153000
Closed,Major,2010-03-01 17:09:23.236000+00:00,Bug,thiru_mg,2010-01-31 17:32:46.571000+00:00,2010-02-02 05:36:00.317000+00:00,0,AVRO,thiru_mg,2,AVRO-390,438.0,64,0,Fixed,1449.01887834,390,1,1,0,0,6,1,1 days 12:03:13.746000
Closed,Major,2010-03-01 17:09:23.178000+00:00,Bug,thiru_mg,2010-01-31 16:59:24.944000+00:00,2010-02-02 05:20:48.337000+00:00,0,AVRO,thiru_mg,2,AVRO-389,242.0,43,0,Fixed,1449.018879,389,1,1,0,0,6,1,1 days 12:21:23.393000
Closed,Major,2010-03-01 17:09:23.137000+00:00,Improvement,thiru_mg,2010-01-30 09:38:29.525000+00:00,2010-02-03 01:52:47.476000+00:00,0,AVRO,thiru_mg,7,AVRO-388,3207.0,44,0,Fixed,1449.01887949,388,1,1,0,0,5,1,3 days 16:14:17.951000
Closed,Minor,2010-03-01 17:09:23.085000+00:00,Bug,marmbrus,2010-01-29 22:07:36.060000+00:00,2010-02-02 21:53:24.095000+00:00,0,AVRO,cutting,12,AVRO-387,2020.0,77,1,Fixed,1449.01887996,387,1,1,1,0,4,1,3 days 23:45:48.035000
Closed,Major,2010-03-01 17:09:22.996000+00:00,Improvement,philip,2010-01-29 19:10:38.211000+00:00,2010-02-03 06:49:45.713000+00:00,0,AVRO,philip,5,AVRO-386,145.0,36,1,Fixed,1449.01888112,386,1,0,1,0,4,1,4 days 11:39:07.502000
Closed,Major,2010-03-01 17:09:22.962000+00:00,Bug,thiru_mg,2010-01-28 07:54:05.169000+00:00,2010-01-29 10:51:02.069000+00:00,0,AVRO,thiru_mg,2,AVRO-385,135.0,54,0,Fixed,1449.01888151,385,1,1,0,0,3,1,1 days 02:56:56.900000
Closed,Major,2010-03-01 17:09:22.930000+00:00,Improvement,massie,2010-01-28 02:02:41.949000+00:00,2010-01-28 04:29:30.751000+00:00,0,AVRO,massie,1,AVRO-384,196.0,45,0,Fixed,1449.01888188,384,1,0,0,0,3,1,0 days 02:26:48.802000
Closed,Major,2010-03-01 17:09:22.848000+00:00,Improvement,thiru_mg,2010-01-27 17:22:04.916000+00:00,2010-02-02 05:07:51.352000+00:00,0,AVRO,thiru_mg,9,AVRO-383,448.0,46,0,Fixed,1449.01888264,383,1,1,0,0,2,1,5 days 11:45:46.436000
Closed,Minor,2010-03-01 17:09:22.669000+00:00,Bug,marmbrus,2010-01-27 02:34:03.186000+00:00,2010-01-27 17:38:45.452000+00:00,0,AVRO,marmbrus,4,AVRO-382,2149.0,68,1,Fixed,1449.01888453,382,1,1,1,0,2,1,0 days 15:04:42.266000
Closed,Major,2010-03-01 17:09:22.625000+00:00,Improvement,massie,2010-01-27 02:09:09.042000+00:00,2010-01-27 02:13:43.782000+00:00,0,AVRO,massie,1,AVRO-381,,75,0,Fixed,1449.01888543,381,1,0,0,0,2,1,0 days 00:04:34.740000
Closed,Major,2010-03-01 17:09:22.570000+00:00,Improvement,scott_carey,2010-01-27 01:25:04.227000+00:00,2010-01-29 19:29:22.396000+00:00,0,AVRO,scott_carey,12,AVRO-380,427.0,70,2,Fixed,1449.01888605,380,3,1,1,0,2,1,2 days 18:04:18.169000
Closed,Major,2010-03-01 17:09:22.220000+00:00,Improvement,massie,2010-01-26 23:51:45.226000+00:00,2010-01-27 00:00:09.882000+00:00,0,AVRO,massie,1,AVRO-379,267.0,57,0,Fixed,1449.0188901,379,1,0,0,0,1,1,0 days 00:08:24.656000
Closed,Major,2010-03-01 17:09:22.171000+00:00,Improvement,massie,2010-01-26 19:03:58.022000+00:00,2010-01-26 19:07:34.006000+00:00,0,AVRO,massie,1,AVRO-378,174.0,65,0,Fixed,1449.01889067,378,1,0,0,0,1,1,0 days 00:03:35.984000
Closed,Major,2010-03-01 17:09:22.097000+00:00,Improvement,massie,2010-01-26 00:25:27.817000+00:00,2010-01-26 00:31:35.637000+00:00,0,AVRO,massie,1,AVRO-377,217.0,48,0,Fixed,1449.01889132,377,1,0,0,0,1,1,0 days 00:06:07.820000
Closed,Major,2010-03-01 17:09:21.999000+00:00,Bug,thiru_mg,2010-01-25 03:18:39.948000+00:00,2010-01-26 17:37:22.539000+00:00,0,AVRO,thiru_mg,4,AVRO-375,147.0,40,0,Fixed,1449.01889268,375,1,1,0,0,0,1,1 days 14:18:42.591000
Closed,Minor,2010-03-01 17:09:21.957000+00:00,Bug,thiru_mg,2010-01-24 03:20:28.819000+00:00,2010-02-16 21:25:04.402000+00:00,0,AVRO,sbanacho,7,AVRO-374,607.0,79,0,Fixed,1449.01889317,374,1,0,0,0,6,1,23 days 18:04:35.583000
Closed,Major,2010-03-01 17:09:21.910000+00:00,Bug,cutting,2010-01-23 06:01:56.192000+00:00,2010-01-26 18:36:46.978000+00:00,0,AVRO,thiru_mg,3,AVRO-373,411.0,35,0,Fixed,1449.0188937,373,1,1,0,0,5,1,3 days 12:34:50.786000
Closed,Major,2010-09-08 21:07:39.217000+00:00,Task,tlipcon,2010-01-23 00:13:15.295000+00:00,2010-06-18 19:19:46.368000+00:00,1,AVRO,cutting,12,AVRO-372,263.0,40,2,Fixed,1257.85341544,372,1,1,0,0,5,1,146 days 19:06:31.073000
Closed,Major,2010-03-01 17:09:21.861000+00:00,Improvement,massie,2010-01-23 00:02:10.181000+00:00,2010-01-23 00:07:34.142000+00:00,0,AVRO,massie,1,AVRO-371,85.0,40,0,Fixed,1449.01889427,371,1,0,0,0,5,1,0 days 00:05:23.961000
Closed,Major,2010-03-01 17:09:21.831000+00:00,Improvement,massie,2010-01-22 22:30:26.382000+00:00,2010-01-22 22:38:37.815000+00:00,0,AVRO,massie,1,AVRO-370,547.0,44,0,Fixed,1449.01889463,370,1,0,0,0,4,1,0 days 00:08:11.433000
Closed,Major,2010-03-01 17:09:21.790000+00:00,Improvement,massie,2010-01-22 20:50:24.248000+00:00,2010-01-22 20:56:26.534000+00:00,0,AVRO,massie,1,AVRO-369,100.0,45,0,Fixed,1449.0188951,369,1,0,0,0,4,1,0 days 00:06:02.286000
Closed,Blocker,2010-03-01 17:09:21.745000+00:00,Improvement,philip,2010-01-22 18:31:47.696000+00:00,2010-01-26 18:52:26.840000+00:00,0,AVRO,philip,4,AVRO-368,297.0,77,1,Fixed,1449.01889563,368,1,0,1,0,4,1,4 days 00:20:39.144000
Closed,Major,2010-03-01 17:09:21.584000+00:00,Improvement,massie,2010-01-22 18:16:23.842000+00:00,2010-01-22 19:04:00.010000+00:00,0,AVRO,massie,1,AVRO-367,905.0,51,0,Fixed,1449.01889737,367,1,0,0,0,4,1,0 days 00:47:36.168000
Closed,Major,2010-03-01 17:09:21.543000+00:00,Improvement,massie,2010-01-21 19:10:15.722000+00:00,2010-01-22 00:38:43.965000+00:00,0,AVRO,massie,1,AVRO-364,231.0,41,1,Fixed,1449.01889798,364,1,0,0,0,3,1,0 days 05:28:28.243000
Closed,Major,2010-03-01 17:09:21.279000+00:00,Improvement,philip,2010-01-21 06:24:50.476000+00:00,2010-01-21 23:19:44.513000+00:00,0,AVRO,philip,3,AVRO-363,375.0,85,1,Fixed,1449.01890085,363,1,1,0,0,3,1,0 days 16:54:54.037000
Closed,Major,2010-03-01 17:09:21.223000+00:00,Test,hammer,2010-01-21 03:26:56.510000+00:00,2010-01-21 04:15:57.328000+00:00,0,AVRO,hammer,1,AVRO-362,,102,0,Fixed,1449.01890138,362,1,0,0,0,3,1,0 days 00:49:00.818000
Closed,Blocker,2010-03-01 17:09:21.167000+00:00,Bug,scott_carey,2010-01-21 02:18:26.225000+00:00,2010-02-02 06:51:25.542000+00:00,0,AVRO,scott_carey,5,AVRO-361,2294.0,63,2,Fixed,1449.01890219,361,1,1,0,0,3,1,12 days 04:32:59.317000
Closed,Major,2010-03-01 17:09:21.123000+00:00,Task,massie,2010-01-20 22:52:45.388000+00:00,2010-01-20 22:58:55.587000+00:00,0,AVRO,massie,1,AVRO-360,231.0,48,1,Fixed,1449.01890283,360,1,0,0,0,2,1,0 days 00:06:10.199000
Closed,Major,2010-03-01 17:09:21.028000+00:00,Improvement,massie,2010-01-20 21:45:21.871000+00:00,2010-01-20 21:53:13.360000+00:00,0,AVRO,massie,0,AVRO-359,109.0,49,1,Fixed,1449.01890393,359,1,0,0,0,2,1,0 days 00:07:51.489000
Closed,Major,2010-03-01 17:09:20.979000+00:00,Bug,massie,2010-01-20 01:49:40.238000+00:00,2010-01-20 01:53:04.261000+00:00,0,AVRO,cutting,2,AVRO-356,,38,0,Fixed,1449.0189045,356,1,0,0,0,2,1,0 days 00:03:24.023000
Closed,Minor,2010-03-01 17:09:20.943000+00:00,Bug,kevinoliver,2010-01-19 21:50:20.554000+00:00,2010-01-25 09:00:16.078000+00:00,0,AVRO,kevinoliver,4,AVRO-355,301.0,68,0,Fixed,1449.01890493,355,1,1,1,0,1,1,5 days 11:09:55.524000
Closed,Minor,2010-03-01 17:09:20.882000+00:00,Improvement,kevinoliver,2010-01-19 21:41:43.380000+00:00,2010-01-26 15:28:41.825000+00:00,0,AVRO,kevinoliver,7,AVRO-354,309.0,50,2,Fixed,1449.01890563,354,1,1,1,0,1,1,6 days 17:46:58.445000
Closed,Major,2010-03-01 17:09:20.843000+00:00,Improvement,massie,2010-01-19 21:36:40.193000+00:00,2010-01-19 21:40:37.250000+00:00,0,AVRO,massie,1,AVRO-353,160.0,60,0,Fixed,1449.01890609,353,1,0,0,0,1,1,0 days 00:03:57.057000
Closed,Major,2010-03-01 17:09:20.809000+00:00,Bug,massie,2010-01-19 21:04:31.423000+00:00,2010-01-19 21:14:43.366000+00:00,0,AVRO,massie,0,AVRO-352,130.0,47,0,Fixed,1449.01890649,352,1,0,0,0,1,1,0 days 00:10:11.943000
Closed,Major,2011-12-13 19:06:45+00:00,Improvement,philip,2010-01-19 17:59:08.507000+00:00,2010-01-19 19:59:04.043000+00:00,0,AVRO,philip,3,AVRO-351,71.0,80,0,Fixed,1449.0189101,351,1,1,0,0,1,1,0 days 01:59:55.536000
Closed,Major,2010-03-01 17:09:20.442000+00:00,Sub-task,kevinoliver,2010-01-19 17:44:38.514000+00:00,2010-02-02 22:52:17.567000+00:00,0,AVRO,kevinoliver,7,AVRO-350,139.0,68,1,Fixed,1449.01891073,350,1,1,1,0,1,1,14 days 05:07:39.053000
Closed,Major,2010-03-01 17:09:20.391000+00:00,Improvement,sbanacho,2010-01-18 23:55:08.855000+00:00,2010-02-16 21:36:42.752000+00:00,0,AVRO,sbanacho,3,AVRO-349,591.0,34,1,Fixed,1449.01891132,349,0,0,0,0,0,1,28 days 21:41:33.897000
Closed,Minor,2011-03-12 00:32:45.735000+00:00,Bug,stevel@apache.org,2010-01-18 15:33:50.708000+00:00,2010-12-16 01:03:01.960000+00:00,1,AVRO,,2,AVRO-348,446.0,53,0,Duplicate,1073.7109791,348,1,0,1,0,0,1,331 days 09:29:11.252000
Closed,Major,2010-03-01 17:09:20.250000+00:00,Bug,massie,2010-01-18 05:44:55.938000+00:00,2010-01-18 05:50:57.269000+00:00,0,AVRO,massie,1,AVRO-347,221.0,73,0,Fixed,1449.01891297,347,1,0,0,0,0,1,0 days 00:06:01.331000
Closed,Major,2010-03-01 17:09:20.199000+00:00,New Feature,massie,2010-01-18 05:07:25.671000+00:00,2010-01-18 05:35:29.199000+00:00,0,AVRO,massie,1,AVRO-346,378.0,49,1,Fixed,1449.01891355,346,1,0,0,0,0,1,0 days 00:28:03.528000
Closed,Major,2010-03-01 17:09:20.157000+00:00,Improvement,thiru_mg,2010-01-16 12:08:38.097000+00:00,2010-01-19 14:31:25.358000+00:00,0,AVRO,thiru_mg,2,AVRO-345,847.0,33,1,Fixed,1449.01891403,345,1,1,0,0,5,1,3 days 02:22:47.261000
Closed,Major,2010-03-01 17:09:20.123000+00:00,Improvement,massie,2010-01-15 23:05:31.861000+00:00,2010-01-16 02:00:37.305000+00:00,0,AVRO,massie,3,AVRO-344,1540.0,36,2,Fixed,1449.01891443,344,1,0,0,0,4,1,0 days 02:55:05.444000
Closed,Minor,2010-03-01 17:09:20.071000+00:00,Improvement,philip,2010-01-15 22:46:08.916000+00:00,2010-01-26 19:00:20.801000+00:00,0,AVRO,philip,4,AVRO-343,116.0,48,0,Fixed,1449.01891504,343,2,1,0,0,4,1,10 days 20:14:11.885000
Closed,Major,2010-03-01 17:09:20.031000+00:00,Improvement,cutting,2010-01-15 20:45:10.576000+00:00,2010-02-04 19:03:14.632000+00:00,0,AVRO,cutting,1,AVRO-342,158.0,30,0,Fixed,1449.0189155,342,1,1,0,0,4,1,19 days 22:18:04.056000
Closed,Major,2010-03-01 17:09:19.969000+00:00,Improvement,cutting,2010-01-15 19:59:53.138000+00:00,2010-02-04 19:02:28.393000+00:00,0,AVRO,cutting,9,AVRO-340,78.0,30,2,Fixed,1449.01891623,340,1,0,0,0,4,1,19 days 23:02:35.255000
Closed,Major,2010-03-01 17:09:19.918000+00:00,Improvement,philip,2010-01-15 18:41:06.745000+00:00,2010-01-18 21:43:50.579000+00:00,0,AVRO,philip,3,AVRO-339,49.0,55,0,Fixed,1449.01891682,339,1,0,1,0,4,1,3 days 03:02:43.834000
Closed,Major,2010-03-01 21:47:26.645000+00:00,Bug,thiru_mg,2010-01-15 11:40:38.496000+00:00,2010-01-15 12:16:13.598000+00:00,0,AVRO,,8,AVRO-338,268.0,41,0,Won't Fix,1448.8257834,338,1,1,0,0,4,1,0 days 00:35:35.102000
Closed,Major,2010-03-01 17:09:19.871000+00:00,Bug,thiru_mg,2010-01-15 11:29:01.912000+00:00,2010-01-16 05:12:03.470000+00:00,0,AVRO,thiru_mg,1,AVRO-337,233.0,54,0,Fixed,1449.01891718,337,1,1,0,0,4,1,0 days 17:43:01.558000
Closed,Major,2010-03-01 17:09:19.813000+00:00,Bug,scott_carey,2010-01-15 08:15:40.943000+00:00,2010-01-19 00:49:46.408000+00:00,0,AVRO,cutting,6,AVRO-336,1544.0,39,2,Fixed,1449.0189178,336,1,1,1,0,4,1,3 days 16:34:05.465000
Closed,Major,2010-03-01 17:09:19.776000+00:00,Bug,cutting,2010-01-14 22:19:45.204000+00:00,2010-01-15 01:02:35.008000+00:00,0,AVRO,cutting,0,AVRO-335,257.0,36,1,Fixed,1449.01891846,335,1,0,0,0,3,1,0 days 02:42:49.804000
Closed,Major,2010-03-22 23:22:18.890000+00:00,Improvement,hammer,2010-01-14 19:13:39.747000+00:00,2010-03-19 08:48:55.987000+00:00,0,AVRO,,9,AVRO-334,125.0,80,1,Won't Fix,1427.75990079,334,1,0,0,0,3,1,63 days 13:35:16.240000
Closed,Major,2010-09-08 21:07:38.886000+00:00,Improvement,hammer,2010-01-14 18:27:14.049000+00:00,2010-06-10 04:34:25.928000+00:00,0,AVRO,pwendell,2,AVRO-331,50.0,108,1,Fixed,1257.85341936,331,2,0,0,0,3,1,146 days 10:07:11.879000
Closed,Major,2010-03-01 17:09:19.687000+00:00,Improvement,hammer,2010-01-14 18:23:24.990000+00:00,2010-01-14 19:56:11.110000+00:00,0,AVRO,cutting,1,AVRO-330,120.0,94,1,Fixed,1449.0189195,330,1,0,0,0,3,1,0 days 01:32:46.120000
Closed,Major,2010-03-01 17:09:19.650000+00:00,Bug,hammer,2010-01-14 18:13:09.992000+00:00,2010-01-14 18:48:26.345000+00:00,0,AVRO,hammer,1,AVRO-329,38.0,62,0,Fixed,1449.01891994,329,1,0,0,0,3,1,0 days 00:35:16.353000
Closed,Major,2010-03-01 17:09:19.253000+00:00,Improvement,thiru_mg,2010-01-14 14:52:49.324000+00:00,2010-01-16 06:00:22.229000+00:00,0,AVRO,thiru_mg,2,AVRO-328,388.0,70,2,Fixed,1449.01892446,328,1,1,0,0,3,1,1 days 15:07:32.905000
Closed,Major,2010-03-01 21:47:26.600000+00:00,Improvement,thiru_mg,2010-01-14 11:15:33.737000+00:00,2010-02-05 01:20:18.367000+00:00,0,AVRO,thiru_mg,16,AVRO-327,344.0,52,4,Duplicate,1448.82578393,327,1,1,0,0,3,1,21 days 14:04:44.630000
Closed,Major,2011-12-13 19:10:02.802000+00:00,New Feature,hammer,2010-01-14 01:34:51.746000+00:00,2010-01-14 17:07:01.208000+00:00,0,AVRO,cutting,1,AVRO-326,,42,0,Fixed,1449.01892529,326,1,0,0,0,3,1,0 days 15:32:09.462000
Closed,Major,2010-03-01 17:09:19.158000+00:00,New Feature,hammer,2010-01-14 01:30:56.220000+00:00,2010-02-18 19:26:02.517000+00:00,0,AVRO,,1,AVRO-325,,28,0,Fixed,1449.01892563,325,1,0,0,0,3,1,35 days 17:55:06.297000
Closed,Major,2010-04-01 16:50:44.624000+00:00,Improvement,hammer,2010-01-14 00:33:38.179000+00:00,2010-03-02 23:27:47.566000+00:00,0,AVRO,cutting,4,AVRO-324,17.0,85,1,Fixed,1418.03182507,324,1,1,0,0,3,1,47 days 22:54:09.387000
Closed,Major,2010-03-01 21:47:26.557000+00:00,New Feature,hammer,2010-01-13 23:58:48.369000+00:00,2010-02-02 21:39:03.570000+00:00,0,AVRO,cutting,10,AVRO-323,,43,2,Won't Fix,1448.82578444,323,1,1,0,0,2,1,19 days 21:40:15.201000
Closed,Major,2010-03-01 17:09:18.968000+00:00,New Feature,hammer,2010-01-13 22:30:13.326000+00:00,2010-02-04 08:17:15.194000+00:00,0,AVRO,hammer,4,AVRO-322,,82,1,Fixed,1449.01892784,322,1,0,0,0,2,1,21 days 09:47:01.868000
Closed,Major,2010-03-01 17:09:18.913000+00:00,Test,hammer,2010-01-13 21:31:04.981000+00:00,2010-02-04 20:14:26.874000+00:00,0,AVRO,cutting,23,AVRO-321,,32,1,Fixed,1449.01892848,321,2,1,0,0,2,1,21 days 22:43:21.893000
Closed,Major,2010-03-01 17:09:18.879000+00:00,Improvement,cutting,2010-01-13 20:18:11.107000+00:00,2010-01-13 23:09:43.937000+00:00,0,AVRO,cutting,4,AVRO-320,514.0,31,0,Fixed,1449.01892886,320,1,1,0,0,2,1,0 days 02:51:32.830000
Closed,Major,2010-03-01 17:09:18.779000+00:00,Test,cutting,2010-01-13 17:39:54.749000+00:00,2010-01-13 22:05:18.920000+00:00,0,AVRO,cutting,2,AVRO-317,59.0,28,1,Fixed,1449.01893002,317,1,1,0,0,2,1,0 days 04:25:24.171000
Resolved,Major,2014-02-12 19:22:59.352000+00:00,Bug,jfolson,2014-02-12 18:16:54.531000+00:00,2014-02-12 19:22:59.326000+00:00,1,AVRO,,4,AVRO-1456,906.0,101,3,Not A Problem,4.92609929929,1456,1,1,1,0,2,2,0 days 01:06:04.795000
Closed,Blocker,2010-03-16 05:43:57.550000+00:00,Bug,hammer,2010-01-13 19:03:44.884000+00:00,2010-02-16 23:06:33.830000+00:00,0,AVRO,,14,AVRO-318,381.0,100,2,Fixed,1449.01892944,318,1,0,0,0,2,1,34 days 04:02:48.946000
Closed,Major,2010-03-01 17:09:18.746000+00:00,Improvement,thiru_mg,2010-01-13 12:41:29.109000+00:00,2010-01-15 17:20:30.375000+00:00,0,AVRO,thiru_mg,4,AVRO-316,889.0,43,2,Fixed,1449.01893043,316,1,1,0,0,2,1,2 days 04:39:01.266000
Closed,Major,2010-03-01 17:09:18.694000+00:00,Improvement,thiru_mg,2010-01-13 07:04:48.480000+00:00,2010-01-14 12:48:38.962000+00:00,0,AVRO,thiru_mg,7,AVRO-315,621.0,41,1,Fixed,1449.01893102,315,1,1,0,0,2,1,1 days 05:43:50.482000
Closed,Major,2010-03-01 17:09:18.637000+00:00,Improvement,kimballa,2010-01-13 03:13:42.340000+00:00,2010-01-13 23:27:14.096000+00:00,0,AVRO,kimballa,10,AVRO-314,153.0,46,2,Fixed,1449.01893156,314,2,1,0,0,2,1,0 days 20:13:31.756000
Closed,Major,2010-03-01 17:09:18.603000+00:00,Bug,thiru_mg,2010-01-13 02:38:41.340000+00:00,2010-01-15 03:30:45.703000+00:00,0,AVRO,thiru_mg,4,AVRO-313,1391.0,88,1,Fixed,1449.01893209,313,1,1,0,0,2,1,2 days 00:52:04.363000
Closed,Major,2010-03-01 17:09:18.565000+00:00,Improvement,cutting,2010-01-12 19:58:00.783000+00:00,2010-01-12 23:07:26.307000+00:00,0,AVRO,cutting,3,AVRO-310,91.0,30,1,Fixed,1449.01893253,310,1,0,0,0,1,1,0 days 03:09:25.524000
Closed,Major,2010-03-01 17:09:18.523000+00:00,Bug,hammer,2010-01-12 01:29:42.005000+00:00,2010-01-12 22:38:41.544000+00:00,0,AVRO,cutting,5,AVRO-309,,89,1,Fixed,1449.01893302,309,1,0,0,0,1,1,0 days 21:08:59.539000
Closed,Major,2010-03-01 17:09:18.490000+00:00,Bug,hammer,2010-01-12 01:16:34.513000+00:00,2010-01-14 19:55:54.253000+00:00,0,AVRO,cutting,1,AVRO-308,330.0,68,1,Fixed,1449.01893339,308,1,0,0,0,1,1,2 days 18:39:19.740000
Closed,Major,2011-12-13 19:10:03.860000+00:00,New Feature,hammer,2010-01-11 22:54:41.987000+00:00,2010-01-11 23:09:59.719000+00:00,0,AVRO,cutting,1,AVRO-307,87.0,22,0,Fixed,1449.01893383,307,1,0,0,0,0,1,0 days 00:15:17.732000
Closed,Major,2010-03-01 17:09:18.391000+00:00,Improvement,kingryan,2010-01-11 22:53:36.583000+00:00,2010-01-20 01:05:35.871000+00:00,0,AVRO,jmhodges,6,AVRO-306,191.0,9,2,Fixed,1449.01893433,306,1,0,0,0,0,1,8 days 02:11:59.288000
Closed,Major,2010-03-01 21:47:26.496000+00:00,Improvement,thiru_mg,2010-01-10 17:07:27.309000+00:00,2010-01-13 13:20:43.633000+00:00,0,AVRO,thiru_mg,3,AVRO-304,228.0,70,1,Invalid,1448.82578518,304,1,1,0,0,6,1,2 days 20:13:16.324000
Closed,Major,2010-03-01 21:47:26.465000+00:00,New Feature,hammer,2010-01-10 00:01:48.410000+00:00,2010-01-10 00:09:13.997000+00:00,0,AVRO,hammer,1,AVRO-302,,73,0,Duplicate,1448.82578554,302,1,0,0,0,6,1,0 days 00:07:25.587000
Closed,Major,2012-09-25 21:24:32.264000+00:00,New Feature,hammer,2010-01-10 00:01:20.971000+00:00,2012-03-16 17:09:14.895000+00:00,0,AVRO,marciosilva,12,AVRO-301,,73,1,Fixed,509.841690657,301,1,0,1,0,6,1,796 days 17:07:53.924000
Closed,Major,2012-06-11 20:01:34.045000+00:00,New Feature,hammer,2010-01-09 23:57:01.878000+00:00,2012-03-16 17:09:28.203000+00:00,0,AVRO,marciosilva,7,AVRO-300,135.0,55,2,Fixed,615.89930824,300,1,0,0,0,5,1,796 days 17:12:26.325000
Closed,Major,2010-03-01 17:09:18.354000+00:00,Test,hammer,2010-01-09 08:47:22.815000+00:00,2010-01-10 17:10:09.980000+00:00,0,AVRO,hammer,2,AVRO-299,200.0,54,1,Fixed,1449.01893499,299,1,0,0,0,5,1,1 days 08:22:47.165000
Closed,Major,2010-03-01 17:09:18.268000+00:00,Improvement,philip,2010-01-09 00:50:17.425000+00:00,2010-01-13 22:07:54.850000+00:00,0,AVRO,philip,1,AVRO-298,489.0,68,1,Fixed,1449.01893598,298,1,1,0,0,5,1,4 days 21:17:37.425000
Closed,Minor,2010-03-01 17:09:17.940000+00:00,Improvement,philip,2010-01-08 07:08:53.099000+00:00,2010-01-12 22:30:58.951000+00:00,0,AVRO,philip,1,AVRO-297,52.0,54,1,Fixed,1449.01893952,297,1,1,0,0,4,1,4 days 15:22:05.852000
Closed,Minor,2011-05-06 19:14:02.039000+00:00,New Feature,philip,2010-01-08 02:05:24.654000+00:00,2011-03-31 22:25:34.251000+00:00,1,AVRO,cutting,4,AVRO-296,77.0,48,2,Fixed,1017.93231818,296,1,1,0,0,4,1,447 days 20:20:09.597000
Closed,Major,2010-03-01 21:47:26.425000+00:00,Improvement,jmhsieh,2010-01-08 00:28:44.481000+00:00,2010-02-10 06:50:14.505000+00:00,0,AVRO,thiru_mg,5,AVRO-295,1837.0,66,1,Not A Problem,1448.82578603,295,1,1,1,0,4,1,33 days 06:21:30.024000
Closed,Major,2010-03-01 17:09:17.896000+00:00,Improvement,hammer,2010-01-07 22:36:19.663000+00:00,2010-01-10 17:31:08.614000+00:00,0,AVRO,hammer,2,AVRO-294,,104,0,Fixed,1449.01894029,294,1,0,0,0,3,1,2 days 18:54:48.951000
Closed,Major,2010-03-01 17:09:17.850000+00:00,Test,hammer,2010-01-07 19:28:34.354000+00:00,2010-01-08 02:49:23.514000+00:00,0,AVRO,hammer,4,AVRO-293,,43,0,Duplicate,1449.01894083,293,1,0,0,0,3,1,0 days 07:20:49.160000
Closed,Major,2010-03-01 17:09:17.807000+00:00,Test,hammer,2010-01-07 01:37:11.960000+00:00,2010-01-07 19:52:02.654000+00:00,0,AVRO,hammer,2,AVRO-292,165.0,108,1,Fixed,1449.01894132,292,1,0,0,0,3,1,0 days 18:14:50.694000
Closed,Major,2010-03-01 17:09:17.680000+00:00,Bug,urandom,2010-01-05 04:18:29.095000+00:00,2010-01-06 23:28:07.669000+00:00,0,AVRO,urandom,3,AVRO-291,265.0,33,1,Fixed,1449.01894269,291,1,1,1,0,1,1,1 days 19:09:38.574000
Closed,Major,2010-03-01 21:47:26.364000+00:00,Bug,urandom,2010-01-05 04:01:48.177000+00:00,2010-01-05 18:29:03.052000+00:00,0,AVRO,,3,AVRO-290,98.0,19,1,Duplicate,1448.82578673,290,1,1,1,0,1,1,0 days 14:27:14.875000
Closed,Major,2010-03-01 17:09:17.641000+00:00,Test,hammer,2010-01-05 02:19:21.510000+00:00,2010-01-08 19:07:15.475000+00:00,0,AVRO,hammer,2,AVRO-289,,60,1,Fixed,1449.01894325,289,1,0,0,0,1,1,3 days 16:47:53.965000
Closed,Major,2010-03-01 17:09:17.604000+00:00,Improvement,hammer,2010-01-05 02:18:20.780000+00:00,2010-01-12 22:40:06.473000+00:00,0,AVRO,hammer,1,AVRO-288,,60,1,Fixed,1449.01894369,288,1,0,0,0,1,1,7 days 20:21:45.693000
Closed,Major,2010-03-01 17:09:17.543000+00:00,Test,hammer,2010-01-05 02:17:33.323000+00:00,2010-02-15 22:18:47.093000+00:00,0,AVRO,hammer,29,AVRO-287,,58,3,Fixed,1449.0189444,287,1,0,0,0,1,1,41 days 20:01:13.770000
Closed,Major,2010-09-08 21:07:38.509000+00:00,New Feature,cutting,2010-01-04 22:00:21.441000+00:00,2010-05-13 23:02:57.044000+00:00,0,AVRO,cutting,12,AVRO-285,136.0,21,3,Fixed,1257.8534239,285,1,0,0,0,0,1,129 days 01:02:35.603000
Closed,Major,2010-09-08 21:07:37.900000+00:00,Improvement,hammer,2010-01-04 17:46:26.357000+00:00,2010-06-16 05:27:11.100000+00:00,0,AVRO,pwendell,7,AVRO-284,110.0,56,1,Fixed,1257.85343095,284,1,0,0,0,0,1,162 days 11:40:44.743000
Closed,Minor,2010-03-01 17:09:17.489000+00:00,Bug,philip,2010-01-04 05:22:31.963000+00:00,2010-01-12 22:27:56.633000+00:00,0,AVRO,philip,2,AVRO-282,449.0,43,0,Fixed,1449.01894484,282,1,1,0,0,0,1,8 days 17:05:24.670000
Closed,Major,2010-03-01 17:09:17.453000+00:00,Bug,thiru_mg,2010-01-04 00:41:01.985000+00:00,2010-01-10 14:41:14.781000+00:00,0,AVRO,thiru_mg,1,AVRO-281,665.0,51,0,Fixed,1449.01894545,281,1,1,0,0,0,1,6 days 14:00:12.796000
Closed,Major,2010-03-01 17:09:17.407000+00:00,Bug,hammer,2010-01-04 00:37:00.196000+00:00,2010-01-07 19:22:12.891000+00:00,0,AVRO,hammer,1,AVRO-280,168.0,64,2,Fixed,1449.01894582,280,1,0,0,0,0,1,3 days 18:45:12.695000
Closed,Minor,2011-12-13 19:06:43.686000+00:00,New Feature,philip,2009-12-31 23:35:31.508000+00:00,2010-01-08 18:54:31.250000+00:00,0,AVRO,philip,4,AVRO-279,143.0,42,1,Fixed,1449.01894642,279,1,1,0,0,3,12,7 days 19:18:59.742000
Closed,Major,2010-03-01 17:09:17.326000+00:00,Improvement,cutting,2009-12-31 23:06:20.356000+00:00,2010-01-08 20:36:38.003000+00:00,0,AVRO,cutting,7,AVRO-278,234.0,53,1,Fixed,1449.01894692,278,1,1,0,0,3,12,7 days 21:30:17.647000
Closed,Major,2011-03-12 00:36:42.266000+00:00,Bug,philip,2009-12-31 21:52:02.111000+00:00,2011-02-21 01:39:52.137000+00:00,0,AVRO,,3,AVRO-277,132.0,48,1,Cannot Reproduce,1073.70824159,277,1,1,0,0,3,12,416 days 03:47:50.026000
Closed,Minor,2010-03-01 17:09:17.291000+00:00,Bug,philip,2009-12-31 21:12:08.593000+00:00,2009-12-31 21:30:07.676000+00:00,0,AVRO,philip,2,AVRO-276,168.0,52,0,Fixed,1449.01894732,276,1,1,0,0,3,12,0 days 00:17:59.083000
Closed,Minor,2010-03-01 17:09:14.492000+00:00,New Feature,philip,2009-12-31 18:29:57.111000+00:00,2010-01-08 18:54:08.565000+00:00,0,AVRO,philip,4,AVRO-275,55.0,40,1,Fixed,1449.01897971,275,1,1,0,0,3,12,8 days 00:24:11.454000
Closed,Major,2010-03-01 17:09:14.453000+00:00,New Feature,cutting,2009-12-31 17:34:03.705000+00:00,2010-01-13 22:07:06.497000+00:00,0,AVRO,cutting,3,AVRO-274,129.0,41,2,Fixed,1449.01898017,274,1,1,0,0,3,12,13 days 04:33:02.792000
Closed,Minor,2010-03-01 17:09:14.419000+00:00,New Feature,philip,2009-12-31 01:33:30.962000+00:00,2010-01-08 18:53:53.306000+00:00,0,AVRO,philip,5,AVRO-273,256.0,68,1,Fixed,1449.01898056,273,1,1,0,0,3,12,8 days 17:20:22.344000
Closed,Major,2010-03-01 17:09:14.383000+00:00,New Feature,philip,2009-12-30 20:40:34.189000+00:00,2009-12-31 18:51:22.249000+00:00,0,AVRO,philip,2,AVRO-272,139.0,46,1,Fixed,1449.01898099,272,1,1,0,0,2,12,0 days 22:10:48.060000
Closed,Major,2010-03-01 17:09:14.341000+00:00,New Feature,philip,2009-12-30 20:23:32.143000+00:00,2010-01-05 18:55:45.560000+00:00,0,AVRO,philip,6,AVRO-271,349.0,67,1,Fixed,1449.01898147,271,1,1,0,0,2,12,5 days 22:32:13.417000
Closed,Minor,2010-03-01 17:09:14.306000+00:00,Test,philip,2009-12-30 19:05:54.270000+00:00,2009-12-31 19:23:03.744000+00:00,0,AVRO,philip,2,AVRO-269,209.0,62,0,Fixed,1449.01898188,269,1,1,0,0,2,12,1 days 00:17:09.474000
Closed,Major,2010-03-01 17:09:14.256000+00:00,Improvement,massie,2009-12-29 23:06:08.947000+00:00,2010-01-15 18:43:27.213000+00:00,0,AVRO,massie,9,AVRO-268,704.0,73,2,Won't Fix,1449.01898246,268,1,0,0,0,1,12,16 days 19:37:18.266000
Closed,Major,2010-03-01 17:09:14.202000+00:00,New Feature,philip,2009-12-29 21:01:53.874000+00:00,2009-12-31 21:55:57.234000+00:00,0,AVRO,philip,7,AVRO-267,277.0,72,1,Fixed,1449.01898296,267,1,1,0,0,1,12,2 days 00:54:03.360000
Closed,Major,2010-03-01 17:09:14.166000+00:00,Improvement,hammer,2009-12-23 13:16:01.603000+00:00,2010-01-05 18:48:41.762000+00:00,0,AVRO,hammer,5,AVRO-264,96.0,99,1,Fixed,1449.01898351,264,1,0,0,0,2,12,13 days 05:32:40.159000
Closed,Minor,2010-03-01 17:09:14.118000+00:00,Improvement,tlipcon,2009-12-22 22:53:06.750000+00:00,2009-12-29 22:32:18.952000+00:00,0,AVRO,tlipcon,5,AVRO-263,155.0,36,1,Fixed,1449.01898408,263,1,1,1,0,1,12,6 days 23:39:12.202000
Closed,Major,2010-03-01 17:09:13.971000+00:00,Bug,hammer,2009-12-22 04:22:15.038000+00:00,2009-12-29 23:10:52.338000+00:00,0,AVRO,hammer,1,AVRO-262,243.0,25,0,Fixed,1449.01898577,262,1,0,0,0,1,12,7 days 18:48:37.300000
Closed,Minor,2010-03-01 17:09:13.924000+00:00,New Feature,kevinoliver,2009-12-18 19:01:20.116000+00:00,2010-02-09 03:40:56.632000+00:00,0,AVRO,thiru_mg,20,AVRO-261,266.0,29,2,Fixed,1449.01898632,261,1,1,0,0,4,12,52 days 08:39:36.516000
Closed,Major,2010-03-01 17:09:13.883000+00:00,Improvement,kevinoliver,2009-12-18 17:37:14.879000+00:00,2009-12-29 22:41:50.264000+00:00,0,AVRO,cutting,3,AVRO-260,58.0,42,0,Fixed,1449.0189868,260,1,1,0,0,4,12,11 days 05:04:35.385000
Closed,Trivial,2010-03-01 17:09:13.848000+00:00,Bug,kevinoliver,2009-12-18 17:14:49.719000+00:00,2010-01-09 00:03:51.084000+00:00,0,AVRO,kevinoliver,3,AVRO-259,193.0,70,2,Fixed,1449.0189872,259,1,1,0,0,4,12,21 days 06:49:01.365000
Closed,Major,2010-03-01 17:09:13.788000+00:00,New Feature,tlipcon,2009-12-18 08:40:08.208000+00:00,2009-12-31 20:22:39.663000+00:00,0,AVRO,tlipcon,20,AVRO-258,219.0,44,5,Fixed,1449.0189879,258,1,0,0,0,4,12,13 days 11:42:31.455000
Closed,Trivial,2010-03-01 17:09:13.714000+00:00,Bug,kevinoliver,2009-12-15 20:50:12.309000+00:00,2009-12-15 23:06:02.375000+00:00,0,AVRO,kevinoliver,7,AVRO-257,196.0,17,1,Fixed,1449.01898845,257,1,1,0,0,1,12,0 days 02:15:50.066000
Closed,Major,2010-03-01 17:09:13.678000+00:00,Bug,cutting,2009-12-14 18:40:36.335000+00:00,2009-12-15 21:24:25.291000+00:00,1,AVRO,cutting,4,AVRO-256,154.0,42,1,Fixed,1449.01898917,256,1,1,0,0,0,12,1 days 02:43:48.956000
Closed,Major,2010-03-01 17:09:13.615000+00:00,Bug,cutting,2009-12-14 18:37:44.339000+00:00,2009-12-15 21:30:29.118000+00:00,0,AVRO,cutting,5,AVRO-255,207.0,43,1,Fixed,1449.0189899,255,1,1,0,0,0,12,1 days 02:52:44.779000
Closed,Major,2011-12-13 19:10:04.401000+00:00,New Feature,hammer,2009-12-14 07:13:58.054000+00:00,2010-01-04 15:58:14.741000+00:00,0,AVRO,hammer,3,AVRO-254,207.0,30,0,Won't Fix,1448.82578718,254,1,0,0,0,0,12,21 days 08:44:16.687000
Closed,Major,2010-03-01 17:09:13.285000+00:00,Improvement,hammer,2009-12-14 06:34:02.601000+00:00,2010-01-12 22:16:01.848000+00:00,0,AVRO,cutting,2,AVRO-253,305.0,105,1,Fixed,1449.01899306,253,1,0,0,0,0,12,29 days 15:41:59.247000
Closed,Minor,2010-03-01 17:09:13.159000+00:00,Improvement,rsgoodman,2009-12-11 17:11:00.555000+00:00,2010-01-12 02:33:27.884000+00:00,0,AVRO,,1,AVRO-252,745.0,79,1,Invalid,1449.01899511,252,1,1,0,0,4,12,31 days 09:22:27.329000
Closed,Major,2010-03-01 17:09:12.950000+00:00,New Feature,cutting,2009-12-08 23:00:14.664000+00:00,2009-12-10 22:07:35.405000+00:00,0,AVRO,cutting,3,AVRO-250,323.0,85,0,Fixed,1449.01899762,250,1,1,0,0,1,12,1 days 23:07:20.741000
Closed,Major,2010-03-01 17:09:12.904000+00:00,Improvement,cutting,2009-12-04 00:02:15.743000+00:00,2009-12-05 00:05:44.648000+00:00,0,AVRO,cutting,11,AVRO-249,212.0,49,0,Fixed,1449.01899815,249,1,1,0,0,4,12,1 days 00:03:28.905000
Closed,Major,2010-03-01 17:09:12.750000+00:00,Bug,philip,2009-12-01 19:19:38.502000+00:00,2009-12-08 19:39:46.804000+00:00,0,AVRO,cutting,9,AVRO-247,49.0,76,0,Fixed,1449.01899994,247,1,1,0,0,1,12,7 days 00:20:08.302000
Closed,Minor,2011-12-13 19:06:50.745000+00:00,Improvement,thiru_mg,2009-12-01 13:26:50.398000+00:00,2009-12-09 07:43:59.211000+00:00,1,AVRO,thiru_mg,5,AVRO-246,147.0,74,1,Fixed,1449.01900046,246,1,1,0,0,1,12,7 days 18:17:08.813000
Closed,Minor,2010-03-01 17:09:12.607000+00:00,New Feature,philip,2009-12-01 04:49:28.817000+00:00,2009-12-30 23:43:58.978000+00:00,0,AVRO,philip,24,AVRO-245,91.0,68,0,Fixed,1449.01900158,245,1,1,0,0,1,12,29 days 18:54:30.161000
Closed,Minor,2011-12-13 19:06:44.281000+00:00,Improvement,philip,2009-12-01 04:46:54.846000+00:00,2010-03-10 18:18:58.231000+00:00,0,AVRO,philip,3,AVRO-244,105.0,30,0,Fixed,1418.03182618,244,1,1,0,0,1,12,99 days 13:32:03.385000
Closed,Major,2010-03-01 17:09:12.502000+00:00,Improvement,sbanacho,2009-11-30 04:54:06.497000+00:00,2010-01-15 00:20:24.898000+00:00,0,AVRO,sbanacho,12,AVRO-243,236.0,34,1,Fixed,1449.01900253,243,1,0,0,0,0,11,45 days 19:26:18.401000
Closed,Major,2010-03-01 17:09:12.330000+00:00,New Feature,cutting,2009-11-25 22:51:25.581000+00:00,2009-12-03 21:33:05.175000+00:00,0,AVRO,cutting,7,AVRO-242,193.0,35,1,Fixed,1449.0190048,242,1,1,0,0,2,11,7 days 22:41:39.594000
Closed,Major,2010-03-01 17:09:11.923000+00:00,Improvement,cutting,2009-11-25 22:06:35.501000+00:00,2009-12-04 23:13:32.752000+00:00,0,AVRO,cutting,6,AVRO-241,418.0,35,1,Fixed,1449.01900951,241,1,1,0,0,2,11,9 days 01:06:57.251000
Closed,Major,2010-03-01 17:09:11.855000+00:00,Improvement,hammer,2009-11-25 06:50:03.798000+00:00,2009-12-01 21:42:07.111000+00:00,0,AVRO,hammer,7,AVRO-240,231.0,77,1,Fixed,1449.01901031,240,1,0,0,0,2,11,6 days 14:52:03.313000
Closed,Blocker,2011-12-13 19:06:47.562000+00:00,Bug,owen.omalley,2009-11-24 22:52:18.903000+00:00,2009-12-01 23:51:21.470000+00:00,0,AVRO,cutting,2,AVRO-238,208.0,68,1,Fixed,1449.01901085,238,1,1,0,0,1,11,7 days 00:59:02.567000
Closed,Major,2010-03-01 17:09:11.753000+00:00,Improvement,cutting,2009-11-24 22:25:10.833000+00:00,2009-11-25 20:22:36.306000+00:00,0,AVRO,cutting,5,AVRO-237,329.0,26,1,Fixed,1449.01901149,237,1,1,0,0,1,11,0 days 21:57:25.473000
Closed,Major,2010-03-01 17:09:11.686000+00:00,Improvement,cutting,2009-11-24 19:40:19.872000+00:00,2009-11-24 21:41:27.113000+00:00,0,AVRO,cutting,3,AVRO-236,71.0,46,1,Fixed,1449.01901226,236,1,1,0,0,1,11,0 days 02:01:07.241000
Closed,Major,2010-03-01 17:09:11.646000+00:00,Improvement,sbanacho,2009-11-21 22:31:46.803000+00:00,2009-11-25 05:08:40.232000+00:00,0,AVRO,sbanacho,3,AVRO-234,242.0,23,0,Fixed,1449.01901272,234,1,0,0,0,5,11,3 days 06:36:53.429000
Closed,Major,2010-03-01 17:09:11.610000+00:00,Improvement,philip,2009-11-21 02:50:38.305000+00:00,2009-11-25 19:40:52.777000+00:00,0,AVRO,philip,2,AVRO-233,393.0,21,1,Fixed,1449.01901314,233,1,1,0,0,5,11,4 days 16:50:14.472000
Closed,Major,2010-03-01 17:09:11.540000+00:00,Bug,sbanacho,2009-11-21 02:03:08.222000+00:00,2009-11-21 02:14:36.158000+00:00,0,AVRO,sbanacho,1,AVRO-232,,35,0,Fixed,1449.01901395,232,1,0,0,0,5,11,0 days 00:11:27.936000
Closed,Major,2010-03-01 17:09:11.499000+00:00,Improvement,sbanacho,2009-11-20 17:15:07.755000+00:00,2010-01-14 01:41:03.045000+00:00,0,AVRO,sbanacho,3,AVRO-231,45.0,12,0,Fixed,1449.01901444,231,1,0,0,0,4,11,54 days 08:25:55.290000
Closed,Major,2010-03-01 17:09:11.452000+00:00,Improvement,tomwhite,2009-11-20 06:33:56.082000+00:00,2009-11-20 22:15:56.842000+00:00,0,AVRO,tomwhite,4,AVRO-229,147.0,42,2,Fixed,1449.01901485,229,1,1,1,0,4,11,0 days 15:42:00.760000
Closed,Major,2010-03-01 17:09:11.109000+00:00,Bug,tlipcon,2009-11-20 06:07:11.800000+00:00,2009-11-20 23:12:45.067000+00:00,0,AVRO,tlipcon,2,AVRO-227,308.0,50,1,Fixed,1449.01901584,227,1,0,1,0,4,11,0 days 17:05:33.267000
Closed,Major,2010-03-01 21:47:26.275000+00:00,Improvement,metcalfc,2009-11-20 05:48:50.810000+00:00,2010-01-15 18:45:30.800000+00:00,0,AVRO,,1,AVRO-226,328.0,55,1,Won't Fix,1448.82578765,226,1,0,0,0,4,11,56 days 12:56:39.990000
Closed,Major,2010-03-01 17:09:11.068000+00:00,Bug,cutting,2009-11-20 05:33:17.084000+00:00,2009-11-20 20:55:02.601000+00:00,0,AVRO,cutting,2,AVRO-225,219.0,73,0,Fixed,1449.01901944,225,1,1,0,0,4,11,0 days 15:21:45.517000
Closed,Major,2010-03-01 17:09:11.006000+00:00,Improvement,massie,2009-11-20 04:47:01.559000+00:00,2009-11-20 04:59:06.464000+00:00,0,AVRO,massie,1,AVRO-224,221.0,68,0,Fixed,1449.01902016,224,1,0,0,0,4,11,0 days 00:12:04.905000
Closed,Minor,2010-03-01 17:09:10.860000+00:00,Bug,philip,2009-11-20 02:47:26.380000+00:00,2009-11-20 04:29:53.840000+00:00,0,AVRO,philip,2,AVRO-223,129.0,24,0,Fixed,1449.01902185,223,1,1,0,0,4,11,0 days 01:42:27.460000
Closed,Major,2010-03-01 17:09:10.757000+00:00,Bug,hammer,2009-11-20 02:46:06.678000+00:00,2009-11-20 03:04:27.003000+00:00,0,AVRO,cutting,3,AVRO-222,,41,0,Fixed,1449.01902289,222,1,0,0,0,4,11,0 days 00:18:20.325000
Closed,Major,2010-03-01 17:09:10.695000+00:00,Improvement,philip,2009-11-20 02:14:26.209000+00:00,2009-11-20 19:22:51.542000+00:00,0,AVRO,philip,5,AVRO-221,81.0,51,1,Fixed,1449.01902375,221,1,1,0,0,4,11,0 days 17:08:25.333000
Closed,Major,2010-03-01 17:09:10.614000+00:00,Improvement,sbanacho,2009-11-19 22:21:47.606000+00:00,2009-11-21 01:45:11.669000+00:00,0,AVRO,sbanacho,3,AVRO-220,1448.0,47,1,Fixed,1449.0190247,220,1,0,0,0,3,11,1 days 03:23:24.063000
Closed,Major,2010-03-01 17:09:10.564000+00:00,Improvement,hammer,2009-11-19 10:51:15.578000+00:00,2010-01-04 18:09:59.513000+00:00,0,AVRO,hammer,17,AVRO-219,225.0,106,1,Fixed,1449.01902528,219,1,0,0,0,3,11,46 days 07:18:43.935000
Closed,Major,2010-03-01 21:47:26.217000+00:00,Improvement,hammer,2009-11-19 10:31:21.538000+00:00,2010-01-04 15:58:50.277000+00:00,0,AVRO,hammer,1,AVRO-218,67.0,65,1,Won't Fix,1448.82578856,218,1,0,0,0,3,11,46 days 05:27:28.739000
Closed,Major,2010-03-01 17:09:10.447000+00:00,Improvement,hammer,2009-11-19 10:19:32.676000+00:00,2009-11-20 02:50:19.447000+00:00,0,AVRO,hammer,2,AVRO-216,,30,1,Fixed,1449.01902664,216,1,0,0,0,3,11,0 days 16:30:46.771000
Closed,Major,2010-03-01 21:47:26.186000+00:00,Improvement,hammer,2009-11-19 10:15:55.091000+00:00,2010-01-04 17:48:09.850000+00:00,0,AVRO,hammer,2,AVRO-215,210.0,134,0,Won't Fix,1448.82578892,215,1,0,0,0,3,11,46 days 07:32:14.759000
Closed,Major,2011-12-13 19:10:03.716000+00:00,Improvement,cutting,2009-11-18 19:19:25.843000+00:00,2009-11-24 19:08:05.646000+00:00,0,AVRO,cutting,2,AVRO-213,91.0,35,0,Fixed,1449.01903362,213,1,0,0,0,2,11,5 days 23:48:39.803000
Closed,Major,2010-03-01 21:47:26.150000+00:00,Bug,thiru_mg,2009-11-18 13:53:59.117000+00:00,2009-11-21 02:26:59.436000+00:00,0,AVRO,thiru_mg,1,AVRO-212,230.0,70,1,Duplicate,1448.82578933,212,1,0,0,0,2,11,2 days 12:33:00.319000
Closed,Major,2010-03-01 17:09:09.793000+00:00,Bug,thiru_mg,2009-11-18 13:13:33.631000+00:00,2009-11-19 19:16:08.451000+00:00,0,AVRO,sbanacho,4,AVRO-211,178.0,40,1,Fixed,1449.01903422,211,1,0,0,0,2,11,1 days 06:02:34.820000
Closed,Major,2010-03-01 17:09:09.755000+00:00,Bug,thiru_mg,2009-11-18 13:11:27.289000+00:00,2009-11-19 19:15:55.447000+00:00,0,AVRO,sbanacho,7,AVRO-210,1314.0,59,1,Fixed,1449.01903466,210,1,0,0,0,2,11,1 days 06:04:28.158000
Closed,Major,2010-03-01 17:09:09.689000+00:00,Bug,phunt,2009-11-18 05:53:59.213000+00:00,2010-02-04 20:00:36.949000+00:00,0,AVRO,cutting,11,AVRO-208,140.0,56,1,Fixed,1449.01903542,208,1,0,1,0,2,11,78 days 14:06:37.736000
Closed,Minor,2010-03-01 17:09:09.631000+00:00,Bug,phunt,2009-11-18 05:51:25.454000+00:00,2010-01-10 17:26:02.805000+00:00,0,AVRO,hammer,3,AVRO-207,205.0,54,1,Fixed,1449.01903609,207,1,0,1,0,2,11,53 days 11:34:37.351000
Closed,Major,2010-03-01 17:09:09.596000+00:00,Bug,phunt,2009-11-18 05:17:51.868000+00:00,2010-01-13 22:16:19.827000+00:00,0,AVRO,phunt,5,AVRO-206,668.0,66,1,Not A Problem,1449.01903649,206,2,1,1,0,2,11,56 days 16:58:27.959000
Closed,Major,2010-03-01 17:09:09.534000+00:00,Improvement,sbanacho,2009-11-17 18:50:44.358000+00:00,2010-01-04 17:06:33.258000+00:00,0,AVRO,sbanacho,1,AVRO-205,218.0,35,1,Fixed,1449.01903721,205,1,0,0,0,1,11,47 days 22:15:48.900000
Closed,Major,2010-03-01 17:09:09.497000+00:00,Improvement,sbanacho,2009-11-16 22:43:37.723000+00:00,2009-11-17 01:12:28.380000+00:00,0,AVRO,sbanacho,1,AVRO-204,637.0,46,1,Fixed,1449.01903765,204,1,0,0,0,0,11,0 days 02:28:50.657000
Closed,Major,2010-03-01 17:09:09.458000+00:00,Improvement,hammer,2009-11-16 11:44:43.210000+00:00,2009-11-19 00:49:44.190000+00:00,0,AVRO,hammer,3,AVRO-203,179.0,73,0,Fixed,1449.01903809,203,1,0,0,0,0,11,2 days 13:05:00.980000
Closed,Minor,2010-03-01 17:09:09.387000+00:00,Improvement,hammer,2009-11-16 11:14:49.015000+00:00,2009-11-20 02:57:15.251000+00:00,0,AVRO,hammer,14,AVRO-202,137.0,34,1,Fixed,1449.01903892,202,1,0,0,0,0,11,3 days 15:42:26.236000
Closed,Major,2010-03-01 17:09:09.346000+00:00,Improvement,hammer,2009-11-16 10:51:29.983000+00:00,2009-11-19 00:45:53.840000+00:00,0,AVRO,hammer,4,AVRO-201,235.0,57,1,Fixed,1449.01903939,201,1,0,0,0,0,11,2 days 13:54:23.857000
Closed,Minor,2010-03-01 17:09:09.288000+00:00,Improvement,ehillenius,2009-11-16 06:49:56.644000+00:00,2009-11-16 21:42:16.251000+00:00,0,AVRO,,5,AVRO-200,256.0,39,2,Won't Fix,1449.01903989,200,1,1,1,0,0,11,0 days 14:52:19.607000
Closed,Major,2010-03-01 17:09:09.038000+00:00,Improvement,hammer,2009-11-16 05:29:04.265000+00:00,2009-11-19 19:09:50.653000+00:00,0,AVRO,hammer,12,AVRO-199,954.0,29,1,Fixed,1449.01904296,199,1,0,0,0,0,11,3 days 13:40:46.388000
Closed,Major,2010-03-01 17:09:08.993000+00:00,Bug,phunt,2009-11-15 21:41:27.437000+00:00,2010-01-18 21:18:10.747000+00:00,0,AVRO,cutting,2,AVRO-198,394.0,78,1,Fixed,1449.0190435,198,1,0,1,0,6,11,63 days 23:36:43.310000
Closed,Major,2010-03-01 17:09:08.960000+00:00,Improvement,sbanacho,2009-11-14 22:43:39.169000+00:00,2009-11-16 18:21:22.549000+00:00,0,AVRO,sbanacho,1,AVRO-197,334.0,50,1,Fixed,1449.01904387,197,1,0,0,0,5,11,1 days 19:37:43.380000
Closed,Major,2010-03-01 17:09:08.899000+00:00,Improvement,massie,2009-11-13 05:27:56.470000+00:00,2009-11-14 07:10:32.971000+00:00,0,AVRO,massie,1,AVRO-195,532.0,38,0,Fixed,1449.01904458,195,1,0,0,0,4,11,1 days 01:42:36.501000
Closed,Major,2010-03-01 17:09:08.858000+00:00,Bug,sbanacho,2009-11-12 18:19:56.335000+00:00,2009-11-12 19:19:15.319000+00:00,0,AVRO,sbanacho,1,AVRO-194,165.0,33,0,Fixed,1449.01904505,194,1,0,0,0,3,11,0 days 00:59:18.984000
Closed,Major,2011-12-13 19:10:04.272000+00:00,Bug,thiru_mg,2009-11-12 06:37:31.296000+00:00,2009-11-12 23:31:22.065000+00:00,0,AVRO,thiru_mg,3,AVRO-193,129.0,37,0,Fixed,1449.01904547,193,1,0,0,0,3,11,0 days 16:53:50.769000
Closed,Minor,2010-03-01 17:09:08.756000+00:00,Improvement,cutting,2009-11-11 21:22:27.269000+00:00,2009-11-11 22:04:21.930000+00:00,0,AVRO,cutting,4,AVRO-192,162.0,61,1,Fixed,1449.01904624,192,1,1,0,0,2,11,0 days 00:41:54.661000
Closed,Major,2010-03-01 17:09:08.718000+00:00,Bug,cutting,2009-11-11 01:25:49.606000+00:00,2009-11-12 02:18:21.158000+00:00,0,AVRO,sbanacho,3,AVRO-191,276.0,32,0,Fixed,1449.01904669,191,1,0,0,0,2,11,1 days 00:52:31.552000
Closed,Major,2010-03-01 17:09:08.686000+00:00,Improvement,sbanacho,2009-11-10 22:22:11.962000+00:00,2009-11-12 18:17:03.054000+00:00,0,AVRO,sbanacho,2,AVRO-190,197.0,45,0,Fixed,1449.01904706,190,1,0,0,0,1,11,1 days 19:54:51.092000
Closed,Minor,2010-03-01 17:09:08.622000+00:00,Bug,cutting,2009-11-10 18:38:59.696000+00:00,2009-11-10 23:33:35.735000+00:00,0,AVRO,massie,1,AVRO-189,207.0,19,0,Fixed,1449.01904779,189,1,0,0,0,1,11,0 days 04:54:36.039000
Closed,Trivial,2010-03-01 17:09:08.443000+00:00,Bug,cutting,2009-11-10 18:37:52.523000+00:00,2009-11-10 22:09:00.129000+00:00,0,AVRO,massie,2,AVRO-188,173.0,26,0,Fixed,1449.01904987,188,1,0,0,0,1,11,0 days 03:31:07.606000
Closed,Major,2010-03-01 17:09:07.918000+00:00,Improvement,massie,2009-11-10 08:29:38.965000+00:00,2009-11-10 18:52:57.971000+00:00,0,AVRO,massie,6,AVRO-187,137.0,76,0,Fixed,1449.01905584,187,1,0,0,0,1,11,0 days 10:23:19.006000
Closed,Major,2010-03-01 17:09:07.802000+00:00,Improvement,massie,2009-11-09 06:00:24.251000+00:00,2009-11-10 08:34:44.910000+00:00,0,AVRO,massie,2,AVRO-186,228.0,36,1,Fixed,1449.01905729,186,1,0,3,0,0,11,1 days 02:34:20.659000
Closed,Major,2010-03-01 17:09:07.667000+00:00,Improvement,cutting,2009-11-06 22:11:22.840000+00:00,2009-11-11 23:53:15.997000+00:00,0,AVRO,cutting,8,AVRO-185,316.0,37,0,Fixed,1449.01905886,185,1,1,0,0,4,11,5 days 01:41:53.157000
Closed,Minor,2010-03-01 17:09:07.623000+00:00,Bug,thiru_mg,2009-11-06 17:57:02.711000+00:00,2009-12-04 14:36:55.986000+00:00,0,AVRO,thiru_mg,8,AVRO-184,1674.0,36,0,Fixed,1449.01905929,184,1,1,0,0,4,11,27 days 20:39:53.275000
Closed,Major,2010-03-01 17:09:07.539000+00:00,Bug,cutting,2009-11-05 20:28:08.209000+00:00,2009-11-11 21:12:23.006000+00:00,0,AVRO,cutting,14,AVRO-182,264.0,53,0,Fixed,1449.01906028,182,1,1,0,0,3,11,6 days 00:44:14.797000
Closed,Major,2011-12-13 19:10:02.969000+00:00,Task,gkesavan,2009-11-04 19:53:42.868000+00:00,2010-01-14 01:33:09.579000+00:00,0,AVRO,gkesavan,4,AVRO-181,798.0,55,0,Fixed,1449.01906079,181,1,0,0,0,2,11,70 days 05:39:26.711000
Closed,Major,2010-03-01 17:09:07.444000+00:00,Improvement,sbanacho,2009-11-03 18:14:17.178000+00:00,2009-11-03 18:26:23.802000+00:00,0,AVRO,sbanacho,1,AVRO-180,185.0,36,0,Fixed,1449.01906144,180,1,0,0,0,1,11,0 days 00:12:06.624000
Closed,Major,2010-03-01 17:09:07.386000+00:00,Improvement,massie,2009-11-03 02:12:40.164000+00:00,2009-11-03 19:02:47.708000+00:00,0,AVRO,massie,1,AVRO-179,137.0,38,1,Fixed,1449.01906213,179,1,0,3,0,1,11,0 days 16:50:07.544000
Closed,Major,2011-12-13 19:10:03.179000+00:00,Improvement,massie,2009-11-02 15:38:43.587000+00:00,2009-11-03 19:03:47.478000+00:00,0,AVRO,massie,1,AVRO-178,148.0,67,0,Fixed,1449.01906251,178,1,0,3,0,0,11,1 days 03:25:03.891000
Closed,Major,2010-03-01 17:09:07.309000+00:00,Improvement,cutting,2009-10-30 19:53:50.977000+00:00,2009-11-05 21:40:57.420000+00:00,0,AVRO,cutting,2,AVRO-177,58.0,34,0,Fixed,1449.01906302,177,1,1,0,0,4,10,6 days 01:47:06.443000
Closed,Major,2010-03-01 17:09:07.245000+00:00,Bug,sbanacho,2009-10-29 20:43:52.563000+00:00,2009-10-30 02:42:57.694000+00:00,0,AVRO,sbanacho,2,AVRO-176,225.0,62,0,Fixed,1449.01906375,176,1,0,0,0,3,10,0 days 05:59:05.131000
Closed,Major,2010-03-01 17:09:07.040000+00:00,Improvement,massie,2009-10-29 20:17:06.053000+00:00,2009-10-31 23:20:01.195000+00:00,0,AVRO,massie,1,AVRO-175,312.0,75,0,Fixed,1449.01906612,175,1,0,3,0,3,10,2 days 03:02:55.142000
Closed,Minor,2010-04-01 16:50:44.484000+00:00,Improvement,philip,2009-10-28 01:12:36.777000+00:00,2010-03-10 18:47:18.287000+00:00,0,AVRO,cutting,3,AVRO-174,142.0,44,0,Fixed,1418.03182717,174,1,1,0,0,2,10,133 days 17:34:41.510000
Closed,Minor,2011-12-13 19:06:47.245000+00:00,New Feature,philip,2009-10-28 01:11:28.067000+00:00,2010-03-10 18:47:40.905000+00:00,0,AVRO,cutting,2,AVRO-173,78.0,27,0,Fixed,1418.03188385,173,1,1,0,0,2,10,133 days 17:36:12.838000
Closed,Major,2010-03-01 17:09:06.903000+00:00,Improvement,massie,2009-10-26 21:41:39.698000+00:00,2009-10-27 17:48:51.162000+00:00,0,AVRO,massie,1,AVRO-172,843.0,66,1,Fixed,1449.01906771,172,1,0,3,0,0,10,0 days 20:07:11.464000
Closed,Major,2010-03-01 17:09:06.837000+00:00,Bug,mrfish,2009-10-24 13:38:26.050000+00:00,2009-11-13 00:35:47.545000+00:00,0,AVRO,cutting,10,AVRO-171,736.0,61,1,Fixed,1449.01906848,171,1,1,1,0,5,10,19 days 10:57:21.495000
Closed,Major,2010-03-01 17:09:06.788000+00:00,Bug,mrfish,2009-10-24 00:55:54.045000+00:00,2009-11-12 19:43:47.568000+00:00,0,AVRO,cutting,1,AVRO-170,568.0,33,1,Duplicate,1449.01906894,170,1,1,1,0,5,10,19 days 18:47:53.523000
Closed,Trivial,2010-03-01 17:09:06.731000+00:00,Bug,hammer,2009-10-23 10:06:04.286000+00:00,2009-11-05 22:49:10.095000+00:00,0,AVRO,hammer,2,AVRO-169,44.0,25,1,Fixed,1449.01906972,169,1,0,0,0,4,10,13 days 12:43:05.809000
Closed,Major,2010-03-01 17:09:06.643000+00:00,Improvement,massie,2009-10-22 22:05:34.497000+00:00,2009-10-23 18:59:41.361000+00:00,0,AVRO,massie,1,AVRO-168,1316.0,63,0,Fixed,1449.01907074,168,0,0,3,0,3,10,0 days 20:54:06.864000
Closed,Major,2010-03-01 17:09:06.610000+00:00,Improvement,philip,2009-10-21 06:23:55.421000+00:00,2009-10-21 17:46:51.864000+00:00,0,AVRO,philip,1,AVRO-167,465.0,57,0,Fixed,1449.01907111,167,1,1,0,0,2,10,0 days 11:22:56.443000
Closed,Major,2011-12-13 19:06:44.792000+00:00,Improvement,philip,2009-10-21 06:07:26.878000+00:00,2009-10-21 17:11:54.769000+00:00,0,AVRO,philip,2,AVRO-166,536.0,74,0,Fixed,1449.01907176,166,1,1,0,0,2,10,0 days 11:04:27.891000
Closed,Minor,2010-03-01 17:09:06.489000+00:00,Bug,philip,2009-10-21 05:27:07.288000+00:00,2009-10-21 16:47:42.485000+00:00,0,AVRO,philip,2,AVRO-165,152.0,43,0,Fixed,1449.01907253,165,1,1,0,0,2,10,0 days 11:20:35.197000
Closed,Major,2010-03-01 17:09:06.454000+00:00,Improvement,philip,2009-10-21 05:08:27.407000+00:00,2009-11-11 23:54:10.279000+00:00,0,AVRO,cutting,2,AVRO-164,296.0,70,0,Duplicate,1449.01907292,164,1,1,0,0,2,10,21 days 18:45:42.872000
Closed,Critical,2010-03-01 17:09:03.032000+00:00,Improvement,massie,2009-10-20 23:01:20.043000+00:00,2010-01-12 01:13:54.428000+00:00,0,AVRO,cutting,41,AVRO-163,1940.0,56,3,Fixed,1449.01911253,163,4,1,0,0,1,10,83 days 02:12:34.385000
Closed,Major,2010-03-01 17:09:02.973000+00:00,Bug,massie,2009-10-20 22:09:58.629000+00:00,2009-10-22 16:17:27.238000+00:00,0,AVRO,massie,1,AVRO-162,190.0,45,0,Fixed,1449.01911323,162,1,0,0,0,1,10,1 days 18:07:28.609000
Closed,Major,2010-03-01 21:47:26.085000+00:00,Test,hammer,2009-10-20 21:26:57.106000+00:00,2009-12-23 13:14:29.809000+00:00,0,AVRO,hammer,6,AVRO-161,196.0,110,1,Duplicate,1448.82579016,161,1,0,0,0,1,10,63 days 15:47:32.703000
Closed,Major,2010-03-01 17:09:02.892000+00:00,Improvement,cutting,2009-10-20 20:30:35.446000+00:00,2009-12-31 17:32:27.672000+00:00,1,AVRO,cutting,49,AVRO-160,691.0,43,3,Fixed,1449.01911417,160,1,0,0,0,1,10,71 days 21:01:52.226000
Closed,Major,2011-03-12 00:32:47.766000+00:00,Sub-task,chirino,2009-10-20 20:14:09.762000+00:00,2010-12-16 00:41:56.939000+00:00,1,AVRO,scott_carey,10,AVRO-159,,49,5,Fixed,1073.71095589,159,1,1,0,0,1,10,421 days 04:27:47.177000
Closed,Major,2010-03-01 17:09:02.825000+00:00,New Feature,hammer,2009-10-20 20:12:56.692000+00:00,2009-11-07 00:56:33.113000+00:00,0,AVRO,cutting,6,AVRO-158,68.0,34,1,Fixed,1449.01911481,158,1,1,0,0,1,10,17 days 04:43:36.421000
Closed,Major,2010-03-01 17:09:02.754000+00:00,Improvement,sbanacho,2009-10-20 18:20:02.554000+00:00,2009-10-28 20:27:26.547000+00:00,0,AVRO,sbanacho,3,AVRO-157,312.0,24,0,Fixed,1449.01911576,157,1,0,0,0,1,10,8 days 02:07:23.993000
Closed,Trivial,2011-12-13 19:06:49.998000+00:00,Bug,hammer,2009-10-20 08:01:13.357000+00:00,2009-10-20 18:01:58.910000+00:00,0,AVRO,hammer,2,AVRO-156,93.0,54,0,Fixed,1449.01911626,156,1,1,0,0,1,10,0 days 10:00:45.553000
Closed,Major,2010-03-01 17:09:02.639000+00:00,Improvement,hammer,2009-10-19 08:53:31.608000+00:00,2009-10-20 06:27:16.985000+00:00,0,AVRO,hammer,5,AVRO-155,367.0,36,1,Fixed,1449.01911694,155,1,0,0,0,0,10,0 days 21:33:45.377000
Closed,Major,2011-12-13 19:06:52.776000+00:00,New Feature,philip,2009-10-16 06:17:34.729000+00:00,2009-11-20 04:39:47.995000+00:00,0,AVRO,philip,7,AVRO-154,373.0,38,1,Fixed,1449.01911785,154,1,1,0,0,4,10,34 days 22:22:13.266000
Closed,Major,2011-12-13 19:06:52.439000+00:00,New Feature,philip,2009-10-16 03:00:34.741000+00:00,2010-01-08 19:50:19.663000+00:00,0,AVRO,philip,16,AVRO-152,151.0,70,1,Fixed,1449.01911836,152,1,1,0,0,4,10,84 days 16:49:44.922000
Closed,Major,2010-03-01 17:09:02.457000+00:00,New Feature,massie,2009-10-15 23:35:56.666000+00:00,2009-10-15 23:44:43.197000+00:00,0,AVRO,massie,7,AVRO-151,1443.0,34,0,Fixed,1449.01911902,151,1,0,0,0,3,10,0 days 00:08:46.531000
Closed,Major,2010-09-08 21:07:37.518000+00:00,Bug,cutting,2009-10-15 16:48:32.415000+00:00,2010-06-15 23:39:38.586000+00:00,0,AVRO,johnyu0520,12,AVRO-150,121.0,50,2,Fixed,1257.85343558,150,1,1,1,0,3,10,243 days 06:51:06.171000
Closed,Major,2010-03-01 17:09:02.370000+00:00,New Feature,philip,2009-10-15 05:42:37.899000+00:00,2009-10-27 23:59:03.210000+00:00,0,AVRO,philip,18,AVRO-149,178.0,60,1,Fixed,1449.01912022,149,0,0,0,0,3,10,12 days 18:16:25.311000
Closed,Major,2010-03-01 17:09:02.293000+00:00,Improvement,sbanacho,2009-10-14 01:27:53.180000+00:00,2009-10-20 22:32:20.206000+00:00,0,AVRO,sbanacho,5,AVRO-148,126.0,35,0,Fixed,1449.01912111,148,1,0,0,0,2,10,6 days 21:04:27.026000
Closed,Major,2010-03-01 17:09:01.999000+00:00,Improvement,sbanacho,2009-10-14 01:01:15.668000+00:00,2009-10-15 15:47:48.236000+00:00,0,AVRO,sbanacho,11,AVRO-147,214.0,43,0,Fixed,1449.0191242,147,1,0,0,0,2,10,1 days 14:46:32.568000
Closed,Major,2011-12-13 19:08:34.553000+00:00,New Feature,philip,2009-10-14 00:11:59.496000+00:00,2009-10-22 22:24:49.443000+00:00,0,AVRO,philip,13,AVRO-146,1032.0,44,1,Fixed,1449.01912537,146,1,0,0,0,2,10,8 days 22:12:49.947000
Closed,Minor,2010-03-01 17:09:01.637000+00:00,Improvement,philip,2009-10-13 19:56:34.503000+00:00,2009-10-14 20:47:17.701000+00:00,0,AVRO,philip,6,AVRO-142,472.0,49,0,Fixed,1449.01912792,142,1,1,0,0,1,10,1 days 00:50:43.198000
Closed,Major,2010-03-01 17:10:28.287000+00:00,Bug,isabel,2009-10-13 07:41:16.912000+00:00,2009-10-14 18:54:22.834000+00:00,0,AVRO,isabel,2,AVRO-141,384.0,91,1,Fixed,1449.01812556,141,1,1,1,0,1,10,1 days 11:13:05.922000
Closed,Major,2009-10-14 18:53:06.270000+00:00,Improvement,cutting,2009-10-08 21:06:52.065000+00:00,2009-10-09 20:54:59.077000+00:00,0,AVRO,cutting,2,AVRO-140,41.0,44,0,Fixed,1586.94685287,140,1,1,0,0,3,10,0 days 23:48:07.012000
Closed,Major,2009-10-14 18:53:06.210000+00:00,New Feature,cutting,2009-10-08 20:33:46.435000+00:00,2009-10-09 20:53:07.055000+00:00,0,AVRO,cutting,2,AVRO-139,190.0,42,1,Fixed,1586.94685357,139,1,1,0,0,3,10,1 days 00:19:20.620000
Closed,Major,2011-12-13 19:06:51.385000+00:00,Bug,thiru_mg,2009-10-07 19:02:42.198000+00:00,2009-10-07 19:41:36.718000+00:00,0,AVRO,thiru_mg,1,AVRO-138,618.0,46,0,Fixed,1586.94685421,138,1,1,0,0,2,10,0 days 00:38:54.520000
Closed,Major,2012-05-11 21:19:59.238000+00:00,Bug,amareshwari,2009-10-07 06:35:31.471000+00:00,2009-10-09 06:00:46.969000+00:00,0,AVRO,sharadag,4,AVRO-137,108.0,60,0,Fixed,1586.94685484,137,1,1,0,0,2,10,1 days 23:25:15.498000
Closed,Major,2010-03-01 17:10:28.177000+00:00,Improvement,phunt,2009-10-06 06:14:04.690000+00:00,2010-02-16 21:25:35.502000+00:00,0,AVRO,hammer,19,AVRO-136,77.0,46,3,Fixed,1449.01812711,136,1,0,1,0,1,10,133 days 15:11:30.812000
Closed,Blocker,2010-03-01 17:10:27.938000+00:00,New Feature,cutting,2009-10-05 21:50:03.066000+00:00,2010-01-22 01:30:13.370000+00:00,0,AVRO,philip,27,AVRO-135,71.0,29,8,Fixed,1449.01812987,135,2,1,0,0,0,10,108 days 03:40:10.304000
Closed,Major,2011-12-13 19:06:45.948000+00:00,Bug,thiru_mg,2009-10-05 21:05:34.639000+00:00,2009-10-07 18:36:56.806000+00:00,0,AVRO,thiru_mg,7,AVRO-134,521.0,72,2,Fixed,1586.94685696,134,1,1,0,0,0,10,1 days 21:31:22.167000
Closed,Major,2009-10-14 18:53:05.847000+00:00,Bug,jonbratseth,2009-10-05 17:10:33.045000+00:00,2009-10-06 17:39:41.126000+00:00,0,AVRO,cutting,7,AVRO-133,227.0,39,1,Fixed,1586.94685778,133,1,0,0,0,0,10,1 days 00:29:08.081000
Closed,Major,2009-10-20 18:08:09.837000+00:00,Bug,sbanacho,2009-10-02 19:11:14.286000+00:00,2009-10-08 00:13:50.355000+00:00,0,AVRO,sbanacho,4,AVRO-132,407.0,68,0,Fixed,1580.97806111,132,1,0,0,0,4,10,5 days 05:02:36.069000
Closed,Major,2011-12-13 19:06:53.755000+00:00,Improvement,gkesavan,2009-09-30 11:30:52.517000+00:00,2009-10-06 21:33:34.160000+00:00,0,AVRO,gkesavan,2,AVRO-131,99.0,52,0,Fixed,1586.94685855,131,1,1,1,0,2,9,6 days 10:02:41.643000
Closed,Major,2010-03-01 17:10:27.879000+00:00,Bug,phunt,2009-09-30 04:09:39.001000+00:00,2010-01-07 19:27:23.581000+00:00,0,AVRO,hammer,2,AVRO-130,792.0,71,1,Fixed,1449.01813056,130,1,0,1,0,2,9,99 days 15:17:44.580000
Closed,Major,2009-10-14 18:53:05.646000+00:00,New Feature,cutting,2009-09-29 21:10:49.573000+00:00,2009-09-30 20:53:08.598000+00:00,0,AVRO,cutting,2,AVRO-129,45.0,26,2,Fixed,1586.94686012,129,1,1,0,0,1,9,0 days 23:42:19.025000
Closed,Minor,2011-12-13 19:06:52.618000+00:00,Improvement,yangyangyyy,2009-09-28 20:59:43.470000+00:00,2010-01-14 01:36:38.491000+00:00,0,AVRO,,1,AVRO-128,584.0,27,2,Not A Problem,1448.82579073,128,1,1,0,0,0,9,107 days 04:36:55.021000
Closed,Major,2011-12-13 19:06:46.167000+00:00,New Feature,yangyangyyy,2009-09-28 16:41:55.933000+00:00,2009-09-29 00:23:03.129000+00:00,0,AVRO,,4,AVRO-127,363.0,62,2,Fixed,1580.97806466,127,1,1,0,0,0,9,0 days 07:41:07.196000
Closed,Major,2010-03-01 21:47:25.863000+00:00,Improvement,floleibert,2009-09-28 07:55:07.227000+00:00,2010-01-12 22:32:16.041000+00:00,0,AVRO,,7,AVRO-126,252.0,90,2,Duplicate,1448.82579264,126,1,1,0,0,0,9,106 days 14:37:08.814000
Closed,Major,2009-10-14 18:53:05.608000+00:00,Bug,cutting,2009-09-25 19:22:33.875000+00:00,2009-09-25 21:47:26.952000+00:00,0,AVRO,cutting,2,AVRO-125,92.0,43,1,Fixed,1586.94686057,125,1,0,1,0,4,9,0 days 02:24:53.077000
Closed,Blocker,2009-10-14 18:53:05.519000+00:00,Bug,phunt,2009-09-25 18:00:30.059000+00:00,2009-09-25 22:10:11.894000+00:00,0,AVRO,cutting,5,AVRO-124,418.0,58,0,Fixed,1586.94686159,124,1,1,1,0,4,9,0 days 04:09:41.835000
Closed,Blocker,2009-10-14 18:53:05.456000+00:00,Bug,phunt,2009-09-25 07:49:34.055000+00:00,2009-09-25 21:23:14.413000+00:00,0,AVRO,cutting,4,AVRO-123,711.0,67,0,Fixed,1586.94686233,123,1,1,1,0,4,9,0 days 13:33:40.358000
Closed,Minor,2009-10-14 18:53:05.398000+00:00,Bug,phunt,2009-09-24 18:11:19.457000+00:00,2009-09-24 21:46:43.638000+00:00,0,AVRO,phunt,2,AVRO-122,664.0,57,0,Fixed,1586.94686299,122,1,1,1,0,3,9,0 days 03:35:24.181000
Closed,Critical,2009-10-14 18:53:05.371000+00:00,Improvement,cutting,2009-09-23 19:36:33.777000+00:00,2009-09-24 21:34:27.091000+00:00,0,AVRO,cutting,2,AVRO-121,297.0,73,0,Fixed,1586.9468633,121,1,1,0,0,2,9,1 days 01:57:53.314000
Closed,Major,2009-10-14 18:53:05.305000+00:00,Improvement,cutting,2009-09-23 18:58:11.756000+00:00,2009-09-25 21:11:01.700000+00:00,0,AVRO,cutting,6,AVRO-120,276.0,48,0,Fixed,1586.94686407,120,1,1,1,0,2,9,2 days 02:12:49.944000
Closed,Major,2009-10-14 18:53:05.265000+00:00,Bug,cutting,2009-09-22 18:08:50.036000+00:00,2009-09-23 22:38:09.353000+00:00,0,AVRO,cutting,2,AVRO-119,72.0,45,0,Fixed,1586.94686455,119,1,1,1,0,1,9,1 days 04:29:19.317000
Closed,Major,2009-10-14 18:53:05.156000+00:00,Bug,cutting,2009-09-22 18:03:16.675000+00:00,2009-09-24 21:42:30.964000+00:00,0,AVRO,thiru_mg,5,AVRO-118,105.0,60,1,Fixed,1586.9468655,118,1,1,1,0,1,9,2 days 03:39:14.289000
Closed,Major,2009-10-14 18:53:05.046000+00:00,Bug,sbanacho,2009-09-21 23:37:20.438000+00:00,2009-09-23 22:40:56.663000+00:00,0,AVRO,sbanacho,6,AVRO-117,359.0,38,0,Fixed,1586.94686689,117,1,0,0,0,0,9,1 days 23:03:36.225000
Closed,Major,2009-10-14 18:53:04.785000+00:00,Improvement,sbanacho,2009-09-19 20:09:01.206000+00:00,2009-09-22 18:51:22.328000+00:00,0,AVRO,sbanacho,4,AVRO-116,244.0,35,1,Fixed,1586.94687001,116,1,0,0,0,5,9,2 days 22:42:21.122000
Closed,Major,2009-10-14 18:53:04.744000+00:00,Improvement,cutting,2009-09-11 18:44:42.177000+00:00,2009-09-23 22:34:45.353000+00:00,1,AVRO,cutting,2,AVRO-115,1107.0,19,2,Fixed,1586.94687043,115,1,0,0,0,4,9,12 days 03:50:03.176000
Closed,Major,2011-12-13 19:08:34.885000+00:00,Bug,massie,2009-09-11 04:54:50.155000+00:00,2009-09-11 17:32:25.982000+00:00,0,AVRO,massie,3,AVRO-114,58.0,57,1,Fixed,1614.79498681,114,1,0,0,0,4,9,0 days 12:37:35.827000
Closed,Major,2009-10-14 18:53:04.645000+00:00,Bug,sbanacho,2009-09-08 21:10:33.815000+00:00,2009-09-22 18:47:48.370000+00:00,0,AVRO,sbanacho,1,AVRO-113,348.0,45,0,Fixed,1586.94687164,113,1,0,0,0,1,9,13 days 21:37:14.555000
Closed,Trivial,2009-09-16 22:31:47.411000+00:00,Improvement,sbanacho,2009-09-04 22:30:06.596000+00:00,2009-09-08 20:23:16.283000+00:00,0,AVRO,sbanacho,2,AVRO-112,70.0,52,0,Fixed,1614.79498787,112,1,0,0,0,4,9,3 days 21:53:09.687000
Closed,Major,2009-09-16 22:31:47.335000+00:00,Improvement,cutting,2009-09-02 18:18:46.252000+00:00,2009-09-04 16:40:00.092000+00:00,0,AVRO,cutting,1,AVRO-111,,31,0,Fixed,1614.79498856,111,1,0,0,0,2,9,1 days 22:21:13.840000
Closed,Major,2009-09-16 22:31:47.223000+00:00,Improvement,cutting,2009-09-01 18:33:07.150000+00:00,2009-09-02 18:12:36.845000+00:00,0,AVRO,cutting,2,AVRO-110,564.0,59,0,Fixed,1614.79498976,110,1,1,0,0,1,9,0 days 23:39:29.695000
Closed,Major,2009-09-16 22:31:46.689000+00:00,New Feature,cutting,2009-08-28 16:46:10.390000+00:00,2009-09-03 21:20:17.005000+00:00,0,AVRO,cutting,4,AVRO-109,259.0,40,0,Fixed,1614.79499623,109,1,0,0,0,4,8,6 days 04:34:06.615000
Closed,Major,2009-09-16 22:31:46.662000+00:00,New Feature,cutting,2009-08-28 16:36:37.969000+00:00,2009-08-31 18:05:37.990000+00:00,0,AVRO,cutting,5,AVRO-108,459.0,21,2,Fixed,1614.79499654,108,1,1,0,0,4,8,3 days 01:29:00.021000
Closed,Minor,2009-09-16 22:31:46.619000+00:00,Bug,cutting,2009-08-27 22:21:21.535000+00:00,2009-08-27 22:25:14.112000+00:00,0,AVRO,cutting,1,AVRO-107,180.0,73,0,Fixed,1614.79499703,107,1,1,1,0,3,8,0 days 00:03:52.577000
Closed,Major,2009-09-16 22:31:46.504000+00:00,Bug,ehillenius,2009-08-20 07:07:20.860000+00:00,2009-08-25 22:53:29.284000+00:00,0,AVRO,ehillenius,26,AVRO-104,91.0,33,1,Fixed,1614.79499837,104,1,1,2,0,3,8,5 days 15:46:08.424000
Closed,Major,2009-10-14 18:53:04.594000+00:00,New Feature,ehillenius,2009-08-19 04:34:27.849000+00:00,2009-09-30 21:54:23.098000+00:00,0,AVRO,cutting,4,AVRO-103,375.0,79,0,Fixed,1586.94687234,103,1,1,2,0,2,8,42 days 17:19:55.249000
Closed,Trivial,2009-09-16 22:31:46.413000+00:00,Task,ehillenius,2009-08-19 04:15:42.614000+00:00,2009-08-21 22:44:48.417000+00:00,0,AVRO,ehillenius,1,AVRO-102,66.0,43,0,Fixed,1614.79499932,102,1,1,2,0,2,8,2 days 18:29:05.803000
Closed,Major,2009-10-14 18:53:04.524000+00:00,Bug,ehillenius,2009-08-19 04:12:26.269000+00:00,2009-09-25 21:56:06.884000+00:00,0,AVRO,ehillenius,3,AVRO-101,478.0,59,0,Fixed,1586.946873,101,1,1,2,0,2,8,37 days 17:43:40.615000
Closed,Major,2009-09-16 22:31:46.361000+00:00,Wish,sbanacho,2009-08-18 20:35:13.683000+00:00,2009-08-18 22:29:30.782000+00:00,0,AVRO,cutting,1,AVRO-100,146.0,55,0,Fixed,1614.7949998,100,1,0,0,0,1,8,0 days 01:54:17.099000
Closed,Major,2009-10-14 18:53:04.425000+00:00,Improvement,sbanacho,2009-08-18 18:27:50.367000+00:00,2009-09-22 18:36:03.600000+00:00,0,AVRO,sbanacho,2,AVRO-99,321.0,51,0,Fixed,1586.94687421,99,1,0,0,0,1,8,35 days 00:08:13.233000
Closed,Major,2009-09-16 22:31:46.264000+00:00,Improvement,sbanacho,2009-08-18 18:24:23.830000+00:00,2009-09-03 16:23:20.535000+00:00,0,AVRO,sbanacho,9,AVRO-98,235.0,31,0,Fixed,1614.79500116,98,1,0,0,0,1,8,15 days 21:58:56.705000
Closed,Major,2009-09-16 22:31:46.195000+00:00,Bug,sbanacho,2009-08-18 17:45:13.272000+00:00,2009-08-18 21:07:26.333000+00:00,0,AVRO,sbanacho,2,AVRO-97,358.0,21,0,Fixed,1614.79500196,97,1,0,0,0,1,8,0 days 03:22:13.061000
Closed,Trivial,2009-10-14 18:53:04.306000+00:00,Improvement,ehillenius,2009-08-18 16:50:46.252000+00:00,2009-09-25 22:16:48.013000+00:00,0,AVRO,,4,AVRO-96,304.0,47,0,Duplicate,1586.94687545,96,1,1,2,0,1,8,38 days 05:26:01.761000
Closed,Major,2009-08-19 04:39:32.696000+00:00,Bug,ehillenius,2009-08-16 00:52:34.669000+00:00,2009-08-18 19:59:41.736000+00:00,0,AVRO,cutting,13,AVRO-95,457.0,72,2,Fixed,1643.53960248,95,1,1,1,0,6,8,2 days 19:07:07.067000
Closed,Major,2009-08-25 05:54:01.613000+00:00,Bug,ehillenius,2009-08-15 21:55:41.496000+00:00,2009-08-25 05:53:22.523000+00:00,0,AVRO,,7,AVRO-94,700.0,64,2,Invalid,1637.48787908,94,1,1,2,0,5,8,9 days 07:57:41.027000
Closed,Major,2009-08-19 04:39:00.832000+00:00,Bug,ehillenius,2009-08-15 21:02:08.523000+00:00,2009-08-19 04:38:41.314000+00:00,0,AVRO,,3,AVRO-93,169.0,42,1,Won't Fix,1643.53997144,93,1,1,2,0,5,8,3 days 07:36:32.791000
Closed,Major,2009-09-16 22:31:46.168000+00:00,New Feature,cutting,2009-08-14 19:47:30.048000+00:00,2009-08-28 16:31:38.397000+00:00,0,AVRO,cutting,2,AVRO-92,95.0,34,1,Fixed,1614.79500228,92,1,0,1,0,4,8,13 days 20:44:08.349000
Closed,Major,2009-09-16 22:31:46.028000+00:00,Bug,cutting,2009-08-14 18:24:15.901000+00:00,2009-08-18 19:43:57.856000+00:00,0,AVRO,cutting,4,AVRO-90,374.0,46,2,Fixed,1614.7950039,90,1,1,1,0,4,8,4 days 01:19:41.955000
Closed,Major,2009-09-25 21:15:04.868000+00:00,Improvement,cutting,2009-08-12 17:06:33.606000+00:00,2009-08-12 22:35:14.117000+00:00,0,AVRO,cutting,4,AVRO-89,181.0,57,0,Fixed,1614.79500479,89,1,1,0,0,2,8,0 days 05:28:40.511000
Closed,Major,2009-09-16 22:31:45.895000+00:00,Bug,ravidotg,2009-08-11 13:02:21.889000+00:00,2009-08-18 20:50:20.662000+00:00,0,AVRO,ravidotg,4,AVRO-88,436.0,56,0,Fixed,1614.79500544,88,1,1,0,0,1,8,7 days 07:47:58.773000
Closed,Major,2009-09-16 22:31:45.810000+00:00,Bug,cutting,2009-07-31 23:29:09.334000+00:00,2009-08-12 16:39:45.397000+00:00,0,AVRO,thiru_mg,4,AVRO-87,39.0,28,0,Fixed,1614.79500622,87,1,1,0,0,4,7,11 days 17:10:36.063000
Closed,Blocker,2010-09-08 21:07:37.143000+00:00,Bug,cutting,2009-07-31 20:32:54.610000+00:00,2010-08-25 17:44:32.254000+00:00,0,AVRO,cutting,6,AVRO-86,,92,1,Fixed,1257.85343995,86,1,1,2,0,4,7,389 days 21:11:37.644000
Closed,Major,2009-09-16 22:31:45.722000+00:00,Bug,thiru_mg,2009-07-28 22:28:33.027000+00:00,2009-07-31 20:12:57.299000+00:00,0,AVRO,thiru_mg,2,AVRO-85,946.0,59,1,Fixed,1614.79500745,85,0,0,0,0,1,7,2 days 21:44:24.272000
Closed,Major,2009-09-16 22:31:45.692000+00:00,Bug,raymie,2009-07-28 13:48:18.540000+00:00,2009-07-31 20:14:25.749000+00:00,0,AVRO,cutting,1,AVRO-84,429.0,35,1,Fixed,1614.79500781,84,1,0,0,0,1,7,3 days 06:26:07.209000
Closed,Major,2009-09-16 22:31:45.635000+00:00,Improvement,cutting,2009-07-23 18:35:12.444000+00:00,2009-08-18 22:32:27.700000+00:00,0,AVRO,cutting,2,AVRO-83,147.0,56,1,Fixed,1614.79500847,83,1,1,1,0,3,7,26 days 03:57:15.256000
Closed,Minor,2009-09-16 22:31:45.562000+00:00,Improvement,thiru_mg,2009-07-23 05:10:47.902000+00:00,2009-07-28 18:50:35.856000+00:00,0,AVRO,thiru_mg,6,AVRO-82,290.0,60,0,Fixed,1614.79500931,82,1,1,0,0,3,7,5 days 13:39:47.954000
Closed,Major,2011-12-13 19:06:46.710000+00:00,Test,cos,2009-07-22 20:08:37.996000+00:00,2009-07-28 21:55:00.512000+00:00,0,AVRO,cos,6,AVRO-81,303.0,63,2,Fixed,1614.7950103,81,1,1,0,0,2,7,6 days 01:46:22.516000
Closed,Major,2010-03-01 17:10:27.814000+00:00,Bug,sharadag,2009-07-20 03:44:49.395000+00:00,2009-11-20 22:58:44.860000+00:00,0,AVRO,cutting,11,AVRO-80,184.0,62,4,Fixed,1449.01813119,80,1,1,0,0,0,7,123 days 19:13:55.465000
Closed,Major,2009-09-16 22:31:45.394000+00:00,Bug,thiru_mg,2009-07-18 04:29:51.019000+00:00,2009-07-20 21:04:14.248000+00:00,0,AVRO,thiru_mg,1,AVRO-79,347.0,62,0,Fixed,1614.79501107,79,1,1,0,0,5,7,2 days 16:34:23.229000
Closed,Major,2009-09-16 22:31:45.321000+00:00,Bug,sharadag,2009-07-15 03:11:26.505000+00:00,2009-07-16 20:34:35.525000+00:00,0,AVRO,cutting,4,AVRO-78,92.0,54,0,Fixed,1614.79501189,78,1,1,1,0,2,7,1 days 17:23:09.020000
Closed,Major,2009-07-14 22:50:14.709000+00:00,Bug,massie,2009-07-09 03:30:22.557000+00:00,2009-07-09 17:22:48.098000+00:00,0,AVRO,massie,1,AVRO-77,206.0,66,1,Fixed,1678.78217196,77,1,0,1,0,3,7,0 days 13:52:25.541000
Closed,Major,2009-09-16 22:31:45.249000+00:00,Sub-task,gmporter,2009-07-06 17:31:40.765000+00:00,2009-07-31 22:56:50.636000+00:00,0,AVRO,gmporter,15,AVRO-76,,56,1,Fixed,1614.79501283,76,1,1,0,0,0,7,25 days 05:25:09.871000
Closed,Major,2010-03-01 17:10:27.719000+00:00,Bug,raymie,2009-07-06 12:33:40.105000+00:00,2010-01-08 20:16:26.930000+00:00,0,AVRO,cutting,9,AVRO-75,830.0,43,2,Fixed,1449.0181325,75,1,0,0,0,0,7,186 days 07:42:46.825000
Closed,Blocker,2011-12-13 19:10:03.527000+00:00,Bug,cutting,2009-07-04 16:45:48.295000+00:00,2009-07-04 17:03:33.200000+00:00,0,AVRO,cutting,1,AVRO-74,281.0,42,0,Fixed,1678.78217241,74,1,0,0,0,5,7,0 days 00:17:44.905000
Closed,Major,2009-07-14 22:50:14.611000+00:00,Sub-task,massie,2009-07-03 20:29:11.026000+00:00,2009-07-06 11:29:02.063000+00:00,0,AVRO,sharadag,7,AVRO-73,,28,1,Fixed,1678.78217312,73,0,0,0,0,4,7,2 days 14:59:51.037000
Closed,Major,2011-12-13 19:10:02.374000+00:00,Task,massie,2009-07-03 20:19:37.577000+00:00,2009-07-14 22:49:09.594000+00:00,0,AVRO,cutting,1,AVRO-72,66.0,24,1,Fixed,1678.78217346,72,1,0,1,0,4,7,11 days 02:29:32.017000
Closed,Major,2009-09-16 22:31:45.166000+00:00,Improvement,sbanacho,2009-07-03 18:30:11.641000+00:00,2009-07-14 22:52:54.855000+00:00,0,AVRO,sbanacho,7,AVRO-71,239.0,51,0,Fixed,1614.79501383,71,1,0,0,0,4,7,11 days 04:22:43.214000
Closed,Major,2009-07-14 22:50:14.544000+00:00,Sub-task,massie,2009-07-03 18:05:45.430000+00:00,2009-07-04 16:30:27.142000+00:00,0,AVRO,massie,1,AVRO-70,83.0,46,1,Fixed,1678.78217388,70,1,0,0,0,4,7,0 days 22:24:41.712000
Closed,Major,2009-07-14 22:50:14.496000+00:00,Sub-task,massie,2009-07-03 05:05:12.797000+00:00,2009-07-04 16:27:38.039000+00:00,0,AVRO,massie,1,AVRO-69,201.0,79,1,Fixed,1678.78217445,69,0,0,1,0,4,7,1 days 11:22:25.242000
Closed,Major,2009-07-14 22:50:14.464000+00:00,Improvement,massie,2009-07-03 01:44:16.543000+00:00,2009-07-03 04:35:27.483000+00:00,0,AVRO,massie,3,AVRO-68,152.0,58,1,Fixed,1678.78217482,68,0,0,0,0,4,7,0 days 02:51:10.940000
Closed,Major,2009-07-14 22:50:14.413000+00:00,Sub-task,gmporter,2009-06-30 19:42:39.807000+00:00,2009-06-30 21:46:54.244000+00:00,0,AVRO,gmporter,2,AVRO-67,48.0,48,2,Fixed,1678.78217541,67,1,0,0,0,1,6,0 days 02:04:14.437000
Closed,Major,2009-07-14 22:50:14.330000+00:00,New Feature,gmporter,2009-06-30 19:41:19.138000+00:00,2009-07-01 21:02:34.595000+00:00,0,AVRO,gmporter,16,AVRO-66,141.0,55,2,Fixed,1678.78217638,66,5,1,0,0,1,6,1 days 01:21:15.457000
Closed,Major,2009-09-04 16:43:14.351000+00:00,New Feature,cutting,2009-06-29 16:48:14.747000+00:00,2009-07-15 18:36:32.929000+00:00,0,AVRO,,4,AVRO-65,80.0,38,2,Duplicate,1627.03703725,65,1,1,0,0,0,6,16 days 01:48:18.182000
Closed,Major,2009-07-14 22:50:14.268000+00:00,Bug,gmporter,2009-06-29 16:18:05.236000+00:00,2009-07-07 11:47:10.563000+00:00,0,AVRO,sharadag,7,AVRO-64,218.0,60,1,Fixed,1678.7821771,64,1,0,0,0,0,6,7 days 19:29:05.327000
Closed,Major,2009-09-04 16:43:14.220000+00:00,Improvement,cutting,2009-06-25 19:57:04.591000+00:00,2009-08-27 22:26:05.318000+00:00,0,AVRO,,1,AVRO-63,730.0,58,0,Won't Fix,1627.03703858,63,1,1,0,0,3,6,63 days 02:29:00.727000
Closed,Major,2009-07-14 23:04:48.355000+00:00,Improvement,sharadag,2009-06-25 11:58:57.381000+00:00,2009-06-26 08:26:38.918000+00:00,0,AVRO,,3,AVRO-62,213.0,49,0,Won't Fix,1678.77206035,62,0,0,0,0,3,6,0 days 20:27:41.537000
Closed,Major,2009-09-16 22:31:45.097000+00:00,Bug,thiru_mg,2009-06-24 07:26:40.170000+00:00,2009-08-18 20:57:10.951000+00:00,0,AVRO,ravidotg,3,AVRO-61,901.0,42,1,Fixed,1614.79501455,61,1,0,0,0,2,6,55 days 13:30:30.781000
Closed,Major,2009-09-16 22:31:44.988000+00:00,Sub-task,massie,2009-06-22 22:45:43.195000+00:00,2009-07-14 22:59:48.071000+00:00,0,AVRO,massie,3,AVRO-60,,54,1,Fixed,1614.79501575,60,1,0,0,0,0,6,22 days 00:14:04.876000
Closed,Major,2009-07-14 22:50:14.209000+00:00,Improvement,sbanacho,2009-06-20 19:35:20.201000+00:00,2009-06-25 19:13:01.190000+00:00,0,AVRO,sbanacho,3,AVRO-59,751.0,50,1,Fixed,1678.78217778,59,1,0,0,0,5,6,4 days 23:37:40.989000
Closed,Major,2009-07-14 22:50:14.154000+00:00,New Feature,massie,2009-06-20 02:42:05.327000+00:00,2009-06-23 20:18:10.366000+00:00,0,AVRO,massie,13,AVRO-58,356.0,17,2,Fixed,1678.78217842,58,1,0,0,0,5,6,3 days 17:36:05.039000
Closed,Major,2009-07-14 22:50:14.110000+00:00,Improvement,cutting,2009-06-19 21:28:27.972000+00:00,2009-06-23 20:38:59.328000+00:00,0,AVRO,cutting,3,AVRO-57,342.0,57,0,Fixed,1678.78217875,57,1,1,0,0,4,6,3 days 23:10:31.356000
Closed,Major,2009-07-14 22:50:14.077000+00:00,Improvement,cutting,2009-06-18 22:12:21.367000+00:00,2009-06-19 20:46:14.878000+00:00,0,AVRO,cutting,2,AVRO-56,359.0,28,2,Fixed,1678.78217932,56,1,1,0,0,3,6,0 days 22:33:53.511000
Closed,Major,2009-07-14 22:50:13.996000+00:00,Improvement,cutting,2009-06-17 23:10:25.139000+00:00,2009-06-18 20:11:20.690000+00:00,0,AVRO,cutting,1,AVRO-55,209.0,23,1,Fixed,1678.78218017,55,1,0,0,0,2,6,0 days 21:00:55.551000
Closed,Major,2009-09-16 22:31:44.912000+00:00,Improvement,cutting,2009-06-16 21:07:47.112000+00:00,2009-07-18 04:18:44.194000+00:00,0,AVRO,cutting,2,AVRO-54,117.0,21,1,Fixed,1614.79501687,54,1,1,0,0,1,6,31 days 07:10:57.082000
Closed,Major,2009-07-14 22:50:13.946000+00:00,Improvement,cutting,2009-06-16 20:59:43.976000+00:00,2009-06-17 20:20:40.655000+00:00,0,AVRO,cutting,3,AVRO-53,49.0,32,1,Fixed,1678.78218083,53,1,1,0,0,1,6,0 days 23:20:56.679000
Closed,Major,2009-07-14 22:50:13.885000+00:00,Bug,philip,2009-06-13 17:36:22.499000+00:00,2009-06-15 05:47:22.166000+00:00,0,AVRO,philip,1,AVRO-51,84.0,33,2,Fixed,1678.78218155,51,1,0,0,0,5,6,1 days 12:10:59.667000
Closed,Major,2009-09-16 22:31:44.807000+00:00,New Feature,philip,2009-06-13 16:56:07.895000+00:00,2009-07-22 20:21:18.971000+00:00,1,AVRO,cutting,23,AVRO-50,752.0,45,3,Fixed,1614.79501799,50,1,0,0,0,5,6,39 days 03:25:11.076000
Closed,Major,2009-07-14 23:04:48.250000+00:00,Improvement,ijuma,2009-06-10 20:38:13.648000+00:00,2009-06-23 19:57:02.204000+00:00,0,AVRO,,6,AVRO-49,402.0,26,2,Won't Fix,1678.77206146,49,1,0,0,0,2,6,12 days 23:18:48.556000
Closed,Minor,2009-07-14 22:50:13.806000+00:00,Task,thiru_mg,2009-06-06 04:13:03.651000+00:00,2009-06-08 21:54:31.105000+00:00,0,AVRO,thiru_mg,1,AVRO-48,99.0,87,0,Fixed,1678.78218236,48,1,1,1,0,5,6,2 days 17:41:27.454000
Closed,Major,2010-03-01 17:10:27.593000+00:00,Bug,anomalizer,2009-06-05 20:21:33.718000+00:00,2010-01-22 22:42:52.200000+00:00,0,AVRO,sbanacho,8,AVRO-47,388.0,40,2,Fixed,1449.01813366,47,1,0,0,0,4,6,231 days 02:21:18.482000
Closed,Major,2009-07-14 22:50:13.766000+00:00,Bug,sharadag,2009-06-03 05:56:40.878000+00:00,2009-06-25 18:12:19.825000+00:00,0,AVRO,sharadag,2,AVRO-46,70.0,44,0,Fixed,1678.78218294,46,1,0,0,0,2,6,22 days 12:15:38.947000
Closed,Major,2009-07-14 22:50:13.701000+00:00,Bug,sbanacho,2009-06-03 00:27:44.724000+00:00,2009-06-03 17:46:58.283000+00:00,0,AVRO,sbanacho,2,AVRO-45,328.0,42,0,Fixed,1678.78218369,45,1,0,0,0,2,6,0 days 17:19:13.559000
Closed,Minor,2009-07-14 22:50:10.161000+00:00,Bug,cutting,2009-06-02 19:08:33.102000+00:00,2009-06-03 00:11:08.675000+00:00,0,AVRO,massie,3,AVRO-44,184.0,41,0,Fixed,1678.78222459,44,1,0,0,0,1,6,0 days 05:02:35.573000
Closed,Trivial,2011-12-13 19:10:02.628000+00:00,Bug,anomalizer,2009-06-02 04:12:31.186000+00:00,2009-06-02 17:11:53.839000+00:00,0,AVRO,,2,AVRO-43,890.0,38,0,Invalid,1678.77206196,43,1,0,0,0,1,6,0 days 12:59:22.653000
Closed,Minor,2009-07-14 22:50:10.110000+00:00,New Feature,sbanacho,2009-06-01 23:27:22.143000+00:00,2009-06-03 00:01:36.711000+00:00,0,AVRO,sbanacho,7,AVRO-42,990.0,8,1,Fixed,1678.78222514,42,1,0,0,0,0,6,1 days 00:34:14.568000
Closed,Major,2009-09-16 22:31:44.723000+00:00,New Feature,cutting,2009-06-01 17:54:34.057000+00:00,2009-09-02 18:13:13.435000+00:00,0,AVRO,cutting,5,AVRO-41,99.0,58,2,Fixed,1614.79501869,41,1,1,0,0,0,6,93 days 00:18:39.378000
Closed,Major,2009-07-14 22:50:10.035000+00:00,Bug,anomalizer,2009-05-31 07:29:08.540000+00:00,2009-06-01 22:33:21.741000+00:00,0,AVRO,cutting,1,AVRO-40,162.0,22,2,Fixed,1678.782226,40,1,0,0,0,6,5,1 days 15:04:13.201000
Closed,Major,2009-07-14 22:50:09.943000+00:00,Bug,sharadag,2009-05-27 08:29:55.739000+00:00,2009-05-27 16:07:06.315000+00:00,0,AVRO,sharadag,1,AVRO-39,50.0,52,0,Fixed,1678.78222718,39,1,1,0,0,2,5,0 days 07:37:10.576000
Closed,Major,2009-07-14 22:50:09.885000+00:00,Improvement,sharadag,2009-05-26 08:55:56.024000+00:00,2009-05-26 17:39:09.971000+00:00,0,AVRO,sharadag,2,AVRO-38,24.0,22,0,Fixed,1678.78222786,38,1,0,0,0,1,5,0 days 08:43:13.947000
Closed,Major,2009-07-14 22:50:09.828000+00:00,Improvement,massie,2009-05-22 22:16:09.786000+00:00,2009-05-26 18:06:47.028000+00:00,0,AVRO,massie,7,AVRO-37,3065.0,40,1,Fixed,1678.78222831,37,1,0,0,0,4,5,3 days 19:50:37.242000
Closed,Major,2010-01-07 22:44:15.091000+00:00,Bug,cutting,2009-05-22 19:38:57.335000+00:00,2009-06-23 20:29:42.003000+00:00,0,AVRO,cutting,18,AVRO-36,202.0,42,2,Fixed,1678.7822295,36,1,1,0,0,4,5,32 days 00:50:44.668000
Closed,Major,2009-07-14 22:50:09.696000+00:00,Improvement,cwalters,2009-05-15 15:47:22.793000+00:00,2009-05-22 19:29:30.830000+00:00,0,AVRO,cutting,2,AVRO-34,83.0,24,1,Fixed,1678.78223005,34,1,1,0,0,4,5,7 days 03:42:08.037000
Closed,Major,2009-07-14 22:50:09.626000+00:00,New Feature,massie,2009-05-14 05:37:10.560000+00:00,2009-05-14 21:15:55.229000+00:00,1,AVRO,massie,7,AVRO-33,88.0,39,2,Fixed,1678.78223075,33,1,0,0,0,3,5,0 days 15:38:44.669000
Closed,Major,2009-07-14 22:50:09.566000+00:00,Improvement,sharadag,2009-05-13 08:37:55.554000+00:00,2009-06-02 17:40:45.084000+00:00,0,AVRO,cutting,7,AVRO-32,78.0,53,1,Fixed,1678.78223157,32,1,1,0,0,2,5,20 days 09:02:49.530000
Closed,Major,2009-07-14 22:50:09.530000+00:00,Bug,sharadag,2009-05-13 08:25:11.053000+00:00,2009-05-13 17:18:01.035000+00:00,0,AVRO,sharadag,3,AVRO-31,92.0,59,0,Fixed,1678.78223199,31,1,1,0,0,2,5,0 days 08:52:49.982000
Closed,Major,2009-10-14 18:53:04.226000+00:00,Bug,cutting,2009-05-12 23:36:49.438000+00:00,2009-09-24 21:25:40.475000+00:00,0,AVRO,,6,AVRO-30,303.0,37,4,Duplicate,1586.94687671,30,1,1,0,0,1,5,134 days 21:48:51.037000
Closed,Major,2009-07-14 22:50:09.480000+00:00,Improvement,raymie,2009-05-12 12:35:52.868000+00:00,2009-06-25 18:53:39.609000+00:00,0,AVRO,thiru_mg,11,AVRO-29,2090.0,52,2,Fixed,1678.78223256,29,1,1,0,0,1,5,44 days 06:17:46.741000
Closed,Major,2009-07-14 22:50:09.405000+00:00,Improvement,sharadag,2009-05-11 07:46:51.964000+00:00,2009-07-01 16:54:07.053000+00:00,0,AVRO,sharadag,3,AVRO-28,32.0,47,0,Fixed,1678.78223343,28,1,0,0,0,0,5,51 days 09:07:15.089000
Closed,Major,2009-07-14 23:04:48.110000+00:00,New Feature,massie,2009-05-06 20:11:33.942000+00:00,2009-06-23 20:02:38.061000+00:00,0,AVRO,,20,AVRO-27,3096.0,88,2,Later,1678.77206301,27,1,0,0,0,2,5,47 days 23:51:04.119000
Closed,Major,2009-07-22 20:09:15.519000+00:00,Test,cos,2009-05-01 18:49:03.116000+00:00,2009-05-18 18:37:13.304000+00:00,0,AVRO,cos,19,AVRO-26,397.0,57,2,Fixed,1678.78223433,26,2,1,0,0,4,5,16 days 23:48:10.188000
Closed,Major,2009-07-14 22:50:09.257000+00:00,Improvement,raymie,2009-04-29 18:34:39.366000+00:00,2009-06-05 18:32:17.730000+00:00,0,AVRO,thiru_mg,15,AVRO-25,1560.0,43,0,Fixed,1678.78223515,25,1,1,0,0,2,4,36 days 23:57:38.364000
Closed,Major,2009-10-14 18:53:04.055000+00:00,Task,cutting,2009-04-27 20:02:26.990000+00:00,2009-09-30 21:32:28.433000+00:00,0,AVRO,cutting,5,AVRO-24,559.0,19,6,Fixed,1586.94687841,24,1,1,0,0,0,4,156 days 01:30:01.443000
Closed,Major,2009-07-14 22:50:09.166000+00:00,Bug,raymie,2009-04-25 11:19:17.470000+00:00,2009-06-05 18:59:36.068000+00:00,0,AVRO,cutting,13,AVRO-22,583.0,48,2,Fixed,1678.78223611,22,1,0,0,0,5,4,41 days 07:40:18.598000
Closed,Major,2009-07-14 22:50:09.107000+00:00,Improvement,cutting,2009-04-24 21:10:59.287000+00:00,2009-05-13 17:56:43.272000+00:00,0,AVRO,cutting,3,AVRO-21,372.0,56,0,Fixed,1678.7822369,21,1,1,0,0,4,4,18 days 20:45:43.985000
Closed,Major,2009-07-14 23:15:35.609000+00:00,New Feature,cutting,2009-04-24 20:53:44.172000+00:00,2009-07-14 23:07:57.458000+00:00,0,AVRO,cutting,2,AVRO-19,85.0,24,0,Fixed,1678.76456904,19,1,1,0,0,4,4,81 days 02:14:13.286000
Closed,Major,2009-07-14 22:50:09.009000+00:00,New Feature,cutting,2009-04-24 20:04:03.934000+00:00,2009-05-19 23:37:19.126000+00:00,0,AVRO,cutting,10,AVRO-18,39.0,13,0,Fixed,1678.7822379,18,1,0,0,0,4,4,25 days 03:33:15.192000
Closed,Major,2009-07-14 23:04:48.041000+00:00,Improvement,cutting,2009-04-24 17:43:34.661000+00:00,2009-05-12 17:19:45.581000+00:00,0,AVRO,cutting,6,AVRO-17,158.0,24,0,Won't Fix,1678.77206406,17,1,0,0,0,4,4,17 days 23:36:10.920000
Closed,Minor,2009-07-14 22:50:08.947000+00:00,Improvement,cutting,2009-04-21 19:53:39.495000+00:00,2009-04-21 19:55:24.207000+00:00,0,AVRO,cutting,1,AVRO-16,282.0,32,0,Fixed,1678.78223875,16,1,0,0,0,1,4,0 days 00:01:44.712000
Closed,Major,2009-07-14 22:50:08.896000+00:00,Improvement,sharadag,2009-04-15 12:08:57.421000+00:00,2009-04-22 05:36:36.373000+00:00,0,AVRO,sharadag,3,AVRO-15,,50,0,Fixed,1678.78223934,15,1,0,1,0,2,4,6 days 17:27:38.952000
Closed,Major,2009-07-14 22:50:08.840000+00:00,Bug,sharadag,2009-04-14 11:41:21.685000+00:00,2009-04-14 22:15:43.823000+00:00,0,AVRO,sharadag,3,AVRO-14,85.0,52,0,Fixed,1678.78224,14,1,1,0,0,1,4,0 days 10:34:22.138000
Closed,Major,2009-07-14 22:50:08.783000+00:00,Improvement,sharadag,2009-04-14 07:28:09.584000+00:00,2009-04-15 05:19:24.327000+00:00,0,AVRO,sharadag,3,AVRO-13,128.0,45,0,Fixed,1678.78224065,13,1,0,1,0,1,4,0 days 21:51:14.743000
Closed,Major,2009-07-14 22:50:08.752000+00:00,Bug,hong.tang,2009-04-14 04:34:44.640000+00:00,2009-05-22 20:45:12.469000+00:00,0,AVRO,cutting,8,AVRO-12,116.0,39,0,Fixed,1678.78224102,12,1,1,1,0,1,4,38 days 16:10:27.829000
Closed,Minor,2009-07-14 22:50:08.723000+00:00,Improvement,hong.tang,2009-04-14 04:21:11.530000+00:00,2009-04-14 22:29:06.709000+00:00,0,AVRO,cutting,2,AVRO-11,110.0,58,0,Fixed,1678.78224135,11,1,1,1,0,1,4,0 days 18:07:55.179000
Closed,Major,2009-07-14 22:50:08.652000+00:00,Improvement,cutting,2009-04-13 20:42:18.568000+00:00,2009-05-22 17:48:49.311000+00:00,0,AVRO,cutting,4,AVRO-10,247.0,19,0,Fixed,1678.78224217,10,1,0,0,0,0,4,38 days 21:06:30.743000
Closed,Major,2009-07-14 22:50:08.596000+00:00,Improvement,cutting,2009-04-13 19:50:30.490000+00:00,2009-04-27 20:18:47.701000+00:00,0,AVRO,sharadag,3,AVRO-9,349.0,28,0,Fixed,1678.78224283,9,1,0,0,0,0,4,14 days 00:28:17.211000
Closed,Major,2009-07-14 22:50:08.531000+00:00,Improvement,cutting,2009-04-13 19:04:33.362000+00:00,2009-05-11 18:20:24.475000+00:00,0,AVRO,cutting,11,AVRO-8,200.0,39,0,Fixed,1678.78224358,8,1,0,0,0,0,4,27 days 23:15:51.113000
Closed,Major,2009-07-14 23:04:47.989000+00:00,Bug,hong.tang,2009-04-11 17:50:31.929000+00:00,2009-04-13 09:15:34.014000+00:00,0,AVRO,,1,AVRO-7,486.0,37,0,Invalid,1678.77206468,7,1,1,0,0,5,4,1 days 15:25:02.085000
Closed,Major,2009-07-14 22:50:08.394000+00:00,Improvement,hong.tang,2009-04-11 17:32:37.971000+00:00,2009-04-14 21:43:08.903000+00:00,0,AVRO,hong.tang,16,AVRO-6,535.0,103,0,Fixed,1678.78224497,6,1,1,1,0,5,4,3 days 04:10:30.932000
Closed,Major,2009-07-14 22:50:08.305000+00:00,Test,sharadag,2009-04-11 10:54:25.016000+00:00,2009-04-15 05:27:21.612000+00:00,0,AVRO,sharadag,6,AVRO-5,50.0,49,0,Fixed,1678.78224606,5,2,1,0,0,5,4,3 days 18:32:56.596000
Closed,Major,2009-07-14 22:50:08.238000+00:00,Bug,phunt,2009-04-10 23:20:38.998000+00:00,2009-04-14 22:12:34.962000+00:00,0,AVRO,phunt,2,AVRO-4,501.0,36,0,Fixed,1678.78224676,4,1,1,1,0,4,4,3 days 22:51:55.964000
Closed,Critical,2009-07-14 22:50:08.150000+00:00,Bug,phunt,2009-04-10 20:14:54.370000+00:00,2009-04-10 23:31:56.052000+00:00,0,AVRO,cutting,4,AVRO-3,263.0,54,0,Fixed,1678.782248,3,1,1,1,0,4,4,0 days 03:17:01.682000
Closed,Major,2009-07-14 22:50:08.061000+00:00,Improvement,cutting,2009-04-09 22:34:55.599000+00:00,2009-06-02 19:04:10.508000+00:00,0,AVRO,cutting,7,AVRO-2,204.0,22,1,Fixed,1678.78224896,2,1,0,0,0,3,4,53 days 20:29:14.909000
Closed,Major,2009-07-14 22:50:07.862000+00:00,Bug,cutting,2009-04-09 22:09:08.216000+00:00,2009-04-27 20:14:06.572000+00:00,0,AVRO,cutting,4,AVRO-1,208.0,54,0,Fixed,1678.78225123,1,1,0,1,0,3,4,17 days 22:04:58.356000
Resolved,Major,2014-02-05 00:34:43.505000+00:00,Improvement,tomwhite,2014-01-29 15:15:16.301000+00:00,2014-02-05 00:10:24.521000+00:00,0,AVRO,cutting,6,AVRO-1449,624.0,61,4,Fixed,12.726502528,1449,1,1,1,0,2,1,6 days 08:55:08.220000
Resolved,Major,2014-01-28 20:44:02.105000+00:00,Bug,eljefe6a,2014-01-27 22:34:52.008000+00:00,2014-01-28 20:05:41.857000+00:00,0,AVRO,eljefe6a,4,AVRO-1447,183.0,32,4,Fixed,19.896440656,1447,1,0,1,0,0,1,0 days 21:30:49.849000
Resolved,Minor,2014-01-27 22:41:27.369000+00:00,Bug,davidtaylor,2014-01-24 21:48:05.352000+00:00,2014-01-27 22:06:11.228000+00:00,0,AVRO,davidtaylor,5,AVRO-1446,151.0,34,4,Fixed,20.8127675325,1446,1,0,1,0,4,1,3 days 00:18:05.876000
Resolved,Major,2014-01-27 22:41:27.768000+00:00,Bug,gjbaxter@mac.com,2014-01-23 20:47:48.179000+00:00,2014-01-27 22:09:37.248000+00:00,0,AVRO,cutting,5,AVRO-1445,1226.0,51,4,Fixed,20.8103830433,1445,0,0,0,0,3,1,4 days 01:21:49.069000
Resolved,Major,2014-01-28 20:44:02.480000+00:00,Bug,eljefe6a,2014-01-16 23:30:45.329000+00:00,2014-01-28 20:02:45.890000+00:00,0,AVRO,eljefe6a,6,AVRO-1441,279.0,33,5,Fixed,19.8984773287,1441,1,0,1,0,3,1,11 days 20:32:00.561000
Resolved,Minor,2014-02-05 20:24:41.177000+00:00,New Feature,qwertymaniac,2014-01-15 09:52:04.625000+00:00,2014-02-04 23:34:30.680000+00:00,0,AVRO,qwertymaniac,9,AVRO-1439,161.0,37,4,Fixed,12.7514312654,1439,1,1,1,0,2,1,20 days 13:42:26.055000
Resolved,Trivial,2014-01-28 19:45:09.988000+00:00,Bug,davidtaylor,2014-01-13 16:15:08.542000+00:00,2014-01-28 19:17:44.291000+00:00,0,AVRO,davidtaylor,4,AVRO-1436,145.0,36,4,Fixed,19.9297458068,1436,1,0,1,0,0,1,15 days 03:02:35.749000
Closed,Major,2014-01-23 21:58:53.584000+00:00,Bug,davidtaylor,2014-01-10 16:01:15.820000+00:00,2014-01-10 20:52:19.292000+00:00,0,AVRO,davidtaylor,5,AVRO-1434,341.0,35,4,Fixed,24.8178332635,1434,1,0,1,0,4,1,0 days 04:51:03.472000
Closed,Major,2014-01-23 21:58:55.676000+00:00,Bug,aj987,2014-01-08 23:44:54.166000+00:00,2014-01-09 23:34:22.560000+00:00,0,AVRO,cutting,6,AVRO-1433,207.0,37,4,Fixed,24.8178090521,1433,1,1,1,0,2,1,0 days 23:49:28.394000
Closed,Major,2014-01-23 21:58:53.910000+00:00,Improvement,cutting,2014-01-08 19:57:05.515000+00:00,2014-01-09 23:13:40.642000+00:00,0,AVRO,cutting,5,AVRO-1432,85.0,23,3,Fixed,24.8178294934,1432,1,1,0,0,2,1,1 days 03:16:35.127000
Closed,Minor,2014-01-23 21:58:57.067000+00:00,Bug,robair,2014-01-05 22:51:35.919000+00:00,2014-01-09 19:51:53.849000+00:00,0,AVRO,robair,5,AVRO-1427,1793.0,42,4,Fixed,24.8177929615,1427,1,1,1,1,6,1,3 days 21:00:17.930000
Closed,Major,2014-01-23 21:58:54.986000+00:00,Improvement,eljefe6a,2014-01-04 18:50:30.254000+00:00,2014-01-06 23:35:26.692000+00:00,0,AVRO,eljefe6a,4,AVRO-1426,336.0,36,4,Fixed,24.8178170486,1426,1,0,1,0,5,1,2 days 04:44:56.438000
Closed,Major,2014-01-23 21:58:53.692000+00:00,Bug,ramanasv,2014-01-02 16:31:06.287000+00:00,2014-01-07 17:31:34.078000+00:00,0,AVRO,thiru_mg,10,AVRO-1424,328.0,39,5,Fixed,24.8178320285,1424,1,0,1,0,3,1,5 days 01:00:27.791000
Closed,Minor,2014-01-23 21:58:56.255000+00:00,Improvement,qwertymaniac,2013-12-26 06:24:00.167000+00:00,2014-01-08 18:04:42.502000+00:00,0,AVRO,cutting,9,AVRO-1421,493.0,66,4,Fixed,24.8178023685,1421,1,1,1,0,3,12,13 days 11:40:42.335000
Closed,Major,2014-01-23 21:58:54.388000+00:00,New Feature,deepujain,2013-12-20 14:44:05.668000+00:00,2014-01-07 22:10:39.532000+00:00,0,AVRO,deepujain,11,AVRO-1418,2156.0,52,4,Fixed,24.8178239817,1418,0,0,1,0,4,12,18 days 07:26:33.864000
Resolved,Major,2014-01-10 07:41:04.389000+00:00,Bug,ramanasv,2013-12-17 03:58:59.837000+00:00,2014-01-10 07:13:35.978000+00:00,0,AVRO,ramanasv,6,AVRO-1415,258.0,64,4,Fixed,38.4326199583,1415,1,0,1,0,1,12,24 days 03:14:36.141000
Closed,Major,2014-01-23 21:58:55.215000+00:00,Improvement,drussel,2013-12-16 22:07:00.829000+00:00,2014-01-07 21:54:18.398000+00:00,0,AVRO,drussel,9,AVRO-1414,520.0,29,5,Fixed,24.8178144159,1414,1,0,0,0,0,12,21 days 23:47:17.569000
Resolved,Major,2013-12-20 04:39:32.733000+00:00,Bug,russell.jurney,2013-12-13 23:51:09.918000+00:00,2013-12-20 04:39:32.693000+00:00,0,AVRO,,1,AVRO-1412,1594.0,70,1,Fixed,59.539602347,1412,1,0,1,3,4,12,6 days 04:48:22.775000
Resolved,Minor,2013-12-12 18:49:06.131000+00:00,Improvement,tonyliu73,2013-12-12 16:14:41.014000+00:00,2013-12-12 18:49:06.108000+00:00,0,AVRO,,4,AVRO-1411,1013.0,84,3,Duplicate,66.9496325221,1411,1,1,1,0,3,12,0 days 02:34:25.094000
Closed,Major,2014-01-23 21:58:57.288000+00:00,Bug,esammer,2013-12-08 23:19:03.479000+00:00,2013-12-16 16:35:17.533000+00:00,0,AVRO,esammer,11,AVRO-1410,463.0,68,5,Fixed,24.8177904287,1410,1,1,1,0,6,12,7 days 17:16:14.054000
Closed,Major,2014-01-23 21:58:55.325000+00:00,New Feature,kryzthov,2013-12-04 04:23:45.290000+00:00,2013-12-16 20:42:40.130000+00:00,0,AVRO,kryzthov,5,AVRO-1409,355.0,51,5,Fixed,24.8178131501,1409,1,1,0,0,2,12,12 days 16:18:54.840000
Resolved,Major,2013-12-13 07:33:22.695000+00:00,Bug,adamcataldo,2013-12-03 11:58:39.390000+00:00,2013-12-13 07:33:22.670000+00:00,0,AVRO,,1,AVRO-1408,190.0,61,2,Not A Problem,66.4188852118,1408,0,0,2,0,1,12,9 days 19:34:43.280000
Closed,Major,2014-01-23 21:58:56.708000+00:00,Bug,zyoma,2013-11-25 18:18:24.876000+00:00,2013-12-15 16:51:03.384000+00:00,1,AVRO,zyoma,21,AVRO-1406,145.0,104,6,Fixed,24.8177971476,1406,1,0,1,1,0,11,19 days 22:32:38.508000
Closed,Minor,2014-01-23 21:58:53.313000+00:00,Bug,mristima,2013-11-22 22:58:08.959000+00:00,2013-12-19 22:23:40.003000+00:00,0,AVRO,mristima,17,AVRO-1405,377.0,84,6,Fixed,24.8178364431,1405,1,0,1,0,4,11,26 days 23:25:31.044000
Closed,Major,2014-01-23 21:58:54.139000+00:00,Improvement,striderapache,2013-11-12 09:54:22.435000+00:00,2013-12-11 21:17:33.435000+00:00,0,AVRO,cutting,7,AVRO-1400,304.0,46,4,Fixed,24.8178268909,1400,1,1,1,4,1,11,29 days 11:23:11
Closed,Major,2014-01-23 21:58:53.089000+00:00,Test,robair,2013-11-11 22:27:32.042000+00:00,2013-11-21 20:10:30.036000+00:00,0,AVRO,robair,4,AVRO-1399,213.0,74,4,Fixed,24.8178390454,1399,1,1,1,0,0,11,9 days 21:42:57.994000
Closed,Minor,2014-01-23 21:58:54.616000+00:00,Improvement,robair,2013-11-11 21:41:42.972000+00:00,2013-12-12 23:06:59.570000+00:00,0,AVRO,robair,5,AVRO-1398,49.0,49,4,Fixed,24.8178213851,1398,1,1,1,0,0,11,31 days 01:25:16.598000
Closed,Minor,2014-01-23 21:58:53.803000+00:00,New Feature,robair,2013-11-11 20:50:08.511000+00:00,2013-12-13 23:33:38.668000+00:00,0,AVRO,robair,9,AVRO-1397,96.0,69,4,Fixed,24.8178307966,1397,1,1,1,0,0,11,32 days 02:43:30.157000
Closed,Minor,2014-01-23 21:58:56.364000+00:00,New Feature,robair,2013-11-11 20:22:27.748000+00:00,2013-12-16 20:30:46.444000+00:00,1,AVRO,robair,8,AVRO-1396,227.0,47,5,Fixed,24.8178011455,1396,1,1,1,0,0,11,35 days 00:08:18.696000
Closed,Minor,2014-01-23 21:58:55.909000+00:00,Improvement,david@carr.name,2013-11-05 22:13:47.802000+00:00,2013-11-06 23:48:44.426000+00:00,0,AVRO,david@carr.name,4,AVRO-1394,508.0,61,2,Fixed,24.817806415,1394,0,0,0,0,1,11,1 days 01:34:56.624000
Resolved,Major,2013-11-06 20:25:36.581000+00:00,Bug,hshreedharan,2013-11-05 01:01:49.906000+00:00,2013-11-06 20:25:36.560000+00:00,0,AVRO,,2,AVRO-1393,655.0,75,2,Not A Problem,102.882613442,1393,0,0,0,0,1,11,1 days 19:23:46.654000
Resolved,Blocker,2013-11-06 20:34:58.968000+00:00,Bug,balaji.seshadri,2013-11-04 21:27:20.293000+00:00,2013-11-06 20:34:58.946000+00:00,1,AVRO,,14,AVRO-1392,835.0,30,4,Not A Problem,102.876104335,1392,1,1,0,0,0,11,1 days 23:07:38.653000
Closed,Major,2014-01-23 21:58:56.954000+00:00,New Feature,hshreedharan,2013-10-17 19:35:21.079000+00:00,2013-11-07 19:09:27.107000+00:00,0,AVRO,hshreedharan,18,AVRO-1388,243.0,57,5,Fixed,24.8177943299,1388,0,0,0,0,3,10,20 days 23:34:06.028000
Closed,Major,2014-01-23 21:58:56.020000+00:00,Bug,hshreedharan,2013-10-17 19:33:33.561000+00:00,2013-10-25 22:14:22.649000+00:00,0,AVRO,hshreedharan,18,AVRO-1387,355.0,76,5,Fixed,24.8178051418,1387,0,0,0,0,3,10,8 days 02:40:49.088000
Resolved,Major,2013-10-17 15:33:37.298000+00:00,Bug,kryzthov,2013-10-08 23:54:23.078000+00:00,2013-10-17 05:10:47.543000+00:00,0,AVRO,,11,AVRO-1385,499.0,51,3,Invalid,123.517902888,1385,1,1,1,0,1,10,8 days 05:16:24.465000
Closed,Major,2014-01-23 21:58:55.436000+00:00,Improvement,alexandre.normand,2013-10-08 16:57:56.799000+00:00,2013-11-05 23:15:01.298000+00:00,0,AVRO,alexandre.normand,10,AVRO-1384,1045.0,94,5,Fixed,24.8178119059,1384,1,1,1,0,1,10,28 days 06:17:04.499000
Closed,Major,2014-01-23 21:58:55.786000+00:00,Bug,kryzthov,2013-10-04 06:02:27.276000+00:00,2014-01-10 19:17:21.685000+00:00,0,AVRO,kryzthov,31,AVRO-1382,523.0,19,5,Fixed,24.8178078699,1382,1,0,1,0,4,10,98 days 13:14:54.409000
Closed,Minor,2014-01-23 21:58:52.855000+00:00,Bug,psangree,2013-09-30 19:22:21.912000+00:00,2014-01-09 23:15:57.875000+00:00,0,AVRO,cutting,1,AVRO-1380,789.0,54,2,Fixed,24.8178417852,1380,1,1,1,0,0,9,101 days 03:53:35.963000
Closed,Major,2014-01-23 21:58:56.473000+00:00,Improvement,mteodoro,2013-09-20 17:57:12.436000+00:00,2013-12-18 12:51:04.664000+00:00,0,AVRO,,6,AVRO-1379,163.0,47,5,Fixed,24.8177999118,1379,1,0,1,1,4,9,88 days 18:53:52.228000
Closed,Major,2014-01-23 21:58:57.397000+00:00,Bug,graham sanderson,2013-09-17 22:23:16.209000+00:00,2013-09-27 20:14:05.417000+00:00,0,AVRO,graham.sanderson,5,AVRO-1377,2996.0,144,4,Fixed,24.8177892208,1377,1,1,1,0,1,9,9 days 21:50:49.208000
Closed,Minor,2014-01-23 21:58:53.199000+00:00,Bug,julian.zhou,2013-09-10 08:46:16.032000+00:00,2013-09-11 20:30:13.175000+00:00,0,AVRO,julian.zhou,5,AVRO-1374,1164.0,139,5,Fixed,24.8178378137,1374,1,1,2,0,1,9,1 days 11:43:57.143000
Closed,Major,2014-01-23 21:58:57.178000+00:00,New Feature,njw45,2013-09-05 01:59:37.574000+00:00,2013-11-11 06:54:33.229000+00:00,0,AVRO,njw45,9,AVRO-1373,524.0,14,4,Fixed,24.8177917622,1373,1,1,1,1,3,9,67 days 04:54:55.655000
Closed,Major,2014-01-23 21:58:52.971000+00:00,Bug,thinker0,2013-08-28 05:54:31.813000+00:00,2013-12-18 13:46:29.431000+00:00,0,AVRO,,3,AVRO-1369,3240.0,53,4,Fixed,24.8178404611,1369,1,0,1,0,2,8,112 days 07:51:57.618000
Closed,Major,2014-01-23 21:58:56.137000+00:00,Bug,kryzthov,2013-08-27 17:47:30.446000+00:00,2013-09-04 21:00:25.733000+00:00,0,AVRO,kryzthov,15,AVRO-1368,,70,6,Fixed,24.8178038192,1368,1,1,1,0,1,8,8 days 03:12:55.287000
Closed,Major,2014-01-23 21:58:56.590000+00:00,Bug,mchugh,2013-08-26 15:44:39.170000+00:00,2013-09-12 22:00:35.488000+00:00,0,AVRO,cutting,5,AVRO-1366,766.0,80,4,Fixed,24.8177985794,1366,1,0,1,2,0,8,17 days 06:15:56.318000
Closed,Major,2014-01-23 21:58:55.100000+00:00,Bug,bw123,2013-08-21 13:28:56.301000+00:00,2013-12-18 13:50:38.309000+00:00,0,AVRO,,1,AVRO-1364,623.0,41,2,Duplicate,24.817815828,1364,1,0,1,0,2,8,119 days 00:21:42.008000
Resolved,Major,2013-12-18 13:15:15.488000+00:00,Bug,btibi,2013-08-14 11:44:23.503000+00:00,2013-12-18 13:15:15.469000+00:00,0,AVRO,,6,AVRO-1361,531.0,35,2,Not A Problem,61.1814687381,1361,1,0,1,0,2,8,126 days 01:30:51.966000
Resolved,Major,2013-08-02 08:25:24.823000+00:00,Improvement,facboy,2013-08-01 15:39:46.629000+00:00,2013-08-02 08:25:24.800000+00:00,0,AVRO,,1,AVRO-1359,113.0,44,1,Invalid,199.382749598,1359,0,0,0,0,3,8,0 days 16:45:38.171000
Closed,Major,2014-01-23 21:58:57.509000+00:00,Bug,yahoo_build,2013-07-24 22:22:43.836000+00:00,2013-12-18 13:26:45.862000+00:00,0,AVRO,,5,AVRO-1358,940.0,103,5,Fixed,24.817787956,1358,1,0,1,0,2,7,146 days 15:04:02.026000
Resolved,Major,2013-08-13 20:23:08.602000+00:00,New Feature,mengxr,2013-07-22 17:13:07.136000+00:00,2013-08-13 20:23:08.572000+00:00,0,AVRO,,4,AVRO-1357,1032.0,73,2,Duplicate,187.884326198,1357,1,1,1,0,0,7,22 days 03:10:01.436000
Closed,Major,2013-08-20 17:46:06.454000+00:00,Bug,apaulsen,2013-07-21 14:38:38.044000+00:00,2013-08-07 19:47:47.079000+00:00,0,AVRO,apaulsen,4,AVRO-1356,955.0,64,4,Fixed,180.993378885,1356,1,1,1,0,6,7,17 days 05:09:09.035000
Closed,Major,2014-01-23 21:58:54.505000+00:00,Bug,kryzthov,2013-07-21 02:02:17.336000+00:00,2013-08-20 20:26:36.181000+00:00,0,AVRO,kryzthov,5,AVRO-1355,95.0,49,4,Fixed,24.8178227294,1355,1,1,1,0,6,7,30 days 18:24:18.845000
Closed,Major,2013-08-20 17:46:04.341000+00:00,Improvement,llasram,2013-07-18 17:46:11.696000+00:00,2013-08-07 23:27:13.023000+00:00,0,AVRO,llasram,14,AVRO-1353,317.0,59,4,Fixed,180.993403335,1353,1,1,1,0,3,7,20 days 05:41:01.327000
Closed,Major,2013-08-20 17:46:06.725000+00:00,Improvement,cutting,2013-07-02 20:05:50.553000+00:00,2013-07-09 21:58:05.477000+00:00,0,AVRO,cutting,6,AVRO-1351,145.0,66,3,Fixed,180.993375757,1351,0,0,0,0,1,7,7 days 01:52:14.924000
Closed,Major,2014-01-23 21:58:54.729000+00:00,Bug,mwagner,2013-06-19 01:19:03.139000+00:00,2013-12-19 20:33:21.970000+00:00,1,AVRO,cutting,23,AVRO-1348,211.0,33,9,Fixed,24.8178201452,1348,0,0,0,0,2,6,183 days 19:14:18.831000
Closed,Minor,2014-01-23 21:58:57.630000+00:00,Improvement,fsaintjacques,2013-06-04 15:32:35.421000+00:00,2013-12-13 23:50:39.118000+00:00,1,AVRO,robair,6,AVRO-1344,67.0,66,5,Fixed,24.8177865721,1344,1,1,1,0,1,6,192 days 08:18:03.697000
Closed,Major,2013-08-27 18:21:34.782000+00:00,New Feature,vince83,2013-05-28 13:52:50.472000+00:00,2013-08-07 23:17:03.591000+00:00,5,AVRO,vince83,19,AVRO-1341,3289.0,67,6,Fixed,180.993361645,1341,1,1,0,0,1,5,71 days 09:24:13.119000
Closed,Minor,2014-01-23 21:58:55.549000+00:00,Improvement,dmcintosh,2013-05-18 20:13:16.983000+00:00,2013-11-08 22:16:38.564000+00:00,0,AVRO,dmcintosh,17,AVRO-1332,359.0,34,4,Fixed,24.8178106658,1332,1,0,1,1,5,5,174 days 02:03:21.581000
Closed,Major,2013-08-20 17:46:06.028000+00:00,Improvement,scott_carey,2013-05-07 20:19:36.783000+00:00,2013-07-28 22:11:28.482000+00:00,0,AVRO,scott_carey,24,AVRO-1325,148.0,27,3,Fixed,180.993383839,1325,0,0,0,0,1,5,82 days 01:51:51.699000
Closed,Minor,2013-08-20 17:46:05.044000+00:00,Bug,trochee,2013-05-01 23:31:41.495000+00:00,2013-05-09 22:15:42.110000+00:00,2,AVRO,trochee,29,AVRO-1316,829.0,70,6,Fixed,180.993395231,1316,1,1,0,1,2,5,7 days 22:44:00.615000
Closed,Major,2013-08-20 17:46:05.636000+00:00,Improvement,scott_carey,2013-04-30 16:21:35.455000+00:00,2013-05-02 01:03:07.915000+00:00,0,AVRO,scott_carey,7,AVRO-1313,166.0,55,3,Fixed,180.99338838,1313,0,0,0,0,1,4,1 days 08:41:32.460000
Closed,Minor,2013-08-20 17:46:09.094000+00:00,Improvement,kryzthov,2013-04-17 05:20:43.530000+00:00,2013-04-23 17:11:53.399000+00:00,0,AVRO,kryzthov,15,AVRO-1299,94.0,43,4,Fixed,180.993348359,1299,1,1,1,0,2,4,6 days 11:51:09.869000
Closed,Major,2013-08-20 17:46:04.759000+00:00,Bug,trochee,2013-04-10 21:53:35.046000+00:00,2013-04-24 19:35:03.417000+00:00,0,AVRO,trochee,9,AVRO-1296,813.0,62,3,Fixed,180.993398534,1296,1,0,1,0,2,4,13 days 21:41:28.371000
Closed,Major,2013-08-20 17:46:04.483000+00:00,Bug,jbaldassari,2013-04-10 06:09:25.617000+00:00,2013-07-02 17:46:00.422000+00:00,0,AVRO,jbaldassari,8,AVRO-1293,6015.0,102,4,Fixed,180.993401718,1293,1,1,1,0,2,4,83 days 11:36:34.805000
Closed,Minor,2013-08-20 17:46:09.584000+00:00,Improvement,romixlev,2013-03-22 16:57:25.284000+00:00,2013-04-30 16:19:21.941000+00:00,0,AVRO,,84,AVRO-1282,743.0,79,4,Fixed,180.993342681,1282,1,1,1,0,4,3,38 days 23:21:56.657000
Closed,Minor,2013-08-27 18:19:46.722000+00:00,Improvement,alexandre.normand,2013-02-28 22:18:27.694000+00:00,2013-03-27 21:34:31.498000+00:00,0,AVRO,alexandre.normand,47,AVRO-1268,577.0,98,5,Fixed,180.993364187,1268,1,1,1,0,3,2,26 days 23:16:03.804000
Closed,Major,2014-01-23 21:58:54.021000+00:00,Improvement,brocknoland,2013-01-08 04:00:55.358000+00:00,2013-12-19 21:01:41.095000+00:00,0,AVRO,brocknoland,8,AVRO-1225,46.0,47,4,Fixed,24.8178283665,1225,1,0,1,1,1,1,345 days 17:00:45.737000
Closed,Major,2014-01-24 15:00:31.328000+00:00,Bug,ssmith,2012-08-28 19:45:03.059000+00:00,2013-07-31 02:31:08.085000+00:00,1,AVRO,scott_carey,7,AVRO-1144,5596.0,52,6,Fixed,180.993372386,1144,1,1,1,0,1,8,336 days 06:46:05.026000
Closed,Minor,2014-01-23 21:58:56.818000+00:00,Improvement,pdlug,2012-04-17 12:49:41.119000+00:00,2013-12-19 20:28:15.386000+00:00,1,AVRO,dukex,30,AVRO-1063,430.0,71,8,Fixed,24.817796,1063,1,0,0,0,1,4,611 days 07:38:34.267000
Closed,Major,2014-01-23 21:58:54.257000+00:00,New Feature,iocanel,2012-01-04 01:41:29.916000+00:00,2014-01-10 19:28:47.501000+00:00,0,AVRO,iocanel,27,AVRO-987,249.0,20,6,Fixed,24.8178256494,987,1,1,0,0,2,1,737 days 17:47:17.585000
Closed,Major,2014-01-24 21:50:17.361000+00:00,New Feature,hammer,2011-12-12 12:13:30.972000+00:00,2014-01-23 21:55:12.599000+00:00,4,AVRO,mark.lamley,51,AVRO-975,,17,11,Fixed,24.8178352227,975,1,0,1,0,0,12,773 days 09:41:41.627000
Closed,Major,2013-08-20 17:46:09.242000+00:00,New Feature,patrickangeles,2011-05-17 12:38:35.682000+00:00,2013-07-01 18:05:03.682000+00:00,5,AVRO,dmcintosh,20,AVRO-823,88.0,29,14,Fixed,180.993346671,823,1,0,3,4,1,5,776 days 05:26:28
