description_length,summary_length,issue_number,num_components,component_java,num_affected_versions,num_labels,created_weekday,created_month,priority_Critical,priority_Major,priority_Minor,priority_Trivial,issue_type_Short,reporter_brucem,reporter_cutting,reporter_dcreager,reporter_hammer,reporter_jbaldassari,reporter_jmhodges,reporter_lmartinking,reporter_massie,reporter_mpugachev,reporter_philip,reporter_phunt,reporter_pwendell,reporter_sbanacho,reporter_scott_carey,reporter_sharadag,reporter_thiru_mg,reporter_tomwhite,reporter_vnadkarni,duration
3.737669618283368,43,1349,0,0,0,0,3,6,1,0,0,0,1,0,0,0,0,0,0,0,0,0,0,0,0,0,1,0,0,0,0,2.460037459108636
6.270988431858299,55,1346,1,0,1,0,3,6,0,1,0,0,1,0,0,0,0,0,0,0,0,0,0,0,0,0,0,0,0,0,0,9.910304596931818
5.634789603169249,40,1337,0,0,1,0,1,5,0,0,1,0,1,0,0,0,0,0,0,0,0,0,0,0,0,0,0,0,0,0,0,11.627950072994144
6.933423025730715,45,1326,1,1,1,0,2,5,1,0,0,0,1,0,0,0,0,0,0,0,0,0,0,0,0,0,0,0,0,0,0,7.470970865574961
7.13966033596492,45,1330,1,1,0,0,2,5,0,0,1,0,0,0,0,0,0,0,0,0,0,0,0,0,0,0,0,0,0,0,0,9.848031852080164
7.251344983372214,43,1328,1,1,0,1,4,5,0,0,1,0,0,0,0,0,0,0,0,0,0,0,0,0,0,0,0,0,0,0,0,10.159357513695026
6.139884552226255,49,1324,1,0,3,0,1,5,0,1,0,0,1,0,0,0,0,0,0,0,0,0,0,0,0,0,0,0,0,0,0,10.110643530970767
6.439350371100098,44,1331,1,1,0,0,2,5,0,1,0,0,1,0,0,0,0,0,0,0,0,0,0,0,0,0,0,0,0,0,0,7.25764434417029
6.1092475827643655,69,1327,1,1,1,0,2,5,0,1,0,0,1,0,0,0,0,0,0,0,0,0,0,0,0,0,0,0,0,0,0,7.423757829309761
5.14166355650266,59,1322,1,0,1,0,0,5,0,1,0,0,1,0,0,0,0,0,0,0,1,0,0,0,0,0,0,0,0,0,0,8.368552825220245
5.087596335232384,46,1320,1,1,0,0,0,5,0,1,0,0,1,0,1,0,0,0,0,0,0,0,0,0,0,0,0,0,0,0,0,7.905442527870126
5.4638318050256105,32,1319,1,1,0,0,0,5,0,1,0,0,0,0,1,0,0,0,0,0,0,0,0,0,0,0,0,0,0,0,0,8.381941638258771
4.787491742782046,49,1314,1,1,0,0,1,4,0,0,1,0,1,0,0,0,0,0,0,0,0,0,0,0,0,0,1,0,0,0,0,9.984187872396904
5.707110264748875,45,1311,0,0,1,0,0,4,0,1,0,0,1,0,0,0,0,0,0,0,0,0,0,0,0,0,1,0,0,0,0,10.32919103122587
6.728628613084702,51,1309,1,1,1,0,0,4,0,1,0,0,1,0,0,0,0,0,0,0,0,0,0,0,0,0,0,0,0,0,0,7.261445783909799
6.052089168924417,41,1308,1,1,0,0,0,4,0,1,0,0,1,0,0,0,0,0,0,0,0,0,0,0,0,0,0,0,0,0,0,7.411558614092446
7.095893221097532,51,1307,1,1,0,0,0,4,0,0,1,0,0,0,0,0,0,0,0,0,0,0,0,0,0,0,0,0,0,0,0,8.715749561448666
5.147494476813453,72,1306,1,1,1,2,6,4,0,0,1,0,1,0,0,0,0,0,0,0,0,0,0,0,0,0,0,0,0,0,0,8.551669832696188
6.684611727667927,115,1300,1,1,1,0,3,4,0,1,0,0,1,0,0,0,0,0,0,0,0,0,0,0,0,0,0,0,0,0,0,8.788825131846558
5.402677381872279,60,1295,1,1,0,0,2,4,0,1,0,0,1,0,1,0,0,0,0,0,0,0,0,0,0,0,0,0,0,0,0,9.0974588088285
5.068904202220232,41,1288,1,0,0,0,2,4,0,1,0,0,0,0,0,0,0,0,0,0,0,0,0,0,0,0,0,0,0,0,0,9.57501842708326
5.948034989180646,56,1272,1,0,1,0,6,3,0,1,0,0,1,0,0,0,0,0,0,0,0,0,0,0,0,0,0,0,0,0,0,9.461593158912857
5.247024072160486,40,1298,1,1,2,0,5,4,0,0,1,0,1,0,0,0,0,0,0,0,0,0,0,0,0,0,0,0,0,0,0,2.980971365405693
5.231108616854587,61,1290,1,0,1,0,3,4,0,1,0,0,1,0,0,0,0,0,0,0,0,0,0,0,0,0,0,0,0,0,0,11.518861254098956
6.333279628139691,51,1277,1,1,1,0,3,3,0,0,1,0,1,0,0,0,0,0,0,0,0,0,0,0,0,0,0,0,0,0,0,10.768725082952503
7.652545692693921,45,1271,2,1,1,0,2,3,0,1,0,0,1,0,0,0,0,0,0,0,0,0,0,0,0,0,0,0,0,0,0,4.849272036421758
4.941642422609304,54,1264,1,0,0,0,3,2,0,1,0,0,1,0,1,0,0,0,0,0,0,0,0,0,0,0,0,0,0,0,0,5.84692093240427
5.017279836814924,47,1258,1,0,1,0,1,2,0,1,0,0,1,0,0,0,0,0,0,0,0,0,0,0,0,0,0,0,0,0,0,6.028083521299964
6.089044875446846,41,1257,1,0,1,0,1,2,0,1,0,0,1,0,0,0,0,0,0,0,0,0,0,0,0,0,0,0,0,0,0,6.119323978278311
6.565264970035361,75,1255,1,0,1,1,3,2,0,0,1,0,1,0,0,0,0,0,0,0,0,0,0,0,0,0,0,0,0,0,0,5.049134058673179
5.746203190540153,37,1254,0,0,0,0,3,2,0,0,1,0,1,0,0,0,0,0,0,0,0,0,0,0,0,0,0,0,0,0,0,8.89876105471187
6.171700597410915,42,1253,0,0,1,0,3,2,0,0,1,0,1,0,0,0,0,0,0,0,0,0,0,0,0,0,0,0,0,0,0,6.017997984665152
5.648974238161206,55,1252,1,1,0,0,1,2,0,0,1,0,0,0,1,0,0,0,0,0,0,0,0,0,0,0,0,0,0,0,0,9.226592742142705
6.073044534100405,49,1251,1,1,1,0,1,2,0,0,1,0,1,0,0,0,0,0,0,0,0,0,0,0,0,0,0,0,0,0,0,8.32183111545157
5.811140992976701,51,1250,1,1,1,1,0,2,0,1,0,0,0,0,0,0,0,0,0,0,0,0,0,0,0,0,0,0,0,0,0,7.528657779867425
6.659293919683638,53,1249,1,1,1,0,0,2,0,1,0,0,1,0,0,0,0,0,0,0,0,0,0,0,0,0,0,0,0,0,0,7.8997365662547505
5.583496308781699,65,1248,1,1,0,0,6,2,0,0,1,0,1,0,0,0,0,0,0,0,0,0,0,0,0,0,0,0,0,0,0,5.182311407205789
7.001245622069476,37,1247,1,1,1,1,6,2,0,1,0,0,1,0,0,0,0,0,0,0,0,0,0,0,0,0,0,0,0,0,0,8.859714031630263
7.394493107219038,78,1244,1,1,0,0,3,2,0,0,1,0,1,0,0,0,0,0,0,0,0,0,0,0,0,0,0,0,0,0,0,0.1162411067540381
6.646390514847729,39,1243,1,1,1,0,3,2,0,0,1,0,1,0,0,0,0,0,0,0,0,0,0,0,0,0,0,0,0,0,0,8.96966107891315
6.021023349349527,52,1242,0,0,1,0,2,2,0,1,0,0,1,0,0,0,0,0,0,0,0,0,0,0,0,0,0,0,0,0,0,7.335861748250716
6.18826412308259,52,1241,1,1,1,0,4,2,0,1,0,0,1,0,0,0,0,0,0,0,0,0,0,0,0,0,0,0,0,0,0,8.389507498395288
7.194436851100335,93,1240,1,1,1,0,4,2,0,1,0,0,1,0,0,0,0,0,0,0,0,0,0,0,0,0,0,0,0,0,0,8.641866564452535
6.4457198193855785,34,1239,1,1,1,2,4,2,0,0,1,0,1,0,0,0,0,0,0,0,0,0,0,0,0,0,0,0,0,0,0,8.43342039727858
5.840641657373398,35,1238,1,0,0,0,4,2,0,1,0,0,1,0,0,0,0,0,0,0,0,0,0,0,0,0,0,0,0,0,0,11.993773419004937
5.147494476813453,59,1233,1,1,0,0,1,1,0,0,1,0,1,0,0,0,0,0,0,0,0,0,0,0,0,0,0,0,0,0,0,8.328144989386628
6.56244409369372,71,1232,1,1,1,0,4,1,0,0,1,0,1,0,0,0,0,0,0,0,0,0,0,0,0,0,0,0,0,0,0,9.206887790336255
5.857933154483459,55,1231,0,0,0,0,4,1,0,1,0,0,1,0,0,0,0,0,0,0,0,0,0,0,0,0,0,0,0,0,0,8.372633626666758
5.181783550292085,57,1230,1,1,0,0,4,1,0,0,0,0,1,0,0,0,0,0,0,0,0,0,0,0,0,0,0,0,0,1,0,8.876783037895727
5.459585514144159,36,1229,0,0,0,0,3,1,0,1,0,0,1,0,0,0,0,0,0,0,0,0,0,0,0,0,0,0,0,0,0,9.443242127437582
5.497168225293202,47,1228,1,1,1,0,3,1,0,1,0,0,1,0,0,0,0,0,0,0,0,0,0,0,0,0,0,0,0,0,0,10.526047920084002
7.380879035564116,51,1227,0,0,1,0,2,1,0,1,0,0,1,0,0,0,0,0,0,0,0,0,0,0,0,0,1,0,0,0,0,9.982561023728628
5.953243334287785,30,1224,1,0,0,0,5,1,0,0,0,1,1,0,0,0,0,0,0,0,0,0,0,0,0,0,0,0,0,0,0,10.965068193586593
5.579729825986222,69,1223,1,1,1,0,3,12,0,0,0,1,1,0,0,0,0,0,0,0,0,0,0,0,0,0,0,0,0,0,0,10.647598459953045
7.465655310134056,46,1221,1,1,1,0,2,12,0,1,0,0,1,0,0,0,0,0,0,0,0,0,0,0,0,0,0,0,0,0,0,5.724080785181366
6.464588303689961,10,1220,1,1,1,0,3,12,0,1,0,0,1,0,0,0,0,0,0,0,0,0,0,0,0,0,0,0,0,0,0,11.317272504593136
5.556828061699537,67,1217,1,0,1,1,4,12,0,1,0,0,1,0,0,0,0,0,0,0,0,0,0,0,0,0,0,0,0,0,0,5.424960369850724
7.166265974133638,62,1215,1,1,1,2,4,12,0,1,0,0,1,0,0,0,0,0,0,0,0,0,0,0,0,0,0,0,0,0,0,11.570695415459443
4.343805421853684,29,1211,1,0,1,1,3,11,0,1,0,0,1,0,0,0,0,0,0,0,0,0,0,0,0,0,0,0,0,0,0,10.593995700159889
4.997212273764115,51,1210,0,0,1,0,2,11,0,0,0,1,1,0,0,0,0,0,0,0,0,0,0,0,0,0,0,0,0,0,0,9.289696454746013
6.368187186350492,52,1209,1,1,1,0,0,11,0,0,1,0,1,0,0,0,0,0,0,0,0,0,0,0,0,0,0,0,0,0,0,9.57140396054424
3.80666248977032,34,1207,1,1,1,0,4,11,0,0,1,0,1,0,0,0,0,0,0,0,0,0,0,0,0,0,0,0,0,0,0,8.444814659328813
7.195187320178709,29,1206,1,0,1,0,4,11,0,1,0,0,1,0,0,0,0,0,0,0,0,0,0,0,0,0,0,0,0,0,0,9.788529623131454
7.055312843339752,44,1205,1,1,1,0,2,11,0,0,1,0,0,0,0,0,0,0,0,0,0,0,0,0,0,0,0,0,0,0,0,9.259639977786756
5.652489180268651,44,1202,1,0,0,1,4,11,0,1,0,0,1,0,0,0,0,0,0,0,0,0,0,0,0,0,0,0,0,0,0,9.24706021536763
5.1647859739235145,47,1201,1,1,1,0,4,11,0,1,0,0,1,0,0,0,0,0,0,0,0,0,0,0,0,0,0,0,0,0,0,9.779675786172431
5.44673737166631,75,1200,1,1,1,0,3,11,0,1,0,0,1,0,0,0,0,0,0,0,0,0,0,0,0,0,0,0,0,1,0,6.6632546127817225
6.728628613084702,72,1199,1,1,1,1,3,11,0,1,0,0,1,0,0,0,0,0,0,0,0,0,0,0,0,0,0,0,0,0,0,9.168464129223164
5.634789603169249,70,1198,1,1,1,0,3,11,0,1,0,0,1,0,0,0,0,0,0,0,0,0,0,0,0,0,0,0,0,0,0,11.844894597701904
7.8252452914317745,68,1197,2,1,0,0,3,11,0,1,0,0,1,0,0,0,0,0,0,0,0,0,0,0,0,0,0,0,0,0,0,7.113470637797385
7.377758908227872,39,1188,1,1,0,0,5,11,0,1,0,0,0,0,0,0,0,0,0,0,0,0,0,0,0,0,0,0,0,0,0,9.61423632627286
7.463936604468925,24,1186,1,1,0,0,1,10,0,1,0,0,0,0,0,0,0,0,0,0,0,0,0,0,0,0,0,0,0,0,0,9.09226019217685
6.813444599510896,70,1183,1,1,1,0,2,10,0,0,1,0,1,0,0,0,0,0,0,0,0,0,0,0,0,0,0,0,0,0,0,10.34638925275098
5.655991810819852,80,1181,1,0,3,0,1,10,0,1,0,0,1,0,0,0,0,0,0,0,0,0,0,0,0,0,0,0,0,0,0,12.725316735215408
6.261491684321042,78,1179,1,1,1,0,2,10,0,1,0,0,1,0,0,0,0,0,0,0,0,0,0,0,0,0,0,0,0,0,0,12.169898365404007
4.574710978503383,27,1178,0,0,1,0,2,10,0,0,0,1,1,0,0,0,0,0,0,0,0,0,0,0,0,0,0,0,0,0,0,11.030784801401024
7.2875606403097235,44,1177,1,0,1,1,0,10,0,1,0,0,1,0,0,0,0,0,0,0,0,0,0,0,0,0,0,0,0,0,0,11.342813602763677
5.899897353582492,112,1175,1,1,1,0,3,9,0,1,0,0,1,0,0,0,0,0,0,0,0,0,0,0,0,0,0,0,0,0,0,11.399312936023431
4.727387818712341,31,1174,1,0,1,0,3,9,0,0,1,0,1,0,0,0,0,0,0,0,0,0,0,0,0,0,0,0,0,0,0,11.433575870330015
7.683403681053826,47,1172,1,0,1,1,1,9,0,1,0,0,1,0,0,0,0,0,0,0,0,0,0,0,0,0,0,0,0,0,0,12.877764720137842
6.030685260261263,62,1171,1,1,1,0,5,9,0,0,1,0,1,0,0,0,0,0,0,0,0,0,0,0,0,0,0,0,0,0,0,8.203295216646062
4.890349128221754,50,1170,1,1,1,0,2,9,0,1,0,0,1,0,0,0,0,0,0,0,0,0,0,0,0,0,0,0,0,1,0,9.345975178997785
7.239214973779806,52,1169,1,1,1,0,1,9,0,1,0,0,1,0,0,0,0,0,0,0,0,0,0,0,0,0,0,0,0,0,0,9.080487045062664
6.523562306149512,69,1168,1,1,1,0,1,9,0,0,1,0,1,0,0,0,0,0,0,0,0,0,0,0,0,0,0,0,0,0,0,3.121750932802491
6.077642243349034,38,1160,1,0,1,1,3,9,0,0,1,0,1,0,0,0,0,0,0,1,0,0,0,0,0,0,0,0,0,0,0,7.0068032976879975
5.805134968916488,67,1297,1,1,1,2,3,4,0,1,0,0,1,0,0,0,0,1,0,0,0,0,0,0,0,0,0,0,0,0,0,11.82580372807371
8.449984441722787,85,1292,1,1,1,3,1,4,0,1,0,0,1,0,0,0,0,1,0,0,0,0,0,0,0,0,0,0,0,0,0,11.701537411270278
5.521460917862246,40,1287,1,0,1,0,2,4,0,1,0,0,1,0,0,0,0,0,0,0,0,0,0,0,0,0,0,0,0,0,0,9.575053442607782
0.0,67,1279,1,0,1,0,3,3,0,1,0,0,1,0,0,0,0,0,0,0,0,0,0,0,0,0,0,0,0,0,0,12.1148982512873
4.465908118654584,24,1274,1,1,0,0,1,3,0,1,0,0,0,0,0,0,0,0,0,0,0,0,0,0,0,0,0,0,0,1,0,11.140393537150818
4.969813299576001,35,1267,1,1,0,0,3,2,0,1,0,0,1,0,1,0,0,0,0,0,0,0,0,0,0,0,0,0,0,0,0,8.651449679012519
4.882801922586371,95,1266,1,1,0,0,3,2,0,1,0,0,1,0,0,0,0,0,0,0,0,0,0,0,0,0,0,0,0,0,0,11.041806275051336
6.626717749249025,71,1261,1,1,1,0,2,2,0,0,1,0,1,0,0,0,0,0,0,0,0,0,0,0,0,0,0,0,0,0,0,12.156025743196045
6.70808408385307,42,1260,1,0,1,0,2,2,0,1,0,0,1,0,0,0,0,0,0,0,0,0,0,0,0,0,0,0,0,0,0,9.54718104904821
5.857933154483459,40,1259,1,0,0,0,2,2,0,1,0,0,1,0,1,0,0,0,0,0,0,0,0,0,0,0,0,0,0,0,0,10.85475720972162
5.501258210544727,54,1237,1,0,0,0,4,2,0,1,0,0,1,0,0,0,0,0,0,0,0,0,0,0,0,0,0,0,0,0,0,13.041750100487116
6.249975242259483,72,1234,0,0,1,0,3,1,0,1,0,0,1,0,0,0,0,0,0,0,0,0,0,0,0,0,0,0,0,0,0,13.069878168899104
5.272999558563747,84,1155,1,1,0,0,1,9,0,1,0,0,1,0,0,0,0,0,0,0,0,0,0,0,0,0,0,0,0,1,0,7.151738057392164
6.775366090936392,57,1166,1,1,1,0,4,9,0,1,0,0,1,0,0,0,0,0,0,0,0,0,0,0,0,0,0,0,0,0,0,8.380615242749037
7.317212408359839,56,1165,1,0,1,0,4,9,0,1,0,0,1,0,0,0,0,0,0,0,0,0,0,0,0,0,0,0,0,0,1,8.44658837143811
6.169610732491456,55,1164,1,0,1,0,4,9,0,0,0,1,1,0,0,0,0,0,0,0,0,0,0,0,0,0,0,0,0,0,1,8.451269775754781
4.31748811353631,44,1163,1,0,1,0,4,9,0,1,0,0,1,0,0,0,0,0,0,0,0,1,0,0,0,0,0,0,0,0,0,11.614657363602996
6.028278520230698,80,1162,1,1,1,2,3,9,0,1,0,0,1,0,0,0,0,0,0,0,0,0,0,0,0,0,0,0,0,0,0,4.983929172422987
7.195937226475569,43,1161,1,0,1,1,3,9,0,1,0,0,1,0,0,0,0,0,0,1,0,0,0,0,0,0,0,0,0,0,0,8.821926968687348
5.54907608489522,52,1159,1,0,1,2,3,9,0,1,0,0,1,0,0,0,0,0,0,1,0,0,0,0,0,0,0,0,0,0,0,7.012504242680177
5.231108616854587,52,1158,1,0,1,2,3,9,0,1,0,0,1,0,0,0,0,0,0,1,0,0,0,0,0,0,0,0,0,0,0,7.01819633182677
5.755742213586912,74,1157,2,1,1,0,2,9,0,0,1,0,1,0,0,0,0,0,0,0,0,0,0,0,0,0,0,0,0,0,0,11.184786057196389
5.613128106388071,47,1154,0,0,0,0,1,9,0,1,0,0,1,0,0,0,0,0,0,0,0,0,0,0,0,0,0,0,0,0,0,8.172045420270294
7.261927092702751,84,1153,1,1,1,2,1,9,0,1,0,0,1,0,0,0,0,0,0,0,0,0,0,0,0,0,0,0,0,0,0,7.962813720014931
5.25227342804663,38,1152,1,1,1,0,0,9,0,1,0,0,1,0,1,0,0,0,0,0,0,0,0,0,0,0,0,0,0,0,0,1.945445755527043
4.897839799950911,73,1151,1,1,0,0,0,9,0,0,1,0,1,0,0,0,0,0,0,0,0,0,0,0,0,0,0,0,0,0,0,7.467150623574092
5.68697535633982,48,1150,1,1,0,0,4,9,0,0,1,0,1,0,0,0,0,0,0,0,0,0,0,0,0,0,0,0,0,0,0,9.574646350036591
5.929589143389895,55,1149,1,1,0,0,4,9,0,1,0,0,1,0,0,0,0,0,0,0,0,0,0,0,0,0,0,0,0,0,0,8.678502821839878
6.610696044717759,55,1148,1,1,1,1,4,9,0,1,0,0,1,0,0,0,0,0,0,0,0,0,0,0,0,0,0,0,0,0,0,12.334603291634284
6.186208623900494,75,1147,1,1,1,2,2,9,0,1,0,0,1,0,0,0,0,0,0,0,0,0,0,0,0,0,0,0,0,0,0,8.915183714282398
6.369900982828227,86,1146,1,1,1,1,4,8,0,1,0,0,1,0,0,0,0,0,0,0,0,0,0,0,0,0,0,0,0,0,0,9.556850235262992
8.09712193091871,82,1145,1,1,1,0,4,8,0,1,0,0,1,0,0,0,0,0,0,0,0,0,0,0,0,0,0,0,0,0,0,5.48913061388874
5.181783550292085,53,1143,1,0,1,0,1,8,0,1,0,0,1,0,0,0,0,0,0,0,0,0,0,0,0,0,0,0,0,0,0,9.713129556898709
5.908082938168931,73,1142,1,0,0,0,1,8,0,1,0,0,1,0,0,0,0,0,0,0,0,0,0,0,0,0,0,0,0,0,0,10.46367745515998
5.293304824724492,43,1141,1,0,1,0,1,8,0,1,0,0,1,0,0,0,0,0,0,0,0,0,0,0,0,0,0,0,0,0,0,9.004394505752776
5.886104031450156,42,1140,1,0,1,0,2,8,0,1,0,0,1,0,0,0,0,0,0,0,0,0,0,0,0,0,0,0,0,0,0,8.76754967323513
5.236441962829949,46,1139,1,1,1,0,2,8,0,0,1,0,1,0,0,0,0,0,0,0,0,0,0,0,0,0,0,0,0,0,0,6.112025572427388
5.655991810819852,61,1138,1,0,1,0,0,8,0,1,0,0,1,0,0,0,0,0,0,0,0,1,0,0,0,0,0,0,0,0,0,10.71608704140797
6.408528791059498,35,1136,1,1,1,0,6,8,0,0,1,0,1,0,0,0,0,0,0,0,0,0,0,0,0,0,0,0,0,0,0,7.124601496982405
5.973809611869261,30,1135,1,0,1,0,6,8,0,1,0,0,1,0,0,0,0,0,0,0,0,0,0,0,0,0,0,0,1,0,0,9.993397854967029
9.372714290960442,55,1134,1,0,1,0,4,7,0,1,0,0,1,0,0,0,0,0,0,0,0,0,0,0,0,0,0,0,0,0,0,12.099838172805322
6.504288173536645,73,1131,1,0,1,1,6,7,0,0,1,0,1,0,0,0,0,0,0,0,0,0,0,0,0,0,0,0,0,0,0,7.611589326016977
5.564520407322694,23,1129,1,0,1,0,3,7,0,1,0,0,1,0,0,0,0,0,0,0,0,1,0,0,0,0,0,0,0,0,0,11.305504907021254
7.202661196523238,72,1128,0,0,2,0,1,7,1,0,0,0,1,0,0,0,0,0,0,0,0,0,0,0,0,0,0,0,0,0,0,8.079742334963871
5.717027701406222,51,1125,2,1,0,0,3,7,0,1,0,0,1,0,1,0,0,0,0,0,0,0,0,0,0,0,0,0,0,0,0,3.261402605414637
5.298317366548036,61,1123,1,1,3,0,2,6,0,1,0,0,1,0,0,0,0,0,0,0,0,0,0,0,0,0,0,0,0,0,0,10.830540599376494
4.836281906951478,107,1120,1,1,1,2,3,6,0,1,0,0,1,0,0,0,0,0,0,0,0,0,0,0,0,0,0,0,0,0,0,9.672501109325156
6.249975242259483,27,1119,1,1,2,0,2,6,0,1,0,0,1,0,0,0,0,0,0,0,0,0,0,0,0,0,0,0,0,0,0,10.019849887623357
7.344072850573066,96,1118,0,0,1,0,2,6,0,1,0,0,1,0,0,0,0,0,0,0,0,0,0,0,0,0,0,0,0,0,0,5.361741047732416
5.153291594497779,83,1117,1,0,0,0,0,6,0,1,0,0,1,0,0,0,0,0,0,1,0,0,0,0,0,0,0,0,0,0,0,8.713099708910764
5.53338948872752,43,1116,1,0,10,0,4,6,0,1,0,0,1,0,0,0,0,0,0,0,0,0,0,0,0,0,0,0,1,0,0,10.196413935147971
6.345636360828596,50,1115,1,0,1,0,2,6,1,0,0,0,1,0,0,0,0,0,0,0,0,1,0,0,0,0,0,0,0,0,0,9.473187267394517
4.499809670330265,52,1114,1,1,1,0,0,6,0,1,0,0,1,0,1,0,0,0,0,0,0,0,0,0,0,0,0,0,0,0,0,0.5500944126866907
4.852030263919617,54,1112,1,1,2,2,5,6,0,0,1,0,1,0,0,0,0,0,0,0,0,0,0,0,0,0,0,0,0,0,0,9.174778694778505
6.648984550024776,53,1111,1,1,1,0,4,6,0,1,0,0,1,0,0,0,0,0,0,0,0,0,0,0,0,0,0,0,0,0,0,11.82153659598758
5.4638318050256105,59,1110,1,0,1,0,3,6,0,1,0,0,1,0,0,0,0,0,0,0,0,0,0,0,0,0,0,0,0,0,0,9.668776643007332
5.62040086571715,49,1109,1,0,3,4,3,6,0,1,0,0,1,0,0,0,0,0,0,0,0,0,0,0,0,0,0,0,0,0,0,10.848025130944922
4.804021044733257,45,1108,1,1,1,0,5,6,0,1,0,0,0,0,0,0,0,0,0,0,0,0,0,0,0,0,0,0,0,0,0,9.90302020417923
3.9318256327243257,43,1106,1,1,1,2,4,6,0,1,0,0,0,0,0,0,0,0,0,0,0,0,0,0,0,0,0,0,0,0,0,9.717813352910673
4.912654885736052,15,1104,1,0,1,2,0,5,0,1,0,0,0,0,0,0,0,0,0,1,0,0,0,0,0,0,0,0,0,0,0,10.349786432161864
7.374629015218945,58,1103,1,1,1,0,5,5,0,1,0,0,1,0,0,0,0,0,0,0,0,0,0,0,0,0,0,0,0,0,0,11.47898580584433
4.356708826689592,45,1102,1,0,2,0,4,5,0,1,0,0,1,0,0,0,0,0,0,0,0,1,0,0,0,0,0,0,0,0,0,9.87190078347589
4.820281565605037,78,1101,1,0,2,0,3,5,1,0,0,0,1,0,0,0,0,0,0,0,0,1,0,0,0,0,0,0,0,0,0,11.993485200089992
7.114769448366463,29,1099,1,1,1,1,0,5,0,1,0,0,1,0,0,0,0,0,0,0,0,0,0,0,0,0,0,0,0,0,0,10.099069629274563
5.579729825986222,52,1098,1,0,0,0,0,5,0,1,0,0,1,0,1,0,0,0,0,0,0,0,0,0,0,0,0,0,0,0,0,7.958701021985045
6.364750756851911,43,1097,1,1,0,0,0,5,0,1,0,0,1,0,0,0,0,0,0,0,0,0,0,0,0,0,0,0,1,0,0,8.234773563537486
5.765191102784844,41,1096,1,0,1,0,6,5,0,1,0,0,1,0,0,1,0,0,0,0,0,0,0,0,0,0,0,0,0,0,0,1.6470676170144538
4.727387818712341,114,1095,1,0,0,0,5,5,0,0,1,0,1,0,0,0,0,0,0,0,0,0,0,0,0,0,0,0,1,0,0,7.729171399511585
5.834810737062605,48,1094,1,1,2,0,3,5,0,1,0,0,1,0,0,0,0,0,0,0,0,0,0,0,0,0,0,0,0,0,0,7.409880826600723
7.828834527588089,72,1093,0,0,2,0,2,5,0,1,0,0,1,0,0,0,0,0,0,0,0,0,0,0,0,0,0,0,0,0,0,7.424262183665831
5.176149732573829,56,1092,1,0,2,0,2,5,1,0,0,0,1,0,0,0,0,0,0,0,0,1,0,0,0,0,0,0,0,0,0,8.697080643735612
5.796057750765372,60,1091,1,0,1,0,1,5,0,0,1,0,1,0,0,0,0,0,0,0,0,0,0,0,0,0,0,0,0,0,1,8.854593261752308
7.6128310304073565,88,1090,0,0,1,0,0,5,0,1,0,0,1,0,0,0,0,0,0,0,0,0,0,0,0,0,0,0,0,0,0,8.484976454126137
7.00397413672268,63,1089,1,0,2,0,0,5,0,1,0,0,1,0,0,0,0,0,0,0,0,0,0,0,0,0,0,0,0,0,1,12.577485523772188
7.465082736399547,64,1088,1,0,1,0,0,5,0,1,0,0,1,0,0,0,0,0,0,0,0,0,0,0,0,0,0,0,0,0,1,9.105146866445462
6.726233402358747,64,1087,1,0,1,0,5,5,0,0,0,0,1,0,0,0,0,0,0,0,0,1,0,0,0,0,0,0,0,0,0,9.475944208998476
5.288267030694535,58,1086,1,0,2,0,5,5,1,0,0,0,1,0,0,0,0,0,0,0,0,1,0,0,0,0,0,0,0,0,0,9.36975278741849
4.605170185988092,21,1085,1,0,1,0,4,5,0,1,0,0,0,0,0,0,0,0,0,0,0,0,0,0,0,0,0,0,0,0,0,8.829973972039197
5.087596335232384,68,1084,1,0,2,0,4,5,0,1,0,0,1,0,0,0,0,0,0,0,0,1,0,0,0,0,0,0,0,0,0,9.48861371583181
3.828641396489095,29,1083,1,0,2,0,4,5,0,1,0,0,1,0,0,0,0,0,0,0,0,1,0,0,0,0,0,0,0,0,0,9.493637853643095
4.990432586778736,39,1082,1,0,2,0,4,5,0,1,0,0,1,0,0,0,0,0,0,0,0,1,0,0,0,0,0,0,0,0,0,9.49907627020847
6.410174881966167,54,1081,0,0,1,0,3,5,0,1,0,0,1,0,0,0,0,0,0,0,0,0,0,0,0,0,0,0,0,0,0,9.251490731778658
7.592366128519796,51,1080,1,0,1,0,6,5,0,1,0,0,1,0,0,0,0,0,0,0,0,0,0,0,0,0,0,0,0,0,0,8.399898280357656
6.739336627357174,47,1079,1,0,2,0,4,5,0,0,1,0,1,0,0,0,0,0,0,0,0,0,0,0,0,0,0,0,0,0,0,9.74206899387883
4.852030263919617,50,1078,1,0,1,0,4,5,0,1,0,0,1,0,0,0,0,0,0,0,0,0,0,0,0,0,0,0,0,0,0,9.742432824102016
5.293304824724492,39,1077,1,0,2,0,4,5,0,1,0,0,1,0,0,0,0,0,0,0,0,0,0,0,0,0,0,0,0,0,0,9.742153468870438
4.007333185232471,41,1076,1,1,1,0,6,4,0,1,0,0,1,0,0,0,0,0,0,0,0,0,0,0,0,0,0,0,0,0,0,10.200797593863284
4.941642422609304,29,1075,1,0,1,0,6,4,0,0,1,0,1,0,0,0,0,0,0,0,0,0,0,0,0,0,0,0,0,0,0,9.54630552648156
6.142037405587356,40,1074,1,1,1,0,4,4,0,1,0,0,1,0,0,0,0,0,0,0,0,0,0,0,0,0,0,0,0,0,0,10.274624811220084
5.407171771460119,59,1071,1,1,1,0,0,4,0,0,1,0,1,0,0,0,0,0,0,0,0,0,0,0,0,0,0,0,0,0,0,9.984439563591089
4.718498871295094,49,1070,1,1,0,0,6,4,0,1,0,0,1,0,0,0,0,0,0,0,0,0,0,0,0,0,0,0,1,0,0,10.092660833951545
6.81783057145415,85,1069,1,1,0,0,4,4,0,1,0,0,1,0,0,0,0,0,0,0,0,0,0,0,0,0,0,0,0,0,0,11.241511994260804
5.075173815233827,66,1068,1,1,1,0,4,4,0,1,0,0,1,0,0,0,0,0,0,0,0,0,0,0,0,0,0,0,1,0,0,8.096148123588893
8.795430805040018,115,1066,0,0,1,0,3,4,0,1,0,0,1,0,0,0,0,0,0,0,0,0,0,0,0,0,0,0,0,0,0,10.397087071239998
6.466144724237619,62,1065,1,0,1,0,2,4,0,1,0,0,1,0,0,0,0,0,0,0,0,0,0,0,0,0,0,0,0,0,0,10.48560644750625
5.236441962829949,117,1062,1,1,1,1,1,4,0,1,0,0,1,0,0,0,0,0,0,0,0,0,0,0,0,0,0,0,0,0,0,10.657980977225584
5.733341276897746,29,1060,0,0,1,0,6,4,0,1,0,0,1,0,0,0,0,0,0,0,0,0,0,0,0,0,0,0,0,0,0,7.299984331261191
4.962844630259907,67,1056,1,1,1,0,4,4,0,1,0,0,1,0,0,0,0,0,0,0,0,0,0,0,0,0,0,0,0,0,0,10.82214254268114
5.811140992976701,42,1055,1,1,1,0,5,4,0,0,1,0,1,0,0,0,0,0,0,0,0,0,0,0,0,0,0,0,1,0,0,8.874722841989168
8.277411998949004,72,1054,1,1,1,0,2,4,0,1,0,0,1,0,0,0,0,0,0,0,0,0,0,0,0,0,0,0,0,0,0,7.000258705354851
4.90527477843843,36,1052,1,1,1,2,4,3,0,1,0,0,0,0,0,0,0,0,0,0,0,0,0,0,0,0,0,0,0,0,0,11.222982378128556
6.037870919922137,61,1051,1,1,1,1,1,3,0,1,0,0,1,0,0,0,0,0,0,0,0,0,0,0,0,0,0,0,0,0,0,11.186000062362735
6.563855526532128,81,1050,1,0,4,1,4,3,0,1,0,0,1,0,0,0,0,0,0,0,0,0,0,0,0,0,0,0,0,0,0,11.302596805637814
7.118826249062078,80,1049,1,1,1,0,4,3,0,0,1,0,1,0,0,0,0,0,0,0,0,0,0,0,0,0,0,0,0,0,0,11.268012145381087
5.700443573390687,44,1048,1,0,1,0,3,3,0,1,0,0,1,0,0,1,0,0,0,0,0,0,0,0,0,0,0,0,0,0,0,10.882535758236791
6.872128101338986,82,1046,1,1,1,0,4,3,0,0,1,0,1,0,0,0,0,0,0,0,0,0,0,0,0,0,0,0,0,0,0,11.40424007693399
6.98933526597456,37,1045,1,1,1,0,2,3,0,0,1,0,1,0,0,0,0,0,0,0,0,0,0,0,0,0,0,0,0,0,0,8.079078473488114
5.513428746164983,59,1043,1,1,1,1,4,3,0,0,0,1,1,0,0,0,0,0,0,0,0,0,0,0,0,0,0,0,0,0,0,11.43063032575407
4.875197323201151,49,1042,0,0,0,1,1,3,0,0,0,1,1,0,0,0,0,0,0,0,0,0,0,0,0,0,0,0,0,0,0,5.547244837199759
7.2640301428995295,43,1041,1,1,1,0,3,3,0,0,1,0,1,0,0,0,0,0,0,0,0,0,0,0,0,0,0,0,0,0,0,7.284675291541136
7.173191742486599,79,1039,1,0,1,0,2,2,0,0,1,0,1,0,0,0,0,0,0,0,0,0,0,0,0,0,0,0,0,0,1,7.0166840010130525
6.675823221634848,108,1038,1,0,1,0,2,2,0,1,0,0,1,0,0,0,0,0,0,0,0,0,0,0,0,0,0,0,0,0,1,7.074896966218343
6.52649485957079,51,1037,1,1,1,0,3,2,0,1,0,0,1,0,0,0,0,0,0,0,0,0,0,0,0,0,1,0,0,0,0,7.26525216669918
5.521460917862246,52,1036,1,1,1,0,3,2,0,1,0,0,1,0,0,0,0,0,0,0,0,0,0,0,0,0,0,0,0,0,0,7.494690118220806
6.862757913051401,54,1035,0,0,0,0,2,2,0,1,0,0,0,0,0,0,0,0,0,0,0,0,0,0,0,0,0,0,0,0,0,13.13135283078897
6.826545223556594,95,1034,1,0,1,0,2,2,0,1,0,0,1,0,0,0,0,0,0,0,0,0,0,0,0,0,0,0,0,0,1,9.352750825685897
7.694392802629421,72,1033,1,0,1,0,6,2,0,1,0,0,1,0,0,0,0,0,0,0,0,0,0,0,0,0,0,0,0,0,1,9.481962333472774
6.068425588244111,48,1031,1,0,1,0,2,2,0,0,1,0,1,0,0,1,0,0,0,0,0,0,0,0,0,0,0,0,0,0,0,9.909586209531328
4.672828834461906,26,1030,0,0,0,1,1,2,0,0,1,0,1,0,0,0,0,0,0,0,0,0,0,0,0,0,0,0,0,0,0,9.349527823275984
8.441391477999955,87,1027,1,1,1,0,4,2,0,1,0,0,1,0,0,0,0,0,0,0,0,0,0,0,0,0,0,0,0,0,0,10.315542921536528
5.153291594497779,49,1021,1,0,0,0,2,2,0,0,1,0,1,0,0,0,0,0,0,0,0,0,0,0,0,0,0,0,0,0,0,7.780196194049447
6.910750787961936,61,1020,1,1,1,0,1,2,0,1,0,0,1,0,0,0,0,1,0,0,0,0,0,0,0,0,0,0,0,0,0,6.829738582838281
4.948759890378168,51,1019,1,1,1,0,1,2,0,0,1,0,1,0,0,0,0,1,0,0,0,0,0,0,0,0,0,0,0,0,0,7.186838297819295
4.430816798843313,92,1018,0,0,1,0,1,2,0,0,0,1,1,0,0,0,0,0,0,0,0,0,0,0,0,0,1,0,0,0,0,7.184717713364823
5.648974238161206,30,1016,1,1,1,0,5,2,0,0,0,1,1,0,0,0,0,0,0,0,0,0,0,0,0,0,0,0,0,0,0,8.455997453835904
7.1308988302963465,61,1015,1,0,0,0,5,2,0,1,0,0,1,0,0,0,0,0,0,0,0,0,0,0,0,0,0,0,1,0,0,8.91941118222944
5.459585514144159,59,1014,1,0,0,1,1,1,0,1,0,0,1,0,0,0,0,0,0,1,0,0,0,0,0,0,0,0,0,0,0,7.796530343193092
7.497761700622568,46,1013,1,1,1,0,0,1,0,0,0,0,1,0,0,0,0,1,0,0,0,0,0,0,0,0,0,0,0,0,0,9.486442062387924
5.54907608489522,50,1012,1,1,1,0,4,1,0,0,1,0,1,0,0,0,0,0,0,0,0,0,0,0,0,0,0,0,0,0,0,9.766659001683104
6.6039438246004725,21,1011,1,1,1,0,4,1,0,0,1,0,1,0,0,0,0,0,0,0,0,0,0,0,0,0,0,0,0,0,0,9.67884183499329
5.54907608489522,92,1010,1,0,1,0,2,1,0,0,1,0,1,0,0,0,0,0,0,0,0,0,0,0,0,0,0,0,0,0,0,9.868011714908548
7.046647277848756,78,1008,0,0,1,1,2,1,0,1,0,0,1,0,0,0,0,1,0,0,0,0,0,0,0,0,0,0,0,0,0,13.072886202942358
6.542471960506805,76,1007,0,0,1,1,2,1,0,1,0,0,1,0,0,0,0,1,0,0,0,0,0,0,0,0,0,0,0,0,0,9.955198585700352
5.049856007249537,29,1006,1,1,0,1,2,1,0,1,0,0,0,0,0,0,0,0,0,0,0,0,0,0,0,0,0,0,0,0,0,11.024198934993736
0.0,51,1005,1,1,1,1,1,1,0,0,1,0,1,0,0,0,0,0,0,0,0,0,0,0,0,0,0,0,0,0,0,9.91485353846739
5.493061443340548,50,1004,1,0,1,0,1,1,0,1,0,0,1,0,0,1,0,0,0,0,0,0,0,0,0,0,0,0,0,0,0,7.918583091896764
6.311734809152915,61,1003,1,0,1,0,1,1,0,1,0,0,1,0,0,1,0,0,0,0,0,0,0,0,0,0,0,0,0,0,0,7.91991664569756
5.860786223465865,28,1002,0,0,0,0,1,1,0,1,0,0,1,0,0,0,1,0,0,0,0,0,0,0,0,0,0,0,0,0,0,6.830295971732063
6.008813185442595,44,1001,1,1,1,1,4,1,0,1,0,0,1,0,0,0,0,0,0,0,0,0,0,0,0,0,0,0,0,0,0,10.13356174537394
5.8664680569332965,52,1000,1,1,0,0,4,1,0,1,0,0,1,0,0,0,0,0,0,0,0,0,0,0,0,0,0,0,0,0,0,8.533774977236048
6.799055862058796,43,999,1,1,1,0,3,1,0,1,0,0,1,0,0,0,0,0,0,0,0,0,0,0,0,0,0,0,0,0,0,10.830208269517886
5.82600010738045,117,998,1,1,1,0,2,1,0,1,0,0,1,0,0,0,0,0,0,0,0,0,0,0,0,0,0,0,0,0,0,5.532477149088587
5.278114659230517,80,996,1,1,2,0,1,1,1,0,0,0,1,0,0,0,0,0,0,0,0,0,0,0,0,0,1,0,0,0,0,10.318244349998295
8.056743774975313,35,995,0,0,0,0,1,1,0,1,0,0,1,0,0,0,0,0,0,0,0,0,0,0,0,0,1,0,0,0,0,10.392753100217105
6.865891074883439,57,994,1,1,2,0,0,1,0,0,1,0,1,0,0,0,0,1,0,0,0,0,0,0,0,0,0,0,0,0,0,7.5327555961607615
6.063785208687608,68,993,1,1,2,0,0,1,0,1,0,0,1,0,0,0,0,1,0,0,0,0,0,0,0,0,0,0,0,0,0,7.675359991426015
6.333279628139691,85,988,1,1,1,0,3,1,0,1,0,0,1,0,0,0,0,0,0,0,0,0,0,0,0,0,1,0,0,0,0,13.068353621510663
7.086737934510577,79,986,2,1,0,4,3,12,1,0,0,0,1,0,0,0,0,0,0,0,0,0,0,0,0,0,0,0,0,0,0,10.84270797909559
7.455876687491824,83,984,1,0,3,0,0,12,0,1,0,0,1,0,0,0,0,0,0,0,0,0,0,0,0,0,0,0,0,0,1,9.309938229870468
7.917171988845776,107,983,1,1,1,0,0,12,0,1,0,0,1,0,0,0,0,0,0,0,0,0,0,0,0,0,0,0,0,0,0,13.070534320644551
7.292337176173877,53,982,1,1,0,0,3,12,0,0,1,0,1,0,0,0,0,0,0,0,0,0,0,0,0,0,0,0,0,0,0,7.469821671256218
9.10331179921766,50,981,1,0,2,5,3,12,0,0,0,0,1,0,0,0,0,0,0,0,0,0,0,0,0,0,0,0,0,0,0,12.964726840664603
6.496774990185863,50,980,1,0,1,2,1,12,0,0,1,0,1,0,0,0,0,0,0,0,0,0,0,0,0,0,0,0,0,0,0,11.332837727143872
6.364750756851911,51,979,1,0,1,0,1,12,0,1,0,0,1,0,0,0,0,0,0,0,0,0,0,0,0,0,0,0,0,0,0,13.346062665921345
0.0,50,978,1,1,0,0,0,12,0,1,0,0,1,0,1,0,0,0,0,0,0,0,0,0,0,0,0,0,0,0,0,7.050276237855466
3.951243718581428,48,977,1,1,0,0,0,12,0,0,1,0,1,0,0,0,0,0,0,0,0,0,0,0,0,0,0,0,0,0,0,4.510444402057896
6.1779441140506,46,976,1,1,0,0,0,12,0,0,1,0,1,0,0,0,0,0,0,0,0,0,0,0,0,0,0,0,0,0,0,6.136082542070129
7.1631723908466425,85,972,1,1,1,0,3,12,0,0,1,0,1,0,0,0,0,0,0,0,0,0,0,0,0,0,0,0,0,0,0,7.735703107779128
7.014814351275545,33,971,1,1,1,1,3,12,0,0,1,0,1,0,0,0,0,0,0,0,0,0,0,0,0,0,0,0,0,0,0,11.414018757506858
4.700480365792417,48,970,1,1,1,1,4,12,0,1,0,0,1,0,0,0,0,0,0,0,0,0,0,0,0,0,0,0,0,0,0,13.296437148392153
6.877296071497429,82,968,1,0,3,0,4,12,0,0,1,0,1,0,0,0,0,0,0,0,0,0,0,0,0,0,0,0,0,0,1,11.25150938783102
7.734121303328305,70,967,1,1,1,0,2,11,0,1,0,0,1,0,0,0,0,0,0,0,0,0,0,0,0,0,0,0,0,0,0,2.48489276080266
7.734121303328305,70,966,1,1,1,0,2,11,0,1,0,0,1,0,0,0,0,0,0,0,0,0,0,0,0,0,0,0,0,0,0,9.275181840970417
5.786897381366708,69,965,1,1,1,0,1,11,0,0,1,0,1,0,0,0,0,0,0,0,0,0,0,0,0,0,0,0,0,0,0,9.575566380462664
7.014814351275545,28,1026,1,0,1,1,4,2,0,1,0,0,1,0,0,0,0,0,0,0,0,0,0,0,0,0,0,0,0,0,0,11.875966704112432
4.844187086458591,31,974,1,0,0,0,0,12,0,1,0,0,0,0,0,0,1,0,0,0,0,0,0,0,0,0,0,0,0,0,0,13.93871847037669
3.610917912644224,41,958,0,0,0,0,1,11,0,1,0,0,0,0,0,0,0,0,0,0,0,0,0,0,0,0,1,0,0,0,0,4.555934422554052
6.75110146893676,29,957,1,0,0,3,0,11,0,1,0,0,0,0,0,0,0,0,0,1,0,0,0,0,0,0,0,0,0,0,0,10.63329887250432
4.553876891600541,29,896,1,0,1,2,1,9,0,1,0,0,0,0,0,0,0,0,0,1,0,0,0,0,0,0,0,0,0,0,0,13.777459380003348
6.1224928095143865,53,867,1,1,1,0,3,7,0,1,0,0,0,0,0,0,0,0,0,0,0,0,0,0,0,0,0,0,0,0,0,13.72444877286281
5.62040086571715,69,963,1,1,1,0,0,11,0,0,1,0,1,0,0,0,0,0,0,0,0,0,0,0,0,0,0,0,0,0,0,9.236524713661677
5.537334267018537,79,962,1,1,1,0,0,11,0,0,1,0,1,0,0,0,0,0,0,0,0,0,0,0,0,0,0,0,0,0,0,9.254091040142107
5.147494476813453,52,961,1,0,1,4,0,11,0,0,0,1,1,0,0,0,0,0,0,0,0,0,0,0,0,0,0,0,0,0,0,10.355438071968342
5.723585101952381,34,960,1,0,1,2,4,11,0,0,1,0,1,0,0,0,0,0,0,1,0,0,0,0,0,0,0,0,0,0,0,10.19816701356174
6.309918278226516,31,956,1,0,1,0,0,11,0,1,0,0,1,0,0,0,0,0,0,0,0,0,0,0,0,0,0,0,1,0,0,11.74054728717735
5.030437921392435,26,954,1,0,1,1,0,11,0,0,1,0,1,0,0,0,0,0,0,0,0,0,0,0,0,0,0,0,0,0,0,12.391843526974702
4.955827057601261,20,953,1,0,0,1,4,11,0,0,1,0,1,0,0,0,0,0,0,0,0,0,0,0,0,0,0,0,0,0,0,10.77336630576458
5.298317366548036,54,952,1,0,1,2,4,11,0,1,0,0,1,0,0,0,0,0,0,0,0,0,0,0,0,0,0,0,0,0,0,12.410470266279509
8.044626279767337,84,951,1,1,1,0,3,11,0,0,0,0,1,0,0,0,0,0,0,0,0,0,0,0,0,0,0,0,0,0,0,7.255427572060465
6.1463292576688975,50,950,1,0,1,3,3,11,0,1,0,0,1,0,0,0,0,0,0,0,0,0,0,0,0,0,0,0,0,0,0,7.758932910457446
4.30406509320417,45,948,1,1,0,0,4,10,0,1,0,0,1,0,1,0,0,0,0,0,0,0,0,0,0,0,0,0,0,0,0,5.456244406941536
8.021256180143997,50,946,1,1,1,0,3,10,0,1,0,0,1,0,0,0,0,0,0,0,0,0,0,0,0,0,0,0,0,0,0,9.349237919130282
5.303304908059076,41,945,1,0,0,0,3,10,0,1,0,0,1,0,0,0,0,0,0,0,0,0,0,0,0,0,0,0,1,0,0,7.202261476536639
4.941642422609304,47,944,1,1,1,0,1,10,0,1,0,0,1,0,1,0,0,0,0,0,0,0,0,0,0,0,0,0,0,0,0,8.449173289298182
4.219507705176107,44,943,1,1,0,0,1,10,0,1,0,0,1,0,1,0,0,0,0,0,0,0,0,0,0,0,0,0,0,0,0,9.235105076276827
4.219507705176107,68,942,1,1,0,0,6,10,0,1,0,0,1,0,0,0,0,0,0,0,0,0,0,0,0,0,0,0,0,0,0,7.74652352974223
6.79794041297493,74,941,1,1,1,0,5,10,0,1,0,0,1,0,0,0,0,0,0,0,1,0,0,0,0,0,0,0,0,0,0,9.06573394358831
6.210600077024653,45,940,1,0,0,0,4,10,0,1,0,0,1,0,0,0,0,0,0,0,0,0,0,0,0,0,0,0,1,0,0,6.3709177887651744
4.174387269895637,36,938,1,0,0,0,2,10,0,0,1,0,1,0,0,0,0,0,0,0,0,0,0,0,0,0,0,0,1,0,0,6.592131263356319
5.135798437050262,60,937,1,0,0,0,2,10,0,0,1,0,1,0,0,0,0,0,0,0,0,0,0,0,0,0,0,0,1,0,0,6.850759493094017
5.10594547390058,38,936,1,1,1,0,2,10,0,1,0,0,1,0,0,0,0,0,0,0,0,0,0,0,0,0,0,0,1,0,0,7.355928356707624
4.189654742026425,34,935,1,1,0,0,0,10,0,0,0,0,1,0,0,0,0,0,0,0,0,0,0,0,0,0,1,0,0,0,0,9.074705162165111
6.82001636467413,94,934,1,0,1,2,0,10,0,1,0,0,1,0,0,0,0,0,0,0,0,0,0,0,0,0,0,0,0,0,0,5.325362169916962
5.662960480135946,52,933,1,0,1,0,0,10,0,1,0,0,1,0,0,0,0,0,0,0,0,0,0,0,0,0,0,0,1,0,0,5.109113984219406
0.0,64,932,1,0,0,0,6,10,0,1,0,0,1,0,0,0,0,0,0,0,0,0,0,0,0,0,0,0,1,0,0,6.594634821476374
0.0,60,931,1,0,0,0,6,10,0,1,0,0,1,0,0,0,0,0,0,0,0,0,0,0,0,0,0,0,1,0,0,6.602674003361808
7.943782692458625,42,930,1,0,1,0,5,10,0,0,0,0,1,0,0,0,0,0,0,0,0,0,0,0,0,0,0,0,0,0,1,9.425448806696318
6.061456918928017,42,929,1,0,1,0,5,10,0,1,0,0,1,0,0,1,0,0,0,0,0,0,0,0,0,0,0,0,0,0,0,1.6998664996600543
5.541263545158426,48,928,1,0,1,1,4,10,0,0,1,0,1,0,0,0,0,0,0,0,0,0,0,0,0,0,0,0,0,0,1,6.730987411864812
6.3784261836515865,64,927,1,1,1,0,4,10,0,1,0,0,1,0,0,0,0,0,0,0,0,0,0,0,0,0,0,0,0,0,0,8.443997457405722
4.836281906951478,26,926,1,1,0,0,2,10,0,1,0,0,1,0,1,0,0,0,0,0,0,0,0,0,0,0,0,0,0,0,0,11.907318736883145
5.771441123130016,53,925,1,0,1,1,2,10,0,1,0,0,1,0,0,0,0,0,0,0,0,0,0,0,0,0,0,0,0,0,0,7.498052807544694
5.680172609017068,59,924,1,1,0,0,2,10,0,1,0,0,0,0,1,0,0,0,0,0,0,0,0,0,0,0,0,0,0,0,0,8.888989952838232
4.663439094112067,36,922,1,0,1,0,0,10,0,1,0,0,0,0,0,1,0,0,0,0,0,0,0,0,0,0,0,0,0,0,0,8.879398832149704
6.052089168924417,52,921,1,0,1,0,0,10,0,1,0,0,0,0,0,1,0,0,0,0,0,0,0,0,0,0,0,0,0,0,0,8.879891568006165
5.802118375377063,27,920,1,0,1,0,0,10,0,1,0,0,0,0,0,1,0,0,0,0,0,0,0,0,0,0,0,0,0,0,0,8.880311409144909
4.852030263919617,36,919,1,0,1,0,0,10,0,1,0,0,0,0,0,1,0,0,0,0,0,0,0,0,0,0,0,0,0,0,0,8.880167482738994
5.056245805348308,34,918,1,0,0,0,5,10,0,1,0,0,1,0,0,0,0,0,0,0,0,0,0,0,0,0,0,0,1,0,0,9.440426260074602
5.945420608606575,79,917,1,0,0,0,5,10,0,1,0,0,1,0,0,0,0,0,0,0,0,0,0,0,0,0,0,0,1,0,0,8.655883954486537
5.135798437050262,53,916,1,0,0,0,5,10,0,1,0,0,1,0,0,0,0,0,0,0,0,0,0,0,0,0,0,0,1,0,0,8.662367555826103
4.836281906951478,39,915,1,0,0,0,5,10,0,1,0,0,1,0,0,0,0,0,0,0,0,0,0,0,0,0,0,0,1,0,0,8.702483897033105
6.839476438228843,74,914,1,1,0,0,4,10,0,1,0,0,1,0,0,0,0,0,0,0,0,0,1,0,0,0,0,0,0,0,0,6.687821030674839
5.455321115357702,50,913,1,0,1,1,3,10,0,1,0,0,1,0,0,0,0,0,0,0,0,0,0,0,0,0,0,0,0,0,0,9.036164314345692
6.194405391104672,38,912,1,1,0,0,3,10,0,1,0,0,1,0,0,0,0,0,0,0,0,0,0,0,0,0,0,0,1,0,0,7.164015141751607
6.563855526532128,34,911,1,1,0,0,2,10,0,1,0,0,1,0,1,0,0,0,0,0,0,0,0,0,0,0,0,0,0,0,0,7.884944841348601
5.869296913133774,33,910,1,1,0,0,2,10,0,1,0,0,1,0,1,0,0,0,0,0,0,0,0,0,0,0,0,0,0,0,0,3.346873182931556
6.317164686747284,92,909,1,1,0,0,2,10,0,1,0,0,0,0,1,0,0,0,0,0,0,0,0,0,0,0,0,0,0,0,0,7.936060922826624
5.303304908059076,50,908,1,0,1,1,2,10,0,1,0,0,0,0,0,0,0,0,0,0,0,0,0,0,0,0,0,0,0,0,0,8.519573915242999
4.605170185988092,36,907,1,1,0,0,1,10,0,1,0,0,1,0,1,0,0,0,0,0,0,0,0,0,0,0,0,0,0,0,0,7.0824575632552325
5.891644211825772,37,906,1,1,0,0,1,10,0,1,0,0,1,0,0,0,0,0,0,0,0,0,0,0,0,0,0,0,0,0,0,7.134706359116592
7.369600720526409,63,905,1,1,0,0,1,10,0,0,1,0,1,0,0,0,0,0,0,0,0,0,0,0,0,0,0,0,0,0,0,7.257938975285242
5.030437921392435,62,904,1,0,1,1,1,10,0,1,0,0,1,0,0,0,0,0,0,0,0,0,0,0,0,0,0,0,0,0,0,8.23861799189675
5.236441962829949,45,903,1,0,1,1,1,10,0,1,0,0,1,0,0,0,0,0,0,0,0,0,0,0,0,0,0,0,0,0,0,8.236698163509018
5.62040086571715,41,902,1,0,1,1,1,10,0,1,0,0,1,0,0,0,0,0,0,0,0,0,0,0,0,0,0,0,0,0,0,8.303995511374294
5.135798437050262,88,901,1,1,0,0,6,10,0,1,0,0,1,0,0,0,0,0,0,0,0,0,0,0,0,0,0,0,1,0,0,8.38843076725844
4.74493212836325,59,900,1,1,0,0,5,10,0,1,0,0,1,0,0,0,0,0,0,0,0,0,0,0,0,0,0,0,1,0,0,8.662811502463917
4.276666119016055,61,899,1,0,0,0,1,9,0,1,0,0,1,0,1,0,0,0,0,0,0,0,0,0,0,0,0,0,0,0,0,8.071761259483436
5.966146739123692,31,898,1,1,1,0,1,9,1,0,0,0,1,0,0,0,0,0,0,0,0,0,0,0,0,0,0,0,0,0,0,9.090614844027646
5.8805329864007,42,897,1,1,1,0,1,9,0,1,0,0,1,0,0,0,0,0,0,0,0,0,0,0,0,0,0,0,0,0,0,9.64832849419878
5.973809611869261,69,895,1,1,1,1,0,9,0,1,0,0,1,0,0,0,0,0,0,0,0,0,0,0,0,0,0,0,0,1,0,9.01984463743484
6.452048954437226,44,894,1,0,2,0,6,9,0,1,0,0,1,0,0,1,0,0,0,0,0,0,0,0,0,0,0,0,0,0,0,2.9024915343130204
6.150602768446279,99,893,1,0,1,1,4,9,0,1,0,0,1,0,0,0,0,0,0,1,0,0,0,0,0,0,0,0,0,0,0,8.4925308198686
7.1180162044653335,63,892,1,0,1,0,2,9,0,1,0,0,1,0,0,0,0,0,0,0,0,0,0,0,0,0,0,0,0,0,0,7.789625572858246
7.903965634032166,69,891,1,1,1,0,1,9,0,1,0,0,1,0,0,0,0,0,0,0,0,0,0,0,0,0,0,0,0,0,0,8.127495777276751
7.15305163493748,51,890,1,1,1,2,6,9,0,0,1,0,1,0,0,0,0,0,0,0,0,0,0,0,0,0,0,0,0,0,0,9.44666854688829
4.74493212836325,66,889,1,1,0,0,4,9,0,1,0,0,1,0,1,0,0,0,0,0,0,0,0,0,0,0,0,0,0,0,0,8.322638574924989
5.44673737166631,44,888,1,1,1,0,4,9,0,1,0,0,1,0,0,0,0,0,0,0,0,0,0,0,0,0,0,0,0,0,0,8.832136642644372
6.558197802812269,48,887,1,1,1,0,3,9,0,0,0,1,1,0,0,0,0,0,0,0,0,0,0,0,0,0,0,0,0,0,0,9.828156498748552
7.005789019253503,63,886,1,1,1,0,3,9,0,1,0,0,1,0,0,0,0,0,0,0,0,0,0,0,0,0,0,0,0,0,0,9.760139620679368
5.43372200355424,53,884,1,1,2,0,1,9,0,1,0,0,1,0,0,0,0,0,0,0,0,0,0,0,0,0,0,0,0,1,0,7.322971347135337
4.770684624465665,35,881,1,1,0,0,1,8,0,1,0,0,0,0,0,0,0,0,0,0,0,0,0,0,0,0,0,0,0,1,0,10.362192259002873
5.905361848054571,29,880,1,0,1,0,1,8,1,0,0,0,1,0,0,0,0,0,0,0,0,0,0,0,0,0,0,0,0,0,0,7.994695642759688
4.394449154672439,25,879,1,1,0,0,0,8,0,1,0,0,1,0,1,0,0,0,0,0,0,0,0,0,0,0,0,0,0,0,0,8.442943598978426
5.081404364984463,38,878,1,1,1,0,3,8,0,1,0,0,1,0,0,0,0,0,0,0,0,0,0,0,0,0,0,0,0,0,0,11.285133005039889
6.870053411798126,54,877,1,1,0,0,1,8,0,1,0,0,1,0,0,0,0,0,0,0,0,0,0,0,0,0,0,0,0,0,0,9.462993472539091
6.1224928095143865,51,876,1,0,1,0,0,8,1,0,0,0,1,0,0,0,0,0,0,0,0,0,0,0,0,0,0,0,0,0,0,9.370561813100917
4.762173934797756,47,875,1,1,0,0,0,8,0,1,0,0,0,0,0,0,0,0,0,0,0,0,0,0,0,0,0,0,0,0,0,7.481987646166847
5.384495062789089,55,874,1,1,0,0,3,8,0,1,0,0,1,0,1,0,0,0,0,0,0,0,0,0,0,0,0,0,0,0,0,10.986231416922488
6.480044561926653,71,873,1,1,0,0,2,8,0,1,0,0,1,0,0,0,0,0,0,0,0,0,0,0,0,0,0,0,0,0,0,7.815569345224944
6.747586526829315,49,872,1,1,0,0,1,8,0,1,0,0,1,0,0,0,0,0,0,0,0,0,0,0,0,0,0,0,0,0,0,8.374490414690262
5.003946305945459,45,871,1,0,0,0,1,8,0,1,0,0,1,0,0,0,0,0,0,0,0,0,0,0,0,0,0,0,0,0,0,11.350313755090056
6.104793232414985,63,869,1,0,0,0,2,8,0,1,0,0,1,0,0,0,0,0,0,0,0,0,0,0,0,0,0,0,1,0,0,11.527453964355177
8.135639903354386,65,868,1,1,1,0,0,8,0,0,0,0,1,0,0,0,0,0,0,0,0,0,0,0,0,0,0,0,0,0,0,9.972862904201545
5.429345628954441,30,866,1,0,0,0,3,7,0,1,0,0,0,0,0,0,0,0,0,0,0,0,0,0,0,0,0,0,0,0,0,10.987818539083817
6.030685260261263,22,865,1,0,2,0,1,7,0,1,0,0,1,0,0,1,0,0,0,0,0,0,0,0,0,0,0,0,0,0,0,11.384803226552922
6.07073772800249,82,864,1,1,0,0,6,7,0,1,0,0,1,0,0,0,0,0,0,0,0,0,0,0,0,0,0,0,0,0,0,8.40469334759188
6.721425700790643,43,863,1,0,1,0,4,7,0,1,0,0,0,0,0,1,0,0,0,0,0,0,0,0,0,0,0,0,0,0,0,11.45686981098471
5.71042701737487,41,861,1,0,1,0,3,7,0,0,1,0,1,0,0,1,0,0,0,0,0,0,0,0,0,0,0,0,0,0,0,4.676572131103312
7.2991214627108,51,860,1,1,1,3,3,7,0,1,0,0,1,0,0,0,0,0,0,0,0,0,0,0,0,0,0,0,0,0,0,13.329330740842323
4.976733742420574,55,858,0,0,0,2,3,7,0,1,0,0,1,0,0,0,0,0,0,0,0,0,0,0,0,0,0,0,0,0,0,11.48038421352859
5.247024072160486,25,857,1,1,0,0,6,7,0,0,1,0,1,0,0,0,0,0,0,0,0,0,0,0,0,0,0,0,0,0,0,9.973205300014763
5.402677381872279,26,856,1,1,1,0,3,7,0,1,0,0,1,0,1,0,0,0,0,0,0,0,0,0,0,0,0,0,0,0,0,8.666746677465438
5.793013608384144,80,854,1,0,1,0,2,7,0,0,1,0,0,0,0,0,0,0,0,0,0,0,0,0,0,0,0,0,0,0,0,12.576108951942018
6.133398042996649,36,853,1,1,1,0,2,7,0,1,0,0,1,0,0,0,0,0,0,0,0,0,0,0,0,0,0,0,0,0,0,10.883617228400816
5.634789603169249,40,851,1,1,1,0,2,7,0,1,0,0,1,0,0,0,0,0,0,0,0,0,0,0,0,0,0,0,0,0,0,13.349013548268776
8.193676665955241,57,848,1,1,1,0,4,7,0,1,0,0,1,0,0,0,0,0,0,0,0,0,0,0,0,0,0,0,0,0,0,12.253212593126625
7.950149887652018,40,847,1,1,1,1,3,6,0,0,1,0,1,0,0,0,0,0,0,0,0,0,0,0,0,0,0,0,0,0,0,7.104897821462129
6.9363427358340495,91,846,1,1,1,0,3,6,0,1,0,0,1,0,0,0,0,0,0,0,0,0,0,0,0,0,0,0,0,0,0,11.375069191612225
4.700480365792417,38,845,1,0,1,1,2,6,0,1,0,0,1,0,0,0,0,0,0,0,0,0,0,0,0,0,0,0,0,0,0,7.392436886881417
5.41610040220442,35,844,1,1,1,0,1,6,0,1,0,0,1,0,0,0,0,0,0,0,0,0,0,0,0,0,0,0,0,0,0,8.610724207629055
6.461468176353717,61,842,1,1,1,0,4,6,0,1,0,0,1,0,0,0,0,0,0,0,0,0,0,0,0,0,0,0,0,0,0,9.23983646027714
4.844187086458591,43,841,1,1,0,0,3,6,0,0,1,0,1,0,0,0,0,0,0,0,0,0,0,0,0,0,0,0,0,0,0,7.488962028830262
7.285506548522785,63,840,1,0,0,1,3,6,1,0,0,0,1,0,0,0,0,0,0,0,0,0,0,0,0,0,0,0,0,0,0,12.041586157638648
8.159946655578548,91,839,1,1,0,0,3,6,0,1,0,0,1,0,0,0,0,1,0,0,0,0,0,0,0,0,0,0,0,0,0,11.544629556019084
5.908082938168931,100,838,1,1,2,0,4,6,0,1,0,0,1,0,0,0,0,0,0,0,0,0,0,0,0,0,0,0,0,0,0,10.26010364149294
6.104793232414985,24,837,1,0,1,0,1,6,0,1,0,0,0,0,0,1,0,0,0,0,0,0,0,0,0,0,0,0,0,0,0,10.868136985354113
4.804021044733257,67,836,1,0,0,2,5,6,0,1,0,0,0,0,0,0,0,0,0,0,0,0,0,0,0,0,0,0,0,0,0,10.12553478978429
6.035481432524756,34,835,1,0,0,0,5,6,0,1,0,0,1,0,0,0,0,0,0,0,0,0,0,0,0,0,0,0,0,0,0,12.502947351458912
5.37989735354046,40,833,1,0,0,1,1,5,0,0,1,0,1,0,0,0,0,0,0,0,0,0,0,0,0,0,0,0,0,0,0,4.668480609572476
4.23410650459726,68,832,1,1,0,0,1,5,0,1,0,0,1,0,1,0,0,0,0,0,0,0,0,0,0,0,0,0,0,0,0,7.997895430230644
5.293304824724492,61,830,1,1,0,0,3,5,0,1,0,0,0,0,0,0,0,0,0,0,0,0,0,0,0,0,0,0,0,1,0,8.551070500131393
6.306275286948016,74,828,1,1,1,5,2,5,0,1,0,0,1,0,0,0,0,0,0,0,0,0,0,0,0,0,0,0,0,0,0,7.040564965406047
5.54907608489522,48,826,1,0,0,0,4,5,0,0,1,0,1,0,0,0,0,0,0,0,0,0,0,0,0,0,0,0,0,0,0,9.55442413515018
8.518592212329946,83,825,1,0,1,0,3,5,0,0,0,0,1,0,0,0,0,0,0,0,0,0,0,0,0,0,0,0,0,0,0,11.036771366170685
4.762173934797756,48,824,1,1,0,1,2,5,0,0,0,1,1,0,0,0,0,0,0,0,0,0,0,0,0,0,0,0,0,0,0,11.022810348463985
5.5053315359323625,26,822,2,1,1,0,1,5,0,1,0,0,1,0,0,0,0,0,0,0,0,0,0,0,0,0,0,0,0,0,0,6.537170202848299
3.784189633918261,20,821,1,0,1,0,0,5,0,1,0,0,0,0,0,0,0,0,0,0,0,0,0,0,0,0,0,0,0,0,0,12.402370910243002
5.902633333401366,109,820,1,1,3,0,4,5,1,0,0,0,1,0,0,0,0,0,0,0,0,0,0,0,0,0,1,0,0,0,0,9.031358257034263
5.713732805509369,56,819,1,0,1,0,3,5,0,1,0,0,1,0,0,1,0,0,0,0,0,0,0,0,0,0,0,0,0,0,0,3.964645183125688
6.536691597591305,42,818,1,0,1,0,3,5,0,1,0,0,1,0,0,1,0,0,0,0,0,0,0,0,0,0,0,0,0,0,0,4.497684450686966
5.993961427306569,51,815,1,1,1,2,1,5,0,0,1,0,1,0,0,0,0,0,0,0,0,0,0,0,0,0,0,0,0,0,0,2.6841513289720726
5.627621113690637,59,814,1,1,0,0,4,4,0,1,0,0,1,0,0,0,0,0,0,0,0,0,0,0,0,0,0,0,0,0,0,8.840862360282637
5.3471075307174685,40,812,1,1,1,0,2,4,0,0,1,0,1,0,0,0,0,0,0,0,0,0,0,0,0,0,0,0,0,0,0,8.203465283069185
5.262690188904886,37,811,1,0,1,0,1,4,0,0,1,0,1,0,0,0,0,0,0,0,0,0,0,0,0,0,0,0,0,0,0,9.198654269693026
4.820281565605037,34,810,1,0,0,0,5,4,0,0,1,0,1,0,0,0,0,0,0,0,0,0,0,0,0,0,0,0,0,0,0,11.516141929929612
5.480638923341991,66,809,1,1,1,0,4,4,0,1,0,0,1,0,0,0,0,0,0,0,0,0,0,0,0,0,0,0,0,0,0,10.53348797101241
5.3612921657094255,61,808,1,1,0,0,3,4,0,1,0,0,0,0,0,0,0,0,0,0,0,0,0,0,0,0,0,0,0,1,0,9.007903489761086
5.950642552587727,62,807,1,0,0,0,2,4,0,1,0,0,0,0,0,0,0,0,0,0,0,0,0,0,0,0,0,0,0,0,0,4.57752128705287
4.969813299576001,30,806,2,1,0,0,1,4,0,1,0,0,0,0,1,0,0,0,0,0,0,0,0,0,0,0,0,0,0,0,0,13.508627763726842
5.5909869805108565,53,805,1,1,0,0,1,4,0,1,0,0,0,0,1,0,0,0,0,0,0,0,0,0,0,0,0,0,0,0,0,12.255218730637948
5.53338948872752,49,804,1,1,0,0,1,4,0,1,0,0,0,0,1,0,0,0,0,0,0,0,0,0,0,0,0,0,0,0,0,12.396081699045576
6.369900982828227,66,803,1,1,1,0,2,4,0,1,0,0,1,0,0,0,0,0,0,0,0,0,0,0,0,0,0,0,0,0,0,12.47170968496855
5.111987788356544,65,802,1,1,0,0,1,4,0,1,0,0,1,0,1,0,0,0,0,0,0,0,0,0,0,0,0,0,0,0,0,9.209914963169354
4.852030263919617,28,801,1,1,2,0,4,4,0,1,0,0,1,0,0,0,0,0,0,0,0,0,0,0,0,0,0,0,0,0,0,9.808407682625113
3.871201010907891,39,799,1,1,0,0,2,4,0,1,0,0,1,0,1,0,0,0,0,0,0,0,0,0,0,0,0,0,0,0,0,9.829907209495016
5.8888779583328805,29,798,2,1,0,0,2,4,0,1,0,0,1,0,1,0,0,0,0,0,0,0,0,0,0,0,0,0,0,0,0,9.833232888001616
4.762173934797756,37,796,1,1,1,0,1,4,0,0,1,0,1,0,0,0,0,0,0,0,0,0,0,0,0,0,0,0,0,0,0,11.874759140757806
5.736572297479192,59,795,1,0,1,0,0,4,0,1,0,0,1,0,0,0,0,0,0,0,0,0,0,0,0,0,0,0,1,0,0,7.206346591198828
4.564348191467836,40,794,1,0,1,0,0,4,0,0,1,0,1,0,0,0,0,0,0,0,0,0,0,0,0,0,0,0,1,0,0,7.212495566764471
8.414495793177895,83,793,1,1,1,4,3,3,1,0,0,0,1,0,0,0,0,0,0,0,0,0,0,0,0,0,0,0,0,0,0,10.662963733181629
8.652248422409102,68,792,1,1,2,0,2,3,0,0,0,0,1,0,0,0,0,0,0,0,0,0,0,0,0,0,0,0,0,0,0,11.793095331451593
6.089044875446846,102,791,1,1,1,0,2,3,0,1,0,0,0,0,0,0,0,0,0,0,0,0,0,0,0,0,0,0,0,0,0,10.678624067937855
6.489204931325317,92,790,1,1,0,0,1,3,0,1,0,0,1,0,0,0,0,0,0,0,0,0,0,0,0,0,1,0,0,0,0,10.269895784469
3.951243718581428,23,789,1,0,0,0,0,3,0,1,0,0,1,0,0,0,0,0,0,0,0,0,0,0,0,0,0,0,1,0,0,7.721211354380502
4.962844630259907,22,788,2,1,0,0,3,3,0,1,0,0,0,0,1,0,0,0,0,0,0,0,0,0,0,0,0,0,0,0,0,9.843301530406205
5.365976015021851,49,787,1,0,1,1,1,3,0,1,0,0,1,0,0,0,0,0,0,0,0,0,0,0,0,0,0,0,0,0,0,9.363220680938246
6.013715156042802,57,786,1,1,0,0,1,3,0,0,1,0,1,0,0,0,0,0,0,0,0,0,0,0,0,0,0,0,0,0,0,9.223575286173029
8.224699561967235,43,785,1,1,1,3,0,3,0,0,1,0,1,0,0,0,0,0,0,0,0,0,0,0,0,0,0,0,0,0,0,9.358771142841103
4.276666119016055,42,784,1,1,1,1,6,3,0,1,0,0,1,0,0,0,0,0,0,0,0,0,0,0,0,0,0,0,0,0,0,12.568937886873195
4.897839799950911,29,783,1,0,0,0,5,3,0,1,0,0,1,0,0,0,0,0,0,0,0,0,0,0,0,0,0,0,1,0,0,9.315420950455254
4.74493212836325,27,781,1,0,1,0,6,3,0,1,0,0,1,0,0,0,0,0,0,0,0,0,0,0,0,0,0,0,1,0,0,9.062034919363189
7.786551806428712,36,780,1,1,1,0,4,3,0,1,0,0,1,0,0,0,0,0,0,0,0,0,0,0,0,0,0,0,0,0,0,10.265894765582576
5.700443573390687,65,779,1,1,1,0,2,3,0,0,1,0,1,0,0,0,0,0,0,0,0,0,0,0,0,0,0,0,0,0,0,4.316821891659791
5.225746673713202,42,776,1,1,1,1,2,3,0,0,1,0,1,0,0,0,0,0,0,0,0,0,0,0,0,0,0,0,0,0,0,12.00463564686604
6.142037405587356,34,775,1,1,1,0,5,3,0,1,0,0,1,0,0,0,0,0,0,0,0,0,0,0,0,0,0,0,1,0,0,8.34279856135749
6.028278520230698,51,774,2,1,1,0,1,2,0,0,1,0,1,0,0,0,0,0,0,0,0,0,0,0,0,0,0,0,0,0,0,7.966854259250707
4.248495242049359,37,773,1,1,0,0,1,2,0,0,0,1,1,0,0,0,0,0,0,0,0,0,0,0,0,0,0,0,0,0,0,8.06806062241044
5.093750200806762,29,772,1,1,1,0,0,2,0,0,0,0,1,1,0,0,0,0,0,0,0,0,0,0,0,0,0,0,0,0,0,8.382737459340648
7.585788821732034,36,771,1,1,0,0,6,2,0,1,0,0,1,0,0,0,0,0,0,0,0,0,0,0,0,0,1,0,0,0,0,7.642536788029741
7.675081857716334,73,769,1,1,0,0,3,2,0,0,0,0,1,0,0,0,0,0,0,0,0,0,0,0,0,0,1,0,0,0,0,9.450339936455846
5.802118375377063,47,768,1,0,2,0,1,2,0,1,0,0,1,0,0,0,0,0,0,0,0,0,0,0,0,0,0,0,0,0,0,4.448498247123418
5.1647859739235145,55,765,1,1,0,0,0,2,0,0,1,0,1,0,0,0,0,0,0,0,0,0,0,0,0,0,1,0,0,0,0,6.968870337377635
8.232706009860976,62,764,1,1,1,1,6,2,1,0,0,0,1,0,0,0,0,0,0,0,0,0,0,0,0,0,0,0,0,0,0,8.15134571287192
6.0112671744041615,103,763,1,1,1,0,2,2,0,1,0,0,1,0,0,0,0,0,0,0,0,0,0,0,0,0,1,0,0,0,0,11.51957273980437
7.362010551259734,24,762,1,0,0,0,2,2,0,0,0,0,0,0,0,1,0,0,0,0,0,0,0,0,0,0,0,0,0,0,0,10.04634977682058
5.8971538676367405,75,761,1,1,1,0,2,2,0,1,0,0,1,0,0,0,0,0,0,0,0,0,0,0,0,0,0,0,0,0,0,10.53779545901936
6.921658184151129,86,759,1,1,1,0,1,2,0,1,0,0,1,0,0,0,0,0,0,0,0,0,0,0,0,0,0,0,0,0,0,9.255852327416356
4.804021044733257,36,758,1,1,1,0,5,2,0,0,1,0,1,0,0,0,0,0,0,0,0,0,0,0,0,0,0,0,0,0,0,12.289915760192407
4.997212273764115,56,757,1,1,0,1,4,2,0,1,0,0,0,0,0,0,0,0,0,0,0,0,0,0,0,0,0,0,0,0,0,8.523006776402356
5.5909869805108565,75,756,1,1,0,0,1,2,0,1,0,0,1,0,1,0,0,0,0,0,0,0,0,0,0,0,0,0,0,0,0,10.263106772919295
5.613128106388071,74,755,1,1,1,0,1,2,0,0,0,0,1,0,0,0,0,0,0,0,0,0,0,0,0,0,0,0,0,0,0,10.26507065456978
6.154858094016418,56,754,1,1,1,0,1,2,0,1,0,0,1,0,0,0,0,0,0,0,0,0,0,0,0,0,0,0,0,0,0,10.427009668149678
6.480044561926653,40,753,1,1,0,0,1,2,0,0,0,0,1,0,0,0,0,0,0,0,0,0,0,0,0,0,1,0,0,0,0,10.435610200646288
5.733341276897746,38,752,1,1,0,0,1,2,0,0,1,0,1,0,0,0,0,0,0,0,0,0,0,0,0,0,1,0,0,0,0,9.31499549240128
6.880384082186005,41,751,1,0,0,0,4,1,0,0,0,0,1,0,0,1,0,0,0,0,0,0,0,0,0,0,0,0,0,0,0,10.602145790119431
4.875197323201151,15,750,1,0,0,0,4,1,0,1,0,0,0,0,0,1,0,0,0,0,0,0,0,0,0,0,0,0,0,0,0,10.161864191083396
5.521460917862246,46,749,1,0,0,0,4,1,0,1,0,0,1,0,0,1,0,0,0,0,0,0,0,0,0,0,0,0,0,0,0,8.326324818421478
7.652070746116482,78,747,1,1,1,0,3,1,0,1,0,0,1,0,0,0,0,0,0,0,0,0,0,0,0,0,0,0,0,0,0,12.310797417821004
6.787844982309579,23,746,1,0,0,0,0,1,0,1,0,0,1,0,0,1,0,0,0,0,0,0,0,0,0,0,0,0,0,0,0,12.40205424050606
5.7430031878094825,40,745,1,0,0,0,0,1,0,1,0,0,1,0,0,1,0,0,0,0,0,0,0,0,0,0,0,0,0,0,0,3.7115761737955055
6.018593214496234,60,744,1,0,0,0,0,1,0,1,0,0,0,0,0,1,0,0,0,0,0,0,0,0,0,0,0,0,0,0,0,10.362538244366876
6.018593214496234,72,743,1,1,1,0,0,1,1,0,0,0,1,0,0,0,0,0,0,0,0,0,0,0,0,0,1,0,0,0,0,9.94424033986162
6.129050210060545,47,742,1,0,0,0,5,1,0,1,0,0,1,0,0,1,0,0,0,0,0,0,0,0,0,0,0,0,0,0,0,8.132804952334888
6.285998094508865,31,741,1,0,0,0,3,1,0,0,0,0,1,0,1,0,0,0,0,0,0,0,0,0,0,0,0,0,0,0,0,8.927295296462015
7.375255778009754,34,740,0,0,0,0,3,1,0,1,0,0,1,1,0,0,0,0,0,0,0,0,0,0,0,0,0,0,0,0,0,1.5094444498273607
5.918893854273146,96,738,1,1,1,0,2,1,1,0,0,0,1,0,0,0,0,0,0,0,0,0,0,0,0,0,0,0,0,0,0,11.269820703536247
6.082218910376446,54,737,1,1,0,0,1,1,0,1,0,0,0,0,0,0,0,0,0,0,0,0,0,0,0,0,1,0,0,0,0,9.489288345489824
7.311886164077165,54,736,1,0,1,0,1,1,0,1,0,0,1,0,0,0,0,0,0,0,0,0,0,0,0,0,0,0,0,0,0,9.014485594859371
7.448333860897476,31,735,1,1,1,0,4,1,0,1,0,0,1,0,0,0,0,0,0,0,0,0,0,0,0,0,0,0,0,0,0,9.868115233605446
5.713732805509369,43,734,1,1,1,0,4,1,0,0,0,1,1,0,0,0,0,0,0,0,0,0,0,0,0,0,0,0,0,0,0,5.474136648743475
6.073044534100405,59,733,1,1,1,0,4,1,1,0,0,0,1,0,0,0,0,0,0,0,0,0,0,0,0,0,0,0,0,0,0,5.531841189281023
4.174387269895637,47,731,1,0,0,0,1,1,0,1,0,0,1,0,1,0,0,0,0,0,0,0,0,0,0,0,0,0,0,0,0,7.251350988082318
5.5093883366279774,73,730,1,1,1,0,0,1,0,1,0,0,0,0,0,0,0,0,0,0,0,0,0,0,0,0,0,0,0,0,0,10.9572728506937
6.317164686747284,24,729,1,0,0,0,5,1,0,1,0,0,0,0,0,1,0,0,0,0,0,0,0,0,0,0,0,0,0,0,0,8.356670511223566
5.225746673713202,51,728,1,0,0,0,5,1,0,1,0,0,1,0,1,0,0,0,0,0,0,0,0,0,0,0,0,0,0,0,0,8.852437245558598
7.31455283232408,34,727,1,0,0,0,2,1,0,1,0,0,1,0,0,1,0,0,0,0,0,0,0,0,0,0,0,0,0,0,0,9.014129008895448
6.257667587882639,110,726,1,1,1,0,2,1,0,1,0,0,1,0,0,0,0,0,0,0,0,0,0,0,0,0,0,0,0,0,0,11.382179475601042
5.730099782973574,34,725,1,0,0,0,1,1,0,0,1,0,0,0,0,1,0,0,0,0,0,0,0,0,0,0,0,0,0,0,0,9.165712515871489
6.3818160174060985,73,723,1,1,1,0,6,1,0,0,1,0,1,0,0,0,0,0,0,0,0,0,0,0,0,0,0,0,0,0,0,9.019770886340098
6.238324625039508,74,722,1,1,1,0,3,12,0,0,1,0,1,0,0,0,0,0,0,0,0,0,0,0,0,0,0,0,0,0,0,9.439779593239503
5.488937726156687,52,719,1,1,1,0,3,12,0,0,1,0,1,0,0,0,0,0,0,0,0,0,0,0,0,0,0,0,0,0,0,9.98692913364348
5.030437921392435,27,718,2,0,0,0,3,12,0,1,0,0,1,0,0,0,0,0,0,0,0,0,0,0,0,0,0,0,0,0,0,9.15238125589503
7.696667081526462,63,717,1,1,1,0,1,12,0,1,0,0,1,0,0,0,0,0,0,0,0,0,0,0,0,0,0,0,0,0,0,9.918102018259685
5.891644211825772,60,716,2,1,0,0,4,12,0,0,0,0,1,0,0,0,0,0,0,0,0,0,0,0,0,0,1,0,0,0,0,11.117286125749793
5.631211781821365,29,714,2,1,0,0,4,12,0,1,0,0,1,0,0,0,0,0,0,0,0,0,0,0,0,0,1,0,0,0,0,11.014305343691865
5.1647859739235145,47,713,1,1,1,0,2,12,0,1,0,0,1,0,0,0,0,0,0,0,0,0,0,0,0,0,0,0,0,0,0,7.274536406314868
4.143134726391533,32,711,1,0,1,0,0,12,0,0,0,0,1,0,0,0,0,0,0,0,0,0,0,0,0,0,0,0,1,0,0,11.50749432666968
4.110873864173311,79,710,1,1,3,0,6,12,0,1,0,0,1,0,0,0,0,0,0,0,0,0,0,0,0,0,0,0,0,0,0,7.875077198563554
5.484796933490655,20,709,1,0,1,0,6,12,0,0,1,0,1,0,0,0,0,0,0,0,0,0,0,0,0,0,0,0,0,0,0,12.025609166540006
6.450470422144176,40,708,1,1,1,0,6,12,0,0,1,0,1,0,0,0,0,0,0,0,0,0,0,0,0,0,0,0,0,0,0,10.791919331475942
6.285998094508865,22,707,1,1,0,0,5,12,0,1,0,0,1,0,1,0,0,0,0,0,0,0,0,0,0,0,0,0,0,0,0,9.044521458417442
6.3473892096560105,53,706,1,1,1,0,3,12,0,1,0,0,1,0,0,0,0,0,0,0,0,0,0,0,0,0,1,0,0,0,0,7.233049210979863
6.828712071641684,66,705,1,1,1,0,2,12,0,1,0,0,1,0,0,0,0,0,0,0,0,0,0,0,0,0,0,0,0,0,0,9.480365791630517
5.480638923341991,29,704,1,1,1,0,1,11,0,1,0,0,1,0,0,0,0,0,0,0,0,0,0,0,0,0,0,0,0,0,0,9.557684335909409
6.386879319362645,90,702,1,1,1,0,2,11,0,1,0,0,1,0,0,0,0,0,0,0,0,0,0,0,0,0,0,0,0,0,0,8.894220769866179
5.37989735354046,75,701,1,1,1,0,1,11,1,0,0,0,1,1,0,0,0,0,0,0,0,0,0,0,0,0,0,0,0,0,0,11.80506050224154
6.056784013228625,32,700,1,0,1,0,0,11,0,1,0,0,1,0,0,0,0,0,0,0,0,0,0,0,0,0,0,0,1,0,0,11.51027363748168
7.359467638255621,81,699,1,1,1,0,4,11,0,1,0,0,1,0,0,0,0,0,0,0,0,0,0,0,0,0,0,0,0,0,0,8.12856256000021
6.018593214496234,50,698,1,1,0,0,3,11,0,1,0,0,1,0,1,0,0,0,0,0,0,0,0,0,0,0,0,0,0,0,0,8.850408482324143
4.787491742782046,75,696,1,1,0,0,2,11,0,1,0,0,1,0,0,0,0,0,0,0,0,0,0,0,0,0,0,0,0,0,0,6.837285746338981
7.614805364711073,87,694,1,0,1,0,0,11,0,1,0,0,1,0,0,0,0,0,0,0,0,0,0,0,0,0,0,0,0,0,0,11.366477629087136
5.978885764901122,67,693,1,1,0,0,3,11,0,0,1,0,1,0,0,0,0,0,0,0,0,0,0,0,0,0,0,0,0,0,0,7.207573818177464
4.248495242049359,34,692,1,1,0,0,3,11,0,1,0,0,1,0,1,0,0,0,0,0,0,0,0,0,0,0,0,0,0,0,0,10.825911599785778
4.454347296253507,41,689,1,1,0,0,3,11,0,1,0,0,0,0,1,0,0,0,0,0,0,0,0,0,0,0,0,0,0,0,0,10.831525231734252
5.966146739123692,56,688,3,1,1,0,0,11,0,1,0,0,1,0,0,0,0,0,0,0,0,0,0,0,0,0,0,0,0,0,0,11.617732648468047
5.209486152841421,47,687,1,1,0,0,0,11,0,1,0,0,0,0,1,0,0,0,0,0,0,0,0,0,0,0,0,0,0,0,0,11.040355175869362
8.310414994188292,97,685,1,1,1,0,2,10,1,0,0,0,1,0,0,0,0,0,0,0,0,0,0,0,0,0,0,0,0,0,0,7.423492680195113
6.47543271670409,61,684,1,1,0,0,0,10,0,1,0,0,0,0,0,0,0,0,0,0,0,0,0,0,0,0,0,0,0,0,0,10.606659988535064
5.872117789475416,53,683,1,1,1,0,6,10,0,0,0,1,1,0,0,0,0,0,0,0,0,0,0,0,0,0,0,0,0,0,0,7.983320706179389
6.20050917404269,39,682,1,1,1,0,6,10,0,0,1,0,1,0,0,0,0,0,0,0,0,0,0,0,0,0,0,0,0,0,0,8.077833993673517
5.814130531825066,23,681,1,0,1,0,3,10,0,0,1,0,1,0,0,0,0,0,0,0,0,0,0,0,0,0,0,0,0,0,0,6.118337624349549
6.2422232654551655,29,679,1,0,0,0,6,10,0,0,1,0,0,0,0,0,0,0,0,0,0,0,0,0,0,0,0,0,0,0,0,12.539726799548276
4.290459441148391,31,678,1,1,0,0,2,10,0,1,0,0,0,0,1,0,0,0,0,0,0,0,0,0,0,0,0,0,0,0,0,10.050355142073748
6.07993319509559,47,675,1,0,1,0,3,9,0,1,0,0,1,0,0,1,0,0,0,0,0,0,0,0,0,0,0,0,0,0,0,8.898041449230663
5.099866427824199,32,674,1,0,0,0,5,9,0,0,0,1,0,0,0,0,0,0,0,0,0,0,0,0,0,0,0,0,0,0,0,8.924762803501636
5.968707559985366,36,673,1,0,0,0,4,9,0,0,1,0,1,0,0,0,0,0,0,0,0,0,0,0,0,0,0,0,0,0,0,9.911084347017152
4.624972813284271,68,671,1,1,0,0,6,9,0,1,0,0,1,0,0,0,0,0,0,0,0,0,0,0,0,0,0,0,0,0,0,10.21099503878918
5.6937321388027,55,670,1,1,0,0,4,9,0,1,0,0,1,0,0,0,0,0,0,0,0,0,0,0,0,0,0,0,0,0,0,8.361535282957028
7.773594467360194,48,669,1,1,0,0,4,9,0,1,0,0,1,0,0,0,0,0,0,0,0,0,0,0,0,0,0,0,0,0,0,11.913529520840582
5.365976015021851,71,668,1,1,0,0,3,9,0,1,0,0,1,0,0,0,0,0,0,0,0,0,0,0,0,0,1,0,0,0,0,8.989345774588948
7.108244139731541,88,667,1,1,1,0,3,9,0,0,0,0,1,0,0,0,0,0,0,0,0,0,0,0,0,0,1,0,0,0,0,7.133040003015752
0.0,62,666,1,0,0,0,6,9,0,1,0,0,1,0,0,0,1,0,0,0,0,0,0,0,0,0,0,0,0,0,0,1.526997889049713
5.420534999272286,55,664,1,0,1,0,4,9,0,1,0,0,1,0,0,0,0,0,0,0,0,0,0,0,0,0,0,0,1,0,0,8.704231567617729
5.860786223465865,98,663,1,0,1,0,3,9,0,1,0,0,1,0,0,0,0,0,0,0,0,0,0,0,0,0,0,0,0,0,0,12.118413734572032
5.8805329864007,57,662,1,1,0,0,2,9,0,1,0,0,0,0,1,0,0,0,0,0,0,0,0,0,0,0,0,0,0,0,0,9.490474720639035
6.582025138892826,44,657,1,0,1,0,1,9,0,0,1,0,1,0,0,0,0,0,0,0,0,0,0,1,0,0,0,0,0,0,0,9.14745755850898
6.638567789166521,77,656,1,1,1,0,4,9,0,0,0,0,1,0,1,0,0,0,0,0,0,0,0,0,0,0,0,0,0,0,0,12.432299460830365
5.351858133476067,42,655,1,0,1,0,4,9,0,1,0,0,1,0,1,0,0,0,0,0,0,0,0,0,0,0,0,0,0,0,0,9.579406421428272
4.859812404361672,55,653,1,0,1,0,3,9,0,1,0,0,1,0,0,0,0,0,0,0,0,0,0,0,0,0,0,0,0,0,0,6.08122686595164
6.040254711277414,36,652,1,1,0,0,3,9,0,0,1,0,1,0,0,0,0,0,0,0,0,0,0,0,0,0,0,0,0,0,0,7.083248324469573
5.3612921657094255,33,650,1,1,0,0,2,9,0,0,0,0,1,0,0,0,0,0,0,0,0,0,0,0,0,0,0,0,0,0,0,7.474189899082702
4.820281565605037,46,649,1,1,0,0,2,9,0,1,0,0,1,0,0,0,0,0,0,0,0,0,0,0,0,0,0,0,0,0,0,4.933831040668292
7.245655067594535,47,648,1,1,0,0,2,9,0,1,0,0,1,0,0,0,0,0,0,0,0,0,1,0,0,0,0,0,0,0,0,11.390123773715333
6.80128303447162,62,647,1,1,0,0,2,9,0,1,0,0,1,0,0,0,0,0,0,0,0,0,0,0,0,0,1,0,0,0,0,11.935546510565109
5.583496308781699,25,646,1,1,0,0,0,8,0,1,0,0,1,0,1,0,0,0,0,0,0,0,0,0,0,0,0,0,0,0,0,2.726841423855018
5.308267697401205,34,645,1,0,0,0,0,8,0,1,0,0,1,0,0,0,0,0,0,0,0,0,0,0,0,0,0,0,0,0,0,4.432636372573252
7.592870287844818,54,644,1,1,1,0,0,8,0,1,0,0,1,0,0,0,0,0,0,0,0,0,0,0,0,0,1,0,0,0,0,11.946645374779482
5.720311776607412,35,643,1,1,1,0,0,8,0,1,0,0,1,0,1,0,0,0,0,0,0,0,0,0,0,0,0,0,0,0,0,12.139329191135138
7.10085190894405,82,642,2,1,1,0,5,8,0,0,1,0,1,0,0,0,0,0,0,0,0,0,0,0,0,0,0,0,0,0,0,11.410448502688231
5.41610040220442,28,641,1,1,0,0,4,8,0,1,0,0,0,0,1,0,0,0,0,0,0,0,0,0,0,0,0,0,0,0,0,10.317727234559486
4.890349128221754,42,640,1,0,0,0,4,8,0,0,0,0,1,0,1,0,0,0,0,0,0,0,0,0,0,0,0,0,0,0,0,3.451755294611934
4.934473933130692,42,639,1,0,0,0,4,8,0,1,0,0,1,0,1,0,0,0,0,0,0,0,0,0,0,0,0,0,0,0,0,4.906161052248412
5.978885764901122,50,638,1,1,0,0,4,8,0,1,0,0,0,0,1,0,0,0,0,0,0,0,0,0,0,0,0,0,0,0,0,12.141017090220137
6.2878585601617845,40,637,1,1,0,0,4,8,0,1,0,0,0,0,1,0,0,0,0,0,0,0,0,0,0,0,0,0,0,0,0,8.753364972254062
0.0,39,636,1,1,0,0,3,8,0,1,0,0,0,0,0,0,0,0,0,0,0,0,0,0,1,0,0,0,0,0,0,7.282986927318537
4.110873864173311,28,634,1,1,0,0,3,8,0,1,0,0,1,0,1,0,0,0,0,0,0,0,0,0,0,0,0,0,0,0,0,10.165379520873977
4.356708826689592,66,633,1,0,1,0,3,8,0,1,0,0,1,0,0,0,0,0,1,0,0,0,0,0,0,0,0,0,0,0,0,7.001153510966419
4.820281565605037,53,632,1,1,0,0,3,8,0,1,0,0,1,0,1,0,0,0,0,0,0,0,0,0,0,0,0,0,0,0,0,3.026865886909263
6.415096959171596,36,631,1,1,0,0,2,8,0,1,0,0,1,0,0,0,0,0,0,0,0,0,0,0,1,0,0,0,0,0,0,4.466147553589284
5.068904202220232,25,630,1,0,1,0,2,8,0,1,0,0,1,0,0,0,0,0,0,0,0,0,0,0,0,0,0,0,0,0,0,12.204548567796838
5.564520407322694,28,629,1,0,1,0,2,8,0,1,0,0,1,0,0,0,0,0,0,0,0,0,0,0,0,0,0,0,0,0,0,13.050200852225483
5.905361848054571,20,627,1,0,0,0,2,8,0,1,0,0,0,0,0,0,0,0,0,0,0,0,0,0,0,0,0,0,0,0,0,8.862498524927533
4.90527477843843,44,626,1,0,0,0,2,8,0,0,1,0,1,0,0,0,0,0,0,0,0,0,0,0,0,0,0,0,0,0,0,6.246441593141455
4.454347296253507,43,622,1,0,0,0,1,8,0,1,0,0,1,0,0,0,0,0,0,0,0,0,1,0,0,0,0,0,0,0,0,5.664952996071805
6.597145701886651,61,620,1,0,0,0,4,8,0,1,0,0,1,0,0,0,0,0,0,0,0,0,1,0,0,0,0,0,0,0,0,8.518854021474153
5.641907070938114,58,619,1,0,1,0,3,8,0,0,0,1,1,0,0,0,0,0,0,0,0,0,0,0,0,0,0,0,0,0,0,5.018654498598335
6.218600119691729,33,618,0,0,1,0,3,8,0,1,0,0,1,0,0,0,0,0,0,0,0,0,1,0,0,0,0,0,0,0,0,7.577475930338118
6.928537818164665,31,617,1,1,1,0,1,8,0,1,0,0,1,0,0,0,0,0,0,0,0,0,0,0,0,0,0,0,0,0,0,9.089405435545192
5.43372200355424,38,616,1,1,0,0,0,8,0,1,0,0,0,0,0,0,0,0,0,0,0,0,0,0,1,0,0,0,0,0,0,7.28844254725708
5.37989735354046,28,615,1,1,1,0,0,8,0,1,0,0,1,0,0,0,0,0,0,0,0,0,0,0,0,0,0,0,0,0,0,8.062376255685251
0.0,25,614,1,1,0,0,4,8,0,1,0,0,0,0,0,0,0,0,0,0,0,0,0,0,1,0,0,0,0,0,0,9.844681122639871
0.0,44,613,1,1,0,0,4,8,0,1,0,0,0,0,0,0,0,0,0,0,0,0,0,0,1,0,0,0,0,0,0,9.52877068100224
7.049254841255837,39,612,1,1,1,0,4,8,0,0,1,0,1,0,0,0,0,0,0,0,0,0,0,0,0,0,0,0,0,0,0,9.047265805787989
4.060443010546419,26,611,1,1,0,0,3,8,0,1,0,0,0,0,0,0,0,0,0,0,0,0,0,0,1,0,0,0,0,0,0,9.084929614701617
4.543294782270004,45,609,1,1,0,0,4,8,0,1,0,0,1,0,1,0,0,0,0,0,0,0,0,0,0,0,0,0,0,0,0,8.686375581168974
5.327876168789581,58,608,1,1,0,0,3,8,0,1,0,0,1,0,0,0,0,0,0,0,0,0,0,0,1,0,0,0,0,0,0,10.2778626139016
0.0,42,606,1,1,0,0,2,8,0,1,0,0,0,0,0,0,0,0,0,0,0,0,0,0,1,0,0,0,0,0,0,9.46330588701842
5.659482215759621,38,605,1,1,0,0,2,8,0,1,0,0,1,0,1,0,0,0,0,0,0,0,0,0,0,0,0,0,0,0,0,9.055715399134217
5.3471075307174685,52,604,1,1,0,0,1,8,0,1,0,0,1,0,0,0,0,0,0,0,0,0,0,0,1,0,0,0,0,0,0,5.807926550751331
6.317164686747284,67,603,1,1,0,0,1,8,0,0,1,0,1,0,0,0,0,0,0,0,0,0,0,0,0,0,0,0,0,0,0,6.061764913450876
5.293304824724492,38,602,1,0,1,0,1,8,0,1,0,0,1,0,0,0,0,0,0,0,0,0,0,0,0,0,0,0,0,0,0,7.435416760984847
6.841615476477592,83,601,2,1,0,0,1,7,0,0,1,0,1,0,0,0,0,0,0,0,0,0,0,0,0,0,0,0,0,0,0,9.228376759015417
6.516193076042964,43,600,2,1,0,0,3,7,0,1,0,0,0,0,1,0,0,0,0,0,0,0,0,0,0,0,0,0,0,0,0,10.5286199095036
0.0,55,599,1,0,0,0,0,7,0,1,0,0,1,0,0,0,1,0,0,0,0,0,0,0,0,0,0,0,0,0,0,9.385928259811324
6.113682179832232,75,598,1,1,2,0,3,7,0,1,0,0,1,0,0,0,0,0,0,0,0,0,0,0,0,0,0,0,0,0,0,10.983356454897525
5.805134968916488,45,596,1,1,1,0,2,7,0,0,1,0,1,0,0,0,0,0,0,0,0,0,0,0,0,0,0,0,0,0,0,9.158228117771165
0.0,42,595,1,1,0,0,0,7,0,1,0,0,0,0,0,0,0,0,0,0,0,0,0,0,1,0,0,0,0,0,0,10.731566900427453
4.8283137373023015,49,593,1,1,2,0,2,7,0,1,0,0,0,0,0,0,0,0,0,0,0,0,0,0,0,0,0,0,0,0,0,13.743248758760974
8.016647877057803,83,591,1,1,1,0,1,7,0,1,0,0,1,0,0,0,0,0,0,0,0,0,0,0,0,0,0,0,0,0,0,5.135462204059697
4.442651256490317,36,590,1,1,0,0,3,7,0,1,0,0,1,0,1,0,0,0,0,0,0,0,0,0,0,0,0,0,0,0,0,11.243118769088191
7.117205503164344,135,589,1,1,5,0,3,7,0,1,0,0,1,0,0,0,0,0,0,0,0,0,0,0,0,0,0,0,0,0,0,8.471576861302811
0.0,62,588,1,0,0,0,2,6,0,1,0,0,1,0,0,0,1,0,0,0,0,0,0,0,0,0,0,0,0,0,0,11.305030451721828
0.0,39,587,1,1,0,0,3,6,0,1,0,0,0,0,0,0,0,0,0,0,0,0,0,0,1,0,0,0,0,0,0,10.796034983589209
4.934473933130692,46,586,1,1,0,0,3,6,0,0,1,0,1,0,0,0,0,0,0,0,0,0,0,0,0,0,0,0,0,0,0,11.150906012411708
5.187385805840755,21,585,1,1,0,0,3,6,0,1,0,0,0,0,1,0,0,0,0,0,0,0,0,0,0,0,0,0,0,0,0,13.186567609767383
0.0,33,584,1,1,0,0,2,6,0,1,0,0,0,0,0,0,0,0,0,0,0,0,0,0,1,0,0,0,0,0,0,7.291584794272071
6.133398042996649,116,583,1,1,1,0,1,6,0,0,1,0,1,0,0,0,0,0,0,0,0,0,0,0,0,0,0,0,0,0,0,11.010130601211616
5.793013608384144,65,582,1,1,0,0,3,6,0,1,0,0,1,0,1,0,0,0,0,0,0,0,0,0,0,0,0,0,0,0,0,10.855315946848734
6.401917196727186,73,581,1,1,0,0,3,6,0,1,0,0,0,0,1,0,0,0,0,0,0,0,0,0,0,0,0,0,0,0,0,10.803257055393154
5.318119993844216,41,580,1,1,0,0,3,6,0,1,0,0,0,0,1,0,0,0,0,0,0,0,0,0,0,0,0,0,0,0,0,10.803406203315893
0.0,55,579,1,1,0,0,3,6,0,1,0,0,0,0,0,0,0,0,0,0,0,0,0,0,1,0,0,0,0,0,0,9.32343589915156
6.150602768446279,35,578,1,1,0,0,1,6,0,1,0,0,0,0,0,0,0,0,0,0,0,0,0,0,1,0,0,0,0,0,0,9.583657772283596
5.69035945432406,37,577,1,1,0,0,0,6,0,1,0,0,0,0,0,0,0,0,0,0,0,0,0,0,0,0,0,0,0,1,0,7.320764635327827
4.74493212836325,90,575,1,1,0,0,0,6,0,1,0,0,1,0,0,0,0,0,0,0,0,0,0,0,0,0,0,0,0,1,0,14.13124811451518
4.969813299576001,43,574,1,1,0,0,0,6,0,1,0,0,1,0,0,0,0,0,0,0,0,0,0,0,0,0,0,0,0,1,0,6.59251215501089
4.330733340286331,87,573,2,1,0,0,4,6,0,1,0,0,1,0,0,0,1,0,0,0,0,0,0,0,0,0,0,0,0,0,0,11.135318093937526
0.0,76,571,1,0,0,0,2,6,0,1,0,0,1,0,0,0,1,0,0,0,0,0,0,0,0,0,0,0,0,0,0,3.745461011789541
4.663439094112067,41,567,1,1,0,0,0,6,0,1,0,0,0,0,1,0,0,0,0,0,0,0,0,0,0,0,0,0,0,0,0,9.658741440203992
6.066108090103747,69,566,1,1,0,0,0,6,0,1,0,0,0,0,0,0,1,0,0,0,0,0,0,0,0,0,0,0,0,0,0,6.813740892608098
4.418840607796598,33,565,1,0,0,0,6,6,0,1,0,0,1,0,0,0,1,0,0,0,0,0,0,0,0,0,0,0,0,0,0,13.795608224730625
4.672828834461906,39,562,1,0,1,0,4,6,0,1,0,0,1,0,0,0,0,0,1,0,0,0,0,0,0,0,0,0,0,0,0,3.925065580066667
0.0,58,560,1,0,0,0,3,6,0,1,0,0,1,0,0,0,1,0,0,0,0,0,0,0,0,0,0,0,0,0,0,5.956547048498456
4.653960350157523,111,559,1,0,0,0,3,6,0,1,0,0,1,0,0,0,1,0,0,0,0,0,0,0,0,0,0,0,0,0,0,6.7005556534018735
5.564520407322694,93,558,1,1,0,0,3,6,0,1,0,0,1,0,0,0,1,0,0,0,0,0,0,0,0,0,0,0,0,0,0,5.997384696722606
5.53338948872752,31,557,1,1,1,1,2,6,0,1,0,0,1,0,0,0,0,0,0,0,0,0,0,0,0,0,0,0,0,0,0,11.507793828282978
6.740519359606223,61,556,1,0,1,0,0,5,0,1,0,0,1,0,0,0,0,0,0,0,0,0,0,0,0,0,0,0,0,0,0,8.93108050409118
5.8805329864007,22,555,1,0,1,0,6,5,0,1,0,0,1,0,0,0,0,0,1,0,0,0,0,0,0,0,0,0,0,0,0,2.012366472890268
4.948759890378168,57,554,1,0,2,0,3,5,0,1,0,0,1,0,0,0,0,0,0,0,0,0,0,0,0,0,0,0,0,0,0,8.75519324173648
0.0,25,552,1,0,0,0,1,5,0,1,0,0,0,1,0,0,0,0,0,0,0,0,0,0,0,0,0,0,0,0,0,13.829834225800106
4.23410650459726,32,551,1,0,2,0,1,5,0,1,0,0,1,1,0,0,0,0,0,0,0,0,0,0,0,0,0,0,0,0,0,13.830190595785016
5.921578419643816,27,550,1,0,0,0,1,5,0,1,0,0,1,1,0,0,0,0,0,0,0,0,0,0,0,0,0,0,0,0,0,12.717788503819795
4.499809670330265,54,549,1,0,0,0,6,5,0,1,0,0,0,1,0,0,0,0,0,0,0,0,0,0,0,0,0,0,0,0,0,12.724517486104094
6.418364935936212,67,548,1,0,0,0,5,5,0,1,0,0,1,0,0,0,1,0,0,0,0,0,0,0,0,0,0,0,0,0,0,8.128602127468204
4.61512051684126,39,545,1,1,1,0,1,5,0,0,0,0,0,0,0,0,0,0,0,0,0,0,0,0,0,0,0,0,0,0,0,12.62454759276362
5.030437921392435,70,544,1,1,0,0,1,5,0,1,0,0,0,0,0,0,1,0,0,0,0,0,0,0,0,0,0,0,0,0,0,11.41264863785033
4.31748811353631,37,543,1,0,1,0,5,5,0,1,0,0,1,0,0,0,0,0,1,0,0,0,0,0,0,0,0,0,0,0,0,8.833576484899659
6.068425588244111,19,542,1,1,1,0,4,5,0,1,0,0,1,0,0,0,0,0,0,0,0,0,0,0,0,0,0,0,0,0,0,3.198799640158604
6.588926477533519,40,541,1,1,0,0,3,5,1,0,0,0,1,0,1,0,0,0,0,0,0,0,0,0,0,0,0,0,0,0,0,11.906600263292836
6.343880434126331,28,540,1,1,1,0,3,5,0,0,1,0,0,0,0,0,0,0,0,0,0,0,0,0,0,0,0,0,0,0,0,4.008980917884204
0.0,91,539,1,1,0,0,1,5,0,1,0,0,0,0,0,0,1,0,0,0,0,0,0,0,0,0,0,0,0,0,0,13.265559848101478
4.653960350157523,53,537,1,0,1,0,2,5,0,1,0,0,1,0,0,0,0,0,1,0,0,0,0,0,0,0,0,0,0,0,0,12.325998248988748
7.392031567514591,21,535,1,0,1,0,4,4,0,1,0,0,1,0,0,0,0,0,0,0,0,0,0,0,0,0,0,0,0,0,0,8.737395386513695
6.9167150203536085,79,534,1,1,1,1,4,4,0,0,0,1,0,0,0,0,0,0,0,0,0,0,0,0,0,0,0,0,0,0,0,12.019796629960402
0.0,27,533,1,0,1,0,3,4,0,1,0,0,0,0,0,0,1,0,0,0,0,0,0,0,0,0,0,0,0,0,0,13.091216768146136
7.592870287844818,37,529,1,0,1,0,2,4,0,1,0,0,1,0,0,0,0,0,0,0,0,0,0,0,0,0,0,0,0,0,0,6.116105825973433
5.365976015021851,23,528,1,0,0,0,6,4,0,1,0,0,0,0,0,0,0,0,0,0,0,0,0,0,0,0,0,0,0,0,0,12.086204003194872
4.955827057601261,31,527,1,0,0,0,6,4,0,0,1,0,1,0,0,0,0,0,0,0,0,0,0,0,0,0,0,0,0,0,0,9.741782125388903
5.14166355650266,63,526,1,0,0,0,6,4,0,0,1,0,1,0,0,0,0,0,0,0,0,0,0,0,0,0,0,0,0,0,0,9.741532614945406
4.30406509320417,21,525,1,0,0,0,6,4,0,0,1,0,1,0,0,0,0,0,0,0,0,0,0,0,0,0,0,0,0,0,0,9.740834489533052
6.52649485957079,72,524,1,1,0,0,5,4,0,1,0,0,1,0,0,0,0,0,0,0,0,0,0,0,0,0,0,0,1,0,0,8.444989069378948
4.68213122712422,61,521,1,1,1,0,0,4,0,1,0,0,1,0,0,0,0,0,0,0,0,0,0,0,0,0,0,0,1,0,0,8.6875137090636
6.523562306149512,24,520,1,0,0,0,5,4,0,1,0,0,1,0,0,0,0,0,0,0,0,0,0,0,0,1,0,0,0,0,0,6.998289861631813
5.71042701737487,78,518,1,0,0,0,3,4,0,1,0,0,1,0,0,0,0,0,0,0,0,0,0,0,0,0,0,0,0,0,0,7.952902296344573
5.1647859739235145,37,517,1,1,1,0,3,4,1,0,0,0,1,0,0,0,0,0,0,0,0,0,0,0,0,0,1,0,0,0,0,8.595353944708624
5.111987788356544,61,516,1,0,0,0,6,4,0,1,0,0,1,0,0,0,0,0,1,0,0,0,0,0,0,0,0,0,0,0,0,6.517639465414792
5.723585101952381,36,515,1,0,0,0,6,4,0,1,0,0,1,0,0,0,0,0,0,0,0,0,0,0,0,1,0,0,0,0,0,3.700392919071827
3.828641396489095,55,514,1,0,0,0,4,4,0,1,0,0,1,0,0,0,0,0,1,0,0,0,0,0,0,0,0,0,0,0,0,8.487607777320601
5.676753802268282,69,513,1,1,0,0,3,4,0,1,0,0,1,0,1,0,0,0,0,0,0,0,0,0,0,0,0,0,0,0,0,11.92438996755708
5.83773044716594,49,512,1,1,0,0,1,4,0,1,0,0,0,0,1,0,0,0,0,0,0,0,0,0,0,0,0,0,0,0,0,11.520882544941513
4.0943445622221,43,511,2,0,1,0,1,4,0,1,0,0,1,0,0,0,0,0,1,0,0,0,0,0,0,0,0,0,0,0,0,10.334657020865972
4.969813299576001,41,510,1,0,1,0,1,4,0,1,0,0,1,0,0,0,0,0,0,0,0,0,0,0,0,0,0,0,0,0,0,12.227054894446171
6.806829360392176,61,508,1,0,0,0,0,4,0,1,0,0,1,0,0,0,0,0,0,0,0,0,0,0,0,1,0,0,0,0,0,8.361735535089387
4.61512051684126,55,505,1,1,1,0,0,4,1,0,0,0,1,0,0,0,0,0,1,0,0,0,0,0,0,0,0,0,0,0,0,7.771827579889904
4.330733340286331,61,504,1,0,1,0,0,4,0,1,0,0,1,0,0,0,0,0,1,0,0,0,0,0,0,0,0,0,0,0,0,7.945765785156325
5.017279836814924,37,502,1,0,1,0,6,4,0,1,0,0,1,0,0,0,0,0,0,0,0,0,0,0,0,0,0,0,0,0,0,6.637513656102004
4.290459441148391,75,501,1,0,1,0,5,4,0,1,0,0,1,0,0,0,0,0,0,0,0,0,0,0,0,0,0,0,0,0,0,12.243841773672369
5.043425116919247,23,500,1,0,1,0,5,4,0,1,0,0,1,0,0,0,0,0,1,0,0,0,0,0,0,0,0,0,0,0,0,8.43535443152833
5.755742213586912,66,499,1,1,1,0,4,4,0,1,0,0,1,0,1,0,0,0,0,0,0,0,0,0,0,0,0,0,0,0,0,10.986765408575234
6.39024066706535,39,498,1,0,0,0,4,4,0,1,0,0,1,0,0,0,0,0,0,0,0,0,0,0,0,1,0,0,0,0,0,12.24304456858778
6.22455842927536,30,497,1,0,0,0,4,4,0,1,0,0,1,0,0,0,0,0,0,0,0,0,0,0,0,1,0,0,0,0,0,8.36997545035548
6.144185634125646,38,496,1,0,0,0,4,4,0,1,0,0,1,0,0,0,0,0,1,0,0,0,0,0,0,0,0,0,0,0,0,8.316217853629398
3.828641396489095,32,495,1,1,1,0,4,4,0,1,0,0,1,0,0,0,0,0,0,0,0,0,0,0,0,0,0,0,0,0,0,12.205727196202758
4.394449154672439,42,494,1,1,1,0,4,4,0,0,1,0,1,0,0,0,0,0,0,0,0,0,0,0,0,0,0,0,0,0,0,11.781142716982668
4.343805421853684,38,493,1,1,0,0,1,3,0,1,0,0,0,0,1,0,0,0,0,0,0,0,0,0,0,0,0,0,0,0,0,7.901857659259266
4.882801922586371,52,491,1,0,1,0,4,3,0,0,1,0,1,0,0,0,0,0,1,0,0,0,0,0,0,0,0,0,0,0,0,9.251024200151909
4.356708826689592,38,490,2,1,0,0,2,3,0,1,0,0,1,0,1,0,0,0,0,0,0,0,0,0,0,0,0,0,0,0,0,7.0334373754917445
4.499809670330265,47,489,1,0,1,0,2,3,0,1,0,0,1,0,0,0,0,0,1,0,0,0,0,0,0,0,0,0,0,0,0,9.547198791162169
4.406719247264253,44,487,1,1,1,0,0,3,0,1,0,0,1,0,1,0,0,0,0,0,0,0,0,0,0,0,0,0,0,0,0,7.875356089436321
4.997212273764115,29,486,1,0,1,0,6,3,0,0,1,0,1,0,0,0,0,0,1,0,0,0,0,0,0,0,0,0,0,0,0,9.839083948519056
5.817111159963204,28,485,0,0,0,0,5,3,0,1,0,0,0,1,0,0,0,0,0,0,0,0,0,0,0,0,0,0,0,0,0,14.111584936297218
8.748304912379623,64,483,1,0,1,0,4,3,0,1,0,0,1,0,0,0,0,0,0,0,0,0,0,0,0,0,0,0,0,0,0,6.249196689587739
3.295836866004329,22,481,1,0,0,0,3,3,0,1,0,0,1,1,0,0,0,0,0,0,0,0,0,0,0,0,0,0,0,0,0,3.5325847413787743
4.976733742420574,50,480,1,0,0,0,2,3,0,1,0,0,1,1,0,0,0,0,0,0,0,0,0,0,0,0,0,0,0,0,0,4.286015563469221
5.068904202220232,42,479,1,0,1,0,2,3,0,1,0,0,1,0,1,0,0,0,0,0,0,0,0,0,0,0,0,0,0,0,0,4.081378363206888
4.290459441148391,26,478,1,0,0,0,2,3,0,1,0,0,0,0,0,0,0,0,0,0,0,0,0,0,0,0,0,0,0,0,0,12.883954322984316
5.2574953720277815,9,477,2,0,0,0,1,3,0,1,0,0,0,1,0,0,0,0,0,0,0,0,0,0,0,0,0,0,0,0,0,8.129906784907243
5.407171771460119,33,475,1,0,0,1,1,3,0,1,0,0,0,1,0,0,0,0,0,0,0,0,0,0,0,0,0,0,0,0,0,13.632404367886116
4.727387818712341,22,474,1,0,0,1,1,3,0,1,0,0,0,1,0,0,0,0,0,0,0,0,0,0,0,0,0,0,0,0,0,13.632403137620432
4.007333185232471,47,473,1,0,0,1,1,3,0,1,0,0,0,1,0,0,0,0,0,0,0,0,0,0,0,0,0,0,0,0,0,13.6324073923337
4.499809670330265,33,472,1,0,0,1,1,3,0,1,0,0,0,1,0,0,0,0,0,0,0,0,0,0,0,0,0,0,0,0,0,13.632412732571796
0.0,28,471,1,0,0,1,1,3,0,1,0,0,0,1,0,0,0,0,0,0,0,0,0,0,0,0,0,0,0,0,0,13.632414037083208
4.653960350157523,37,470,1,0,0,1,1,3,0,1,0,0,0,1,0,0,0,0,0,0,0,0,0,0,0,0,0,0,0,0,0,13.362070563116449
4.406719247264253,55,469,1,0,0,1,1,3,0,1,0,0,0,1,0,0,0,0,0,0,0,0,0,0,0,0,0,0,0,0,0,13.362102949440724
5.010635294096256,47,468,1,0,0,1,1,3,0,1,0,0,0,1,0,0,0,0,0,0,0,0,0,0,0,0,0,0,0,0,0,13.632445328694478
4.663439094112067,68,467,1,0,1,1,1,3,0,1,0,0,1,1,0,0,0,0,0,0,0,0,0,0,0,0,0,0,0,0,0,13.647925426241788
6.779921907472252,68,465,1,0,1,0,0,3,0,1,0,0,1,0,0,0,0,0,1,0,0,0,0,0,0,0,0,0,0,0,0,10.266399805043235
4.867534450455582,63,464,1,0,0,0,0,3,0,1,0,0,1,1,0,0,0,0,0,0,0,0,0,0,0,0,0,0,0,0,0,13.460199211047255
5.849324779946859,48,463,1,0,1,0,6,3,0,0,0,0,1,0,0,0,0,0,1,0,0,0,0,0,0,0,0,0,0,0,0,13.125857145250173
5.081404364984463,32,461,1,0,1,0,6,3,0,1,0,0,1,0,0,0,0,0,1,0,0,0,0,0,0,0,0,0,0,0,0,10.268445434866196
4.736198448394496,39,460,1,0,1,0,4,3,0,1,0,0,1,1,0,0,0,0,0,0,0,0,0,0,0,0,0,0,0,0,0,3.685772549346524
4.736198448394496,61,458,1,1,0,1,2,3,0,1,0,0,0,0,1,0,0,0,0,0,0,0,0,0,0,0,0,0,0,0,0,13.801620493330542
4.762173934797756,62,456,1,1,0,1,2,3,0,1,0,0,0,0,1,0,0,0,0,0,0,0,0,0,0,0,0,0,0,0,0,13.801631878953726
4.700480365792417,38,455,1,1,1,0,0,3,0,0,1,0,1,0,0,0,0,0,0,0,0,0,0,0,0,0,0,0,0,0,0,5.905137981036367
4.262679877041316,61,454,1,1,1,0,5,3,0,0,1,0,1,0,0,0,0,0,0,0,0,0,0,0,0,0,0,0,0,0,0,9.117181982576122
4.955827057601261,20,453,1,0,0,0,4,3,0,1,0,0,1,1,0,0,0,0,0,0,0,0,0,0,0,0,0,0,0,0,0,5.306670548049474
5.438079308923196,15,452,1,0,1,0,4,3,0,1,0,0,1,1,0,0,0,0,0,0,0,0,0,0,0,0,0,0,0,0,0,5.260668890115937
5.666426688112432,84,451,1,0,1,0,3,3,0,1,0,0,1,0,0,0,1,0,0,0,0,0,0,0,0,0,0,0,0,0,0,9.947164361792252
7.44600149832412,72,450,2,0,1,0,3,3,0,0,0,0,1,0,0,0,0,0,0,0,0,0,0,1,0,0,0,0,0,0,0,10.766636928671984
5.786897381366708,35,449,1,0,1,1,3,3,0,1,0,0,0,1,0,0,0,0,0,0,0,0,0,0,0,0,0,0,0,0,0,9.730732719364129
3.295836866004329,55,448,1,0,1,0,2,3,0,1,0,0,1,1,0,0,0,0,0,0,0,0,0,0,0,0,0,0,0,0,0,7.055629201116189
6.522092798170152,30,447,1,0,1,0,2,3,0,0,0,0,1,0,1,0,0,0,0,0,0,0,0,0,0,0,0,0,0,0,0,11.876519112320295
5.799092654460526,64,446,1,0,1,0,2,3,0,1,0,0,1,0,1,0,0,0,0,0,0,0,0,0,0,0,0,0,0,0,0,9.557892109571606
6.419994928147142,80,445,1,0,1,0,1,3,0,1,0,0,0,1,0,0,0,0,0,0,0,0,0,0,0,0,0,0,0,0,0,7.56853068543566
0.0,12,444,1,0,0,0,1,3,0,1,0,0,1,1,0,0,0,0,0,0,0,0,0,0,0,0,0,0,0,0,0,7.680101780896108
5.459585514144159,67,443,1,0,0,0,1,3,0,1,0,0,0,1,0,0,0,0,0,0,0,0,0,0,0,0,0,0,0,0,0,7.771433299051855
6.156978985585555,55,442,1,0,1,0,1,3,0,1,0,0,0,1,0,0,0,0,0,0,0,0,0,0,0,0,0,0,0,0,0,7.782971435829155
5.337538079701318,42,441,1,0,1,0,1,3,0,1,0,0,1,1,0,0,0,0,0,0,0,0,0,0,0,0,0,0,0,0,0,13.813732846972009
6.244166900663736,34,440,1,0,1,0,1,3,0,1,0,0,1,1,0,0,0,0,0,0,0,0,0,0,0,0,0,0,0,0,0,8.492716004370116
4.867534450455582,56,439,1,0,1,0,1,3,0,0,1,0,1,1,0,0,0,0,0,0,0,0,0,0,0,0,0,0,0,0,0,6.930967528082291
7.770645234129176,48,438,1,0,1,0,1,3,0,0,0,1,1,0,0,0,0,0,0,0,0,0,0,0,0,0,0,0,0,0,0,7.914417969206051
2.833213344056216,22,437,2,0,1,0,1,3,0,0,0,1,1,0,0,0,0,0,0,0,0,0,0,0,0,0,0,0,0,0,0,7.271219236991129
4.394449154672439,29,433,1,1,1,0,4,2,0,1,0,0,1,0,1,0,0,0,0,0,0,0,0,0,0,0,0,0,0,0,0,8.881699892922665
6.261491684321042,51,432,1,1,1,0,4,2,0,1,0,0,0,0,1,0,0,0,0,0,0,0,0,0,0,0,0,0,0,0,0,9.059109585109386
4.77912349311153,41,431,1,1,1,0,3,2,0,1,0,0,1,0,1,0,0,0,0,0,0,0,0,0,0,0,0,0,0,0,0,8.881813026955438
5.493061443340548,49,430,1,0,0,0,1,2,0,1,0,0,1,0,0,0,0,0,0,0,1,0,0,0,0,0,0,0,0,0,0,1.5259512255107832
0.0,47,428,1,0,0,0,0,2,0,1,0,0,1,0,0,0,0,0,0,0,1,0,0,0,0,0,0,0,0,0,0,7.0936569057821615
5.030437921392435,33,426,1,0,0,0,0,2,0,0,1,0,1,0,0,0,0,0,0,0,0,0,0,0,0,0,0,0,0,0,0,8.103342386426531
6.144185634125646,41,424,1,0,1,0,5,2,0,1,0,0,1,0,0,0,0,0,0,0,0,0,0,0,0,0,1,0,0,0,0,8.882391449494037
4.5217885770490405,42,423,1,0,1,0,4,2,0,1,0,0,1,0,0,0,0,0,0,0,0,0,0,0,0,0,0,0,0,0,0,10.588215305645408
6.326149473155099,34,422,1,0,0,0,4,2,0,1,0,0,1,0,0,0,0,0,0,0,0,0,0,0,0,1,0,0,0,0,0,4.454485077458916
5.123963979403259,28,421,1,0,0,0,4,2,0,1,0,0,1,0,1,0,0,0,0,0,0,0,0,0,0,0,0,0,0,0,0,6.932661250923605
3.970291913552122,49,418,1,0,0,0,2,2,0,1,0,0,1,0,0,0,0,0,0,0,1,0,0,0,0,0,0,0,0,0,0,10.563083856564608
5.8664680569332965,59,417,1,1,4,0,1,2,0,1,0,0,1,0,0,0,0,0,0,0,0,0,0,0,0,0,1,0,0,0,0,8.016050646072992
5.605802066295998,58,416,1,1,1,0,0,2,0,1,0,0,1,0,0,0,0,0,0,0,0,0,0,0,0,0,0,0,0,0,0,7.356194198125242
7.421177528595393,61,415,1,0,0,0,5,2,0,1,0,0,1,0,0,0,1,0,0,0,0,0,0,0,0,0,0,0,0,0,0,8.562909483697483
5.659482215759621,71,414,1,1,0,0,4,2,0,1,0,0,0,0,0,0,0,0,0,0,0,0,0,0,0,0,1,0,0,0,0,9.248427608051063
4.110873864173311,46,413,1,0,0,0,1,2,0,1,0,0,1,0,0,0,0,0,1,0,0,0,0,0,0,0,0,0,0,0,0,4.220175374392264
4.867534450455582,38,412,1,0,0,0,1,2,0,1,0,0,1,0,0,0,0,0,0,0,1,0,0,0,0,0,0,0,0,0,0,4.866341944831509
4.30406509320417,34,411,1,0,0,0,1,2,0,1,0,0,1,0,0,0,0,0,1,0,0,0,0,0,0,0,0,0,0,0,0,6.930545155688885
5.159055299214529,41,410,1,0,0,0,1,2,0,1,0,0,1,0,0,0,0,0,0,0,1,0,0,0,0,0,0,0,0,0,0,1.5652874680987308
4.465908118654584,83,409,1,0,0,0,5,2,0,1,0,0,1,0,0,0,0,0,0,0,1,0,0,0,0,0,0,0,0,0,0,1.8353323432740345
3.7612001156935615,29,408,1,0,0,0,5,2,0,1,0,0,1,0,0,0,0,0,0,0,1,0,0,0,0,0,0,0,0,0,0,0.9803854045255584
6.55250788703459,28,407,1,1,0,0,4,2,0,0,0,0,1,0,1,0,0,0,0,0,0,0,0,0,0,0,0,0,0,0,0,8.37599112088748
6.42648845745769,27,405,1,1,0,0,4,2,0,1,0,0,0,0,0,0,0,0,0,0,0,0,0,0,0,0,0,0,0,0,0,12.255629329419715
4.976733742420574,53,403,1,0,0,0,4,2,0,1,0,0,1,0,0,0,0,0,0,0,1,0,0,0,0,0,0,0,0,0,0,5.449728081812669
4.90527477843843,66,402,1,0,0,0,3,2,0,1,0,0,0,0,0,0,0,0,0,0,1,0,0,0,0,0,0,0,0,0,0,1.9352511624030229
4.499809670330265,86,401,1,0,1,0,3,2,0,1,0,0,1,0,0,0,0,0,0,0,0,0,0,0,0,0,0,0,0,1,0,5.002095489094718
5.087596335232384,36,400,1,0,0,0,3,2,0,0,1,0,1,0,0,0,0,0,0,0,0,0,0,0,0,0,0,0,0,0,0,7.767430508436793
0.0,64,399,1,0,0,0,3,2,0,1,0,0,1,0,0,0,1,0,0,0,0,0,0,0,0,0,0,0,0,0,0,9.163037077118515
3.951243718581428,33,398,1,0,0,0,3,2,0,1,0,0,1,0,0,0,0,0,0,0,0,0,0,0,0,0,0,0,0,0,0,7.754264435567107
5.087596335232384,58,397,1,0,0,0,3,2,0,0,0,1,1,0,0,0,1,0,0,0,0,0,0,0,0,0,0,0,0,0,0,1.926370487180696
0.0,41,396,1,0,0,0,3,2,0,0,1,0,1,0,0,0,0,0,0,0,0,0,0,0,0,0,0,0,0,0,0,13.53741380848226
0.0,28,395,1,0,0,0,3,2,0,1,0,0,1,0,0,0,0,0,0,0,0,0,0,0,0,0,0,0,0,0,0,2.719229699211995
5.44673737166631,61,394,1,0,0,0,2,2,0,1,0,0,1,0,0,0,0,0,0,0,1,0,0,0,0,0,0,0,0,0,0,3.4773221678847976
5.442417710521793,35,393,1,1,0,0,2,2,0,0,1,0,0,0,0,0,0,0,1,0,0,0,0,0,0,0,0,0,0,0,0,4.103586171144116
7.933079771880415,51,392,1,1,0,0,2,2,1,0,0,0,1,0,0,0,0,0,0,0,0,0,0,0,0,0,1,0,0,0,0,10.07311087765468
6.084499413075172,64,390,1,1,0,0,6,1,0,1,0,0,1,0,0,0,0,0,0,0,0,0,0,0,0,0,0,0,1,0,0,7.679357338051063
5.493061443340548,43,389,1,1,0,0,6,1,0,1,0,0,1,0,0,0,0,0,0,0,0,0,0,0,0,0,0,0,1,0,0,7.687717513789441
8.073402968986406,44,388,1,1,0,0,5,1,0,1,0,0,1,0,0,0,0,0,0,0,0,0,0,0,0,0,0,0,1,0,0,8.574385894853476
7.611347717403621,77,387,1,1,1,0,4,1,0,0,1,0,1,0,0,0,0,0,0,0,0,0,0,0,0,0,0,0,0,0,0,8.656224533634752
4.983606621708336,36,386,1,0,1,0,4,1,0,1,0,0,1,0,0,0,0,0,0,0,0,0,1,0,0,0,0,0,0,0,0,8.773249143846863
4.912654885736052,54,385,1,1,0,0,3,1,0,1,0,0,1,0,0,0,0,0,0,0,0,0,0,0,0,0,0,0,1,0,0,7.388295906891816
5.2832037287379885,45,384,1,0,0,0,3,1,0,1,0,0,1,0,0,0,0,0,0,0,1,0,0,0,0,0,0,0,0,0,0,4.989162165622936
6.107022887742255,46,383,1,1,0,0,2,1,0,1,0,0,1,0,0,0,0,0,0,0,0,0,0,0,0,0,0,0,1,0,0,8.975348649131252
7.673223121121708,68,382,1,1,1,0,2,1,0,0,1,0,1,0,0,0,0,0,0,0,0,0,0,0,0,0,0,0,0,0,0,6.807608297354975
0.0,75,381,1,0,0,0,2,1,0,1,0,0,1,0,0,0,0,0,0,0,1,0,0,0,0,0,0,0,0,0,0,1.5214806336749584
6.059123195581797,70,380,3,1,1,0,2,1,0,1,0,0,1,0,0,0,0,0,0,0,0,0,0,0,0,0,1,0,0,0,0,8.285085284224076
5.5909869805108565,57,379,1,0,0,0,1,1,0,1,0,0,1,0,0,0,0,0,0,0,1,0,0,0,0,0,0,0,0,0,0,2.1295324468204058
5.1647859739235145,65,378,1,0,0,0,1,1,0,1,0,0,1,0,0,0,0,0,0,0,1,0,0,0,0,0,0,0,0,0,0,1.2808597686443706
5.384495062789089,48,377,1,0,0,0,1,1,0,1,0,0,1,0,0,0,0,0,0,0,1,0,0,0,0,0,0,0,0,0,0,1.8132491258487344
4.997212273764115,40,375,1,1,0,0,0,1,0,1,0,0,1,0,0,0,0,0,0,0,0,0,0,0,0,0,0,0,1,0,0,7.74010330975186
6.410174881966167,79,374,1,0,0,0,6,1,0,0,1,0,1,0,0,0,0,0,0,0,0,0,0,0,0,0,0,0,1,0,0,10.4401152137409
6.021023349349527,35,373,1,1,0,0,5,1,0,1,0,0,1,0,1,0,0,0,0,0,0,0,0,0,0,0,0,0,0,0,0,8.532051544010454
5.575949103146316,40,372,1,1,0,0,5,1,0,1,0,0,1,0,0,0,0,0,0,0,0,0,0,0,0,0,0,0,0,0,0,12.261443574998223
4.454347296253507,40,371,1,0,0,0,5,1,0,1,0,0,1,0,0,0,0,0,0,0,1,0,0,0,0,0,0,0,0,0,0,1.6862785759547638
6.306275286948016,44,370,1,0,0,0,4,1,0,1,0,0,1,0,0,0,0,0,0,0,1,0,0,0,0,0,0,0,0,0,0,2.1029810506773328
4.61512051684126,45,369,1,0,0,0,4,1,0,1,0,0,1,0,0,0,0,0,0,0,1,0,0,0,0,0,0,0,0,0,0,1.7980893929229247
5.697093486505405,77,368,1,0,1,0,4,1,0,0,0,0,1,0,0,0,0,0,0,0,0,0,1,0,0,0,0,0,0,0,0,8.66227182726918
6.80903930604298,51,367,1,0,0,0,4,1,0,1,0,0,1,0,0,0,0,0,0,0,1,0,0,0,0,0,0,0,0,0,0,3.8628915830367503
5.44673737166631,41,364,1,0,0,0,3,1,0,1,0,0,1,0,0,0,0,0,0,0,1,0,0,0,0,0,0,0,0,0,0,5.794447691384006
5.929589143389895,85,363,1,1,0,0,3,1,0,1,0,0,1,0,0,0,0,0,0,0,0,0,1,0,0,0,0,0,0,0,0,6.922545972067818
0.0,102,362,1,0,0,0,3,1,0,1,0,0,1,0,0,0,1,0,0,0,0,0,0,0,0,0,0,0,0,0,0,3.892098490703996
7.738488122494646,63,361,1,1,0,0,3,1,0,0,0,0,1,0,0,0,0,0,0,0,0,0,0,0,0,0,1,0,0,0,0,9.77297950594401
5.44673737166631,48,360,1,0,0,0,2,1,0,1,0,0,1,0,0,0,0,0,0,0,1,0,0,0,0,0,0,0,0,0,0,1.8196961366710764
4.700480365792417,49,359,1,0,0,0,2,1,0,1,0,0,1,0,0,0,0,0,0,0,1,0,0,0,0,0,0,0,0,0,0,2.061551209780752
0.0,38,356,1,0,0,0,2,1,0,1,0,0,1,0,0,0,0,0,0,0,1,0,0,0,0,0,0,0,0,0,0,1.223888170364904
5.71042701737487,68,355,1,1,1,0,1,1,0,0,1,0,1,0,0,0,0,0,0,0,0,0,0,0,0,0,0,0,0,0,0,8.970803862332215
5.736572297479192,50,354,1,1,1,0,1,1,0,0,1,0,1,0,0,0,0,0,0,0,0,0,0,0,0,0,0,0,0,0,0,9.180599883814084
5.081404364984463,60,353,1,0,0,0,1,1,0,1,0,0,1,0,0,0,0,0,0,0,1,0,0,0,0,0,0,0,0,0,0,1.3739560563251336
4.875197323201151,47,352,1,0,0,0,1,1,0,1,0,0,1,0,0,0,0,0,0,0,1,0,0,0,0,0,0,0,0,0,0,2.32229457869778
4.276666119016055,80,351,1,1,0,0,1,1,0,1,0,0,1,0,0,0,0,0,0,0,0,0,1,0,0,0,0,0,0,0,0,4.786871550502567
4.941642422609304,68,350,1,1,1,0,1,1,0,1,0,0,0,0,0,0,0,0,0,0,0,0,0,0,0,0,0,0,0,0,0,9.926600913073113
6.3835066348840055,34,349,0,0,0,0,0,1,0,1,0,0,1,0,0,0,0,0,0,0,0,0,0,0,0,1,0,0,0,0,0,10.63637370015375
6.102558594613569,53,348,1,0,1,0,0,1,0,0,1,0,1,0,0,0,0,0,0,0,0,0,0,0,0,0,0,0,0,0,0,13.075710222024194
5.402677381872279,73,347,1,0,0,0,0,1,0,1,0,0,1,0,0,0,0,0,0,0,1,0,0,0,0,0,0,0,0,0,0,1.7954498735239557
5.937536205082426,49,346,1,0,0,0,0,1,0,1,0,0,0,0,0,0,0,0,0,0,1,0,0,0,0,0,0,0,0,0,0,3.33430230825735
6.742880635791903,33,345,1,1,0,0,5,1,0,1,0,0,1,0,0,0,0,0,0,0,0,0,0,0,0,0,0,0,1,0,0,8.403528890863404
7.340186835320115,36,344,1,0,0,0,4,1,0,1,0,0,1,0,0,0,0,0,0,0,1,0,0,0,0,0,0,0,0,0,0,5.1653043157516505
4.762173934797756,48,343,2,1,0,0,4,1,0,0,1,0,1,0,0,0,0,0,0,0,0,0,1,0,0,0,0,0,0,0,0,9.65593591286423
5.068904202220232,30,342,1,1,0,0,4,1,0,1,0,0,1,0,1,0,0,0,0,0,0,0,0,0,0,0,0,0,0,0,0,10.264585068470426
4.3694478524670215,30,340,1,0,0,0,4,1,0,1,0,0,1,0,1,0,0,0,0,0,0,0,0,0,0,0,0,0,0,0,0,10.266135189794978
3.912023005428146,55,339,1,0,1,0,4,1,0,1,0,0,1,0,0,0,0,0,0,0,0,0,1,0,0,0,0,0,0,0,0,8.412439284326817
5.594711379601839,41,338,1,1,0,0,4,1,0,1,0,0,1,0,0,0,0,0,0,0,0,0,0,0,0,0,0,0,1,0,0,3.5719251374750707
5.455321115357702,54,337,1,1,0,0,4,1,0,1,0,0,1,0,0,0,0,0,0,0,0,0,0,0,0,0,0,0,1,0,0,6.9688748057638845
7.342779189331845,39,336,1,1,1,0,4,1,0,1,0,0,1,0,0,0,0,0,0,0,0,0,0,0,0,0,1,0,0,0,0,8.578117266431303
5.552959584921617,36,335,1,0,0,0,3,1,0,1,0,0,1,0,1,0,0,0,0,0,0,0,0,0,0,0,0,0,0,0,0,5.092707121201008
4.836281906951478,80,334,1,0,0,0,3,1,0,1,0,0,1,0,0,0,1,0,0,0,0,0,0,0,0,0,0,0,0,0,0,11.424479648755309
3.9318256327243257,108,331,2,0,0,0,3,1,0,1,0,0,1,0,0,0,1,0,0,0,0,0,0,0,0,0,0,0,0,0,0,12.2588889699393
4.795790545596741,94,330,1,0,0,0,3,1,0,1,0,0,1,0,0,0,1,0,0,0,0,0,0,0,0,0,0,0,0,0,0,4.5301089390995335
3.6635616461296463,62,329,1,0,0,0,3,1,0,1,0,0,1,0,0,0,1,0,0,0,0,0,0,0,0,0,0,0,0,0,0,3.5631050410390777
5.963579343618446,70,328,1,1,0,0,3,1,0,1,0,0,1,0,0,0,0,0,0,0,0,0,0,0,0,0,0,0,1,0,0,7.761126835647863
5.84354441703136,52,327,1,1,0,0,3,1,0,1,0,0,1,0,0,0,0,0,0,0,0,0,0,0,0,0,0,0,1,0,0,10.344472425824486
0.0,42,326,1,0,0,0,3,1,0,1,0,0,0,0,0,0,1,0,0,0,0,0,0,0,0,0,0,0,0,0,0,6.837502006380453
0.0,28,325,1,0,0,0,3,1,0,1,0,0,0,0,0,0,1,0,0,0,0,0,0,0,0,0,0,0,0,0,0,10.848853570747725
2.8903717578961645,85,324,1,1,0,0,3,1,0,1,0,0,1,0,0,0,1,0,0,0,0,0,0,0,0,0,0,0,0,0,0,11.142646351812193
0.0,43,323,1,1,0,0,2,1,0,1,0,0,0,0,0,0,1,0,0,0,0,0,0,0,0,0,0,0,0,0,0,10.263266541189568
0.0,82,322,1,0,0,0,2,1,0,1,0,0,0,0,0,0,1,0,0,0,0,0,0,0,0,0,0,0,0,0,0,10.336147218265088
0.0,32,321,2,1,0,0,2,1,0,1,0,0,1,0,0,0,1,0,0,0,0,0,0,0,0,0,0,0,0,0,0,10.36101887755581
6.244166900663736,31,320,1,1,0,0,2,1,0,1,0,0,1,0,1,0,0,0,0,0,0,0,0,0,0,0,0,0,0,0,0,5.144858253089178
4.0943445622221,28,317,1,1,0,0,2,1,0,1,0,0,1,0,1,0,0,0,0,0,0,0,0,0,0,0,0,0,0,0,0,5.581248860348363
6.810142450115136,101,1456,1,1,1,0,2,2,0,1,0,0,1,0,0,0,0,0,0,0,0,0,0,0,0,0,0,0,0,0,0,4.190864868114268
5.945420608606575,100,318,1,0,0,0,2,1,0,0,0,0,1,0,0,0,1,0,0,0,0,0,0,0,0,0,0,0,0,0,0,10.803706131872575
6.7912214627261855,43,316,1,1,0,0,2,1,0,1,0,0,1,0,0,0,0,0,0,0,0,0,0,0,0,0,0,0,1,0,0,8.05801748010868
6.432940092739179,41,315,1,1,0,0,2,1,0,1,0,0,1,0,0,0,0,0,0,0,0,0,0,0,0,0,0,0,1,0,0,7.486524389156439
5.0369526024136295,46,314,2,1,0,0,2,1,0,1,0,0,1,0,0,0,0,0,0,0,0,0,0,0,0,0,0,0,0,0,0,7.101288142442101
7.238496840894365,88,313,1,1,0,0,2,1,0,1,0,0,1,0,0,0,0,0,0,0,0,0,0,0,0,0,0,0,1,0,0,7.983464863744931
4.5217885770490405,30,310,1,0,0,0,1,1,0,1,0,0,1,0,1,0,0,0,0,0,0,0,0,0,0,0,0,0,0,0,0,5.243995279468896
0.0,89,309,1,0,0,0,1,1,0,1,0,0,1,0,0,0,1,0,0,0,0,0,0,0,0,0,0,0,0,0,0,7.145978413059862
5.802118375377063,68,308,1,0,0,0,1,1,0,1,0,0,1,0,0,0,1,0,0,0,0,0,0,0,0,0,0,0,0,0,0,8.293881876030422
4.477336814478207,22,307,1,0,0,0,0,1,0,1,0,0,0,0,0,0,1,0,0,0,0,0,0,0,0,0,0,0,0,0,0,2.727560846778084
5.2574953720277815,9,306,1,0,0,0,0,1,0,1,0,0,1,0,0,0,0,0,0,0,0,0,0,0,0,0,0,0,0,0,0,9.363232099655646
5.43372200355424,70,304,1,1,0,0,6,1,0,1,0,0,1,0,0,0,0,0,0,0,0,0,0,0,0,0,0,0,1,0,0,8.3170999454943
0.0,73,302,1,0,0,0,6,1,0,1,0,0,0,0,0,0,1,0,0,0,0,0,0,0,0,0,0,0,0,0,0,2.0050479518181827
0.0,73,301,1,0,1,0,6,1,0,1,0,0,0,0,0,0,1,0,0,0,0,0,0,0,0,0,0,0,0,0,0,13.952893933559071
4.912654885736052,55,300,1,0,0,0,5,1,0,1,0,0,0,0,0,0,1,0,0,0,0,0,0,0,0,0,0,0,0,0,0,13.952897890793205
5.303304908059076,54,299,1,0,0,0,5,1,0,1,0,0,1,0,0,0,1,0,0,0,0,0,0,0,0,0,0,0,0,0,0,7.571878347245056
6.194405391104672,68,298,1,1,0,0,5,1,0,1,0,0,1,0,0,0,0,0,0,0,0,0,1,0,0,0,0,0,0,0,0,8.859025856662791
3.970291913552122,54,297,1,1,0,0,4,1,0,0,1,0,1,0,0,0,0,0,0,0,0,0,1,0,0,0,0,0,0,0,0,8.80718721923839
4.356708826689592,48,296,1,1,0,0,4,1,0,0,1,0,0,0,0,0,0,0,0,0,0,0,1,0,0,0,0,0,0,0,0,13.376850793021386
7.516433302915632,66,295,1,1,1,0,4,1,0,1,0,0,1,0,0,0,0,0,0,0,0,0,0,0,0,0,0,0,0,0,0,10.776902106499248
0.0,104,294,1,0,0,0,3,1,0,1,0,0,1,0,0,0,1,0,0,0,0,0,0,0,0,0,0,0,0,0,0,8.29774675982465
0.0,43,293,1,0,0,0,3,1,0,1,0,0,1,0,0,0,1,0,0,0,0,0,0,0,0,0,0,0,0,0,0,6.088635116526021
5.111987788356544,108,292,1,0,0,0,3,1,0,1,0,0,1,0,0,0,1,0,0,0,0,0,0,0,0,0,0,0,0,0,0,6.998367988382549
5.583496308781699,33,291,1,1,1,0,1,1,0,1,0,0,1,0,0,0,0,0,0,0,0,0,0,0,0,0,0,0,0,0,0,7.859275268739876
4.59511985013459,19,290,1,1,1,0,1,1,0,1,0,0,1,0,0,0,0,0,0,0,0,0,0,0,0,0,0,0,0,0,0,6.765324883617705
0.0,60,289,1,0,0,0,1,1,0,1,0,0,1,0,0,0,1,0,0,0,0,0,0,0,0,0,0,0,0,0,0,8.580712333788776
0.0,60,288,1,0,0,0,1,1,0,1,0,0,1,0,0,0,1,0,0,0,0,0,0,0,0,0,0,0,0,0,0,9.332713881931475
0.0,58,287,1,0,0,0,1,1,0,1,0,0,1,0,0,0,1,0,0,0,0,0,0,0,0,0,0,0,0,0,0,11.006112272292054
4.919980925828125,21,285,1,0,0,0,0,1,0,1,0,0,0,0,1,0,0,0,0,0,0,0,0,0,0,0,0,0,0,0,0,12.13254769852528
4.709530201312334,56,284,1,0,0,0,0,1,0,1,0,0,1,0,0,0,1,0,0,0,0,0,0,0,0,0,0,0,0,0,0,12.362994107692275
6.1092475827643655,43,282,1,1,0,0,0,1,0,0,1,0,1,0,0,0,0,0,0,0,0,0,1,0,0,0,0,0,0,0,0,9.437110233605525
6.501289670540389,51,281,1,1,0,0,0,1,0,1,0,0,1,0,0,0,0,0,0,0,0,0,0,0,0,0,0,0,1,0,0,9.156962091479851
5.1298987149230735,64,280,1,0,0,0,0,1,0,1,0,0,1,0,0,0,1,0,0,0,0,0,0,0,0,0,0,0,0,0,0,8.602491892891864
4.969813299576001,42,279,1,1,0,0,3,12,0,0,1,0,0,0,0,0,0,0,0,0,0,0,1,0,0,0,0,0,0,0,0,9.327144768921878
5.459585514144159,53,278,1,1,0,0,3,12,0,1,0,0,1,0,1,0,0,0,0,0,0,0,0,0,0,0,0,0,0,0,0,9.338759454190726
4.890349128221754,48,277,1,1,0,0,3,12,0,1,0,0,1,0,0,0,0,0,0,0,0,0,1,0,0,0,0,0,0,0,0,13.303463911998431
5.1298987149230735,52,276,1,1,0,0,3,12,0,0,1,0,1,0,0,0,0,0,0,0,0,0,1,0,0,0,0,0,0,0,0,2.889522323154529
4.02535169073515,40,275,1,1,0,0,3,12,0,0,1,0,0,0,0,0,0,0,0,0,0,0,1,0,0,0,0,0,0,0,0,9.353937637046013
4.867534450455582,41,274,1,1,0,0,3,12,0,1,0,0,0,0,1,0,0,0,0,0,0,0,0,0,0,0,0,0,0,0,0,9.851828219234685
5.54907608489522,68,273,1,1,0,0,3,12,0,0,1,0,0,0,0,0,0,0,0,0,0,0,1,0,0,0,0,0,0,0,0,9.438302089264177
4.941642422609304,46,272,1,1,0,0,2,12,0,1,0,0,0,0,0,0,0,0,0,0,0,0,1,0,0,0,0,0,0,0,0,7.193536295571752
5.857933154483459,67,271,1,1,0,0,2,12,0,1,0,0,0,0,0,0,0,0,0,0,0,0,1,0,0,0,0,0,0,0,0,9.05394660024267
5.3471075307174685,62,269,1,1,0,0,2,12,0,0,1,0,1,0,0,0,0,0,0,0,0,0,1,0,0,0,0,0,0,0,0,7.284243173693174
6.558197802812269,73,268,1,0,0,0,1,12,0,1,0,0,1,0,0,0,0,0,0,0,1,0,0,0,0,0,0,0,0,0,0,10.094822715840383
5.627621113690637,72,267,1,1,0,0,1,12,0,1,0,0,0,0,0,0,0,0,0,0,0,0,1,0,0,0,0,0,0,0,0,7.984141045092015
4.574710978503383,99,264,1,0,0,0,2,12,0,1,0,0,1,0,0,0,1,0,0,0,0,0,0,0,0,0,0,0,0,0,0,9.85496249234853
5.049856007249537,36,263,1,1,1,0,1,12,0,0,1,0,1,0,0,0,0,0,0,0,0,0,0,0,0,0,0,0,0,0,0,9.21624325231407
5.497168225293202,25,262,1,0,0,0,1,12,0,1,0,0,1,0,0,0,1,0,0,0,0,0,0,0,0,0,0,0,0,0,0,9.324438552812214
5.58724865840025,29,261,1,1,0,0,4,12,0,0,1,0,0,0,0,0,0,0,0,0,0,0,0,0,0,0,0,0,0,0,0,11.23055736300114
4.07753744390572,42,260,1,1,0,0,4,12,0,1,0,0,1,0,0,0,0,0,0,0,0,0,0,0,0,0,0,0,0,0,0,9.689340272525769
5.267858159063328,70,259,1,1,0,0,4,12,0,0,0,1,1,0,0,0,0,0,0,0,0,0,0,0,0,0,0,0,0,0,0,10.330356056679864
5.393627546352362,44,258,1,0,0,0,4,12,0,1,0,0,0,0,0,0,0,0,0,0,0,0,0,0,0,0,0,0,0,0,0,9.874188715375734
5.2832037287379885,17,257,1,1,0,0,1,12,0,0,0,1,1,0,0,0,0,0,0,0,0,0,0,0,0,0,0,0,0,0,0,4.911436742139527
5.043425116919247,42,256,1,1,0,0,0,12,0,1,0,0,1,0,1,0,0,0,0,0,0,0,0,0,0,0,0,0,0,0,0,7.380141027061909
5.337538079701318,43,255,1,1,0,0,0,12,0,1,0,0,1,0,1,0,0,0,0,0,0,0,0,0,0,0,0,0,0,0,0,7.385693791526108
5.337538079701318,30,254,1,0,0,0,0,12,0,1,0,0,0,0,0,0,1,0,0,0,0,0,0,0,0,0,0,0,0,0,0,10.334109494464604
5.723585101952381,105,253,1,0,0,0,0,12,0,1,0,0,1,0,0,0,1,0,0,0,0,0,0,0,0,0,0,0,0,0,0,10.662000742630042
6.61472560020376,79,252,1,1,0,0,4,12,0,0,1,0,1,0,0,0,0,0,0,0,0,0,0,0,0,0,0,0,0,0,0,10.718906689197288
5.780743515792329,85,250,1,1,0,0,1,12,0,1,0,0,0,0,1,0,0,0,0,0,0,0,0,0,0,0,0,0,0,0,0,7.947093629430454
5.3612921657094255,49,249,1,1,0,0,4,12,0,1,0,0,1,0,1,0,0,0,0,0,0,0,0,0,0,0,0,0,0,0,0,7.274813356141183
3.912023005428146,76,247,1,1,0,0,1,12,0,1,0,0,1,0,0,0,0,0,0,0,0,0,1,0,0,0,0,0,0,0,0,9.220304402405478
4.997212273764115,74,246,1,1,0,0,1,12,0,0,1,0,1,0,0,0,0,0,0,0,0,0,0,0,0,0,0,0,1,0,0,9.321626515869749
4.5217885770490405,68,245,1,1,0,0,1,12,0,0,1,0,0,0,0,0,0,0,0,0,0,0,1,0,0,0,0,0,0,0,0,10.666498954125505
4.663439094112067,30,244,1,1,0,0,1,12,0,0,1,0,1,0,0,0,0,0,0,0,0,0,1,0,0,0,0,0,0,0,0,11.873198323561224
5.468060141135132,34,243,1,0,0,0,0,11,0,1,0,0,1,0,0,0,0,0,0,0,0,0,0,0,0,1,0,0,0,0,0,11.096899385858643
5.267858159063328,35,242,1,1,0,0,2,11,0,1,0,0,0,0,1,0,0,0,0,0,0,0,0,0,0,0,0,0,0,0,0,9.345016350562206
6.037870919922137,35,241,1,1,0,0,2,11,0,1,0,0,1,0,1,0,0,0,0,0,0,0,0,0,0,0,0,0,0,0,0,9.474775888637057
5.44673737166631,77,240,1,0,0,0,2,11,0,1,0,0,1,0,0,0,1,0,0,0,0,0,0,0,0,0,0,0,0,0,0,9.162415630970074
5.342334251964811,68,238,1,1,0,0,1,11,0,0,0,0,1,0,0,0,0,0,0,0,0,0,0,0,0,0,0,0,0,0,0,9.22414887262346
5.799092654460526,26,237,1,1,0,0,1,11,0,1,0,0,1,0,1,0,0,0,0,0,0,0,0,0,0,0,0,0,0,0,0,7.183434011223486
4.276666119016055,46,236,1,1,0,0,1,11,0,1,0,0,1,0,1,0,0,0,0,0,0,0,0,0,0,0,0,0,0,0,0,4.796787431460983
5.493061443340548,23,234,1,0,0,0,5,11,0,1,0,0,1,0,0,0,0,0,0,0,0,0,0,0,0,1,0,0,0,0,0,8.45890506557427
5.976350909297934,21,233,1,1,0,0,5,11,0,1,0,0,1,0,0,0,0,0,0,0,0,0,1,0,0,0,0,0,0,0,0,8.820291993041238
0.0,35,232,1,0,0,0,5,11,0,1,0,0,1,0,0,0,0,0,0,0,0,0,0,0,0,1,0,0,0,0,0,2.4393512481284976
3.828641396489095,12,231,1,0,0,0,4,11,0,1,0,0,1,0,0,0,0,0,0,0,0,0,0,0,0,1,0,0,0,0,0,11.26786755735382
4.997212273764115,42,229,1,1,1,0,4,11,0,1,0,0,1,0,0,0,0,0,0,0,0,0,0,0,0,0,0,0,0,1,0,6.8480187210535455
5.733341276897746,50,227,1,0,1,0,4,11,0,1,0,0,1,0,0,0,0,0,0,0,0,0,0,0,0,0,0,0,0,0,0,6.932988672153597
5.796057750765372,55,226,1,0,0,0,4,11,0,1,0,0,1,0,0,0,0,0,0,0,0,0,0,0,0,0,0,0,0,0,0,11.307335279189836
5.393627546352362,73,225,1,1,0,0,4,11,0,1,0,0,1,0,1,0,0,0,0,0,0,0,0,0,0,0,0,0,0,0,0,6.826283385230763
5.402677381872279,68,224,1,0,0,0,4,11,0,1,0,0,1,0,0,0,0,0,0,0,1,0,0,0,0,0,0,0,0,0,0,2.491696049564048
4.867534450455582,24,223,1,1,0,0,4,11,0,0,1,0,1,0,0,0,0,0,0,0,0,0,1,0,0,0,0,0,0,0,0,4.629449705137033
0.0,41,222,1,0,0,0,4,11,0,1,0,0,1,0,0,0,1,0,0,0,0,0,0,0,0,0,0,0,0,0,0,2.909016307471717
4.406719247264253,51,221,1,1,0,0,4,11,0,1,0,0,1,0,0,0,0,0,0,0,0,0,1,0,0,0,0,0,0,0,0,6.93578107829595
7.278628942320682,47,220,1,0,0,0,3,11,0,1,0,0,1,0,0,0,0,0,0,0,0,0,0,0,0,1,0,0,0,0,0,7.404523184416197
5.420534999272286,106,219,1,0,0,0,3,11,0,1,0,0,1,0,0,0,1,0,0,0,0,0,0,0,0,0,0,0,0,0,0,11.10764132423648
4.219507705176107,65,218,1,0,0,0,3,11,0,1,0,0,1,0,0,0,1,0,0,0,0,0,0,0,0,0,0,0,0,0,0,11.105971433715922
0.0,30,216,1,0,0,0,3,11,0,1,0,0,1,0,0,0,1,0,0,0,0,0,0,0,0,0,0,0,0,0,0,6.898492023871697
5.351858133476067,134,215,1,0,0,0,3,11,0,1,0,0,1,0,0,0,1,0,0,0,0,0,0,0,0,0,0,0,0,0,0,11.107843973021977
4.5217885770490405,35,213,1,0,0,0,2,11,0,1,0,0,1,0,1,0,0,0,0,0,0,0,0,0,0,0,0,0,0,0,0,9.062844891819635
5.442417710521793,70,212,1,0,0,0,2,11,0,1,0,0,1,0,0,0,0,0,0,0,0,0,0,0,0,0,0,0,1,0,0,8.197815495657144
5.187385805840755,40,211,1,0,0,0,2,11,0,1,0,0,1,0,0,0,0,0,0,0,0,0,0,0,0,0,0,0,1,0,0,7.496974435895997
7.181591944611865,59,210,1,0,0,0,2,11,0,1,0,0,1,0,0,0,0,0,0,0,0,0,0,0,0,0,0,0,1,0,0,7.498021810915122
4.948759890378168,56,208,1,0,1,0,2,11,0,1,0,0,1,0,0,0,0,0,0,0,0,0,0,1,0,0,0,0,0,0,0,11.636616603881206
5.327876168789581,54,207,1,0,1,0,2,11,0,0,1,0,1,0,0,0,0,0,0,0,0,0,0,1,0,0,0,0,0,0,0,11.251750585620416
6.505784060128229,66,206,2,1,1,0,2,11,0,1,0,0,1,0,0,0,0,0,0,0,0,0,0,1,0,0,0,0,0,0,0,11.310300779286065
5.389071729816501,35,205,1,0,0,0,1,11,0,1,0,0,1,0,0,0,0,0,0,0,0,0,0,0,0,1,0,0,0,0,0,11.142090960214976
6.45833828334479,46,204,1,0,0,0,0,11,0,1,0,0,1,0,0,0,0,0,0,0,0,0,0,0,0,1,0,0,0,0,0,5.002900681170583
5.19295685089021,73,203,1,0,0,0,0,11,0,1,0,0,1,0,0,0,1,0,0,0,0,0,0,0,0,0,0,0,0,0,0,8.20658807088199
4.927253685157205,34,202,1,0,0,0,0,11,0,0,1,0,1,0,0,0,1,0,0,0,0,0,0,0,0,0,0,0,0,0,0,8.568349557096147
5.4638318050256105,57,201,1,0,0,0,0,11,0,1,0,0,1,0,0,0,1,0,0,0,0,0,0,0,0,0,0,0,0,0,0,8.219971795058582
5.54907608489522,39,200,1,1,1,0,0,11,0,0,1,0,1,0,0,0,0,0,0,0,0,0,0,0,0,0,0,0,0,0,0,6.79383241451899
6.86171134048073,29,199,1,0,0,0,0,11,0,1,0,0,1,0,0,0,1,0,0,0,0,0,0,0,0,0,0,0,0,0,0,8.544958762183398
5.978885764901122,78,198,1,0,1,0,6,11,0,1,0,0,1,0,0,0,0,0,0,0,0,0,0,1,0,0,0,0,0,0,0,11.43102885975121
5.814130531825066,50,197,1,0,0,0,5,11,0,1,0,0,1,0,0,0,0,0,0,0,0,0,0,0,0,1,0,0,0,0,0,7.870060134913253
6.278521424165844,38,195,1,0,0,0,4,11,0,1,0,0,1,0,0,0,0,0,0,0,1,0,0,0,0,0,0,0,0,0,0,7.341229996424443
5.111987788356544,33,194,1,0,0,0,3,11,0,1,0,0,1,0,0,0,0,0,0,0,0,0,0,0,0,1,0,0,0,0,0,4.082885827633143
4.867534450455582,37,193,1,0,0,0,3,11,0,1,0,0,1,0,0,0,0,0,0,0,0,0,0,0,0,0,0,0,1,0,0,6.921506446801335
5.093750200806762,61,192,1,1,0,0,2,11,0,0,1,0,1,0,1,0,0,0,0,0,0,0,0,0,0,0,0,0,0,0,0,3.735548719974096
5.6240175061873385,32,191,1,0,0,0,2,11,0,1,0,0,1,0,1,0,0,0,0,0,0,0,0,0,0,0,0,0,0,0,0,7.30822517621652
5.288267030694535,45,190,1,0,0,0,1,11,0,1,0,0,1,0,0,0,0,0,0,0,0,0,0,0,0,1,0,0,0,0,0,7.876582115302053
5.337538079701318,19,189,1,0,0,0,1,11,0,0,1,0,1,0,1,0,0,0,0,0,0,0,0,0,0,0,0,0,0,0,0,5.685620710407631
5.159055299214529,26,188,1,0,0,0,1,11,0,0,0,1,1,0,1,0,0,0,0,0,0,0,0,0,0,0,0,0,0,0,0,5.352458742963488
4.927253685157205,76,187,1,0,0,0,1,11,0,1,0,0,1,0,0,0,0,0,0,0,1,0,0,0,0,0,0,0,0,0,0,6.435054843287227
5.43372200355424,36,186,1,0,3,0,0,11,0,1,0,0,1,0,0,0,0,0,0,0,1,0,0,0,0,0,0,0,0,0,0,7.374217843970269
5.75890177387728,37,185,1,1,0,0,4,11,0,1,0,0,1,0,1,0,0,0,0,0,0,0,0,0,0,0,0,0,0,0,0,8.895887943085114
7.423568444259167,36,184,1,1,0,0,4,11,0,0,1,0,1,0,0,0,0,0,0,0,0,0,0,0,0,0,0,0,1,0,0,10.599627448369745
5.579729825986222,53,182,1,1,0,0,3,11,0,1,0,0,1,0,1,0,0,0,0,0,0,0,0,0,0,0,0,0,0,0,0,9.069265929566228
6.683360945766275,55,181,1,0,0,0,2,11,0,1,0,0,1,0,0,0,0,0,0,0,0,0,0,0,0,0,0,0,0,0,0,11.524255488988448
5.225746673713202,36,180,1,0,0,0,1,11,0,1,0,0,1,0,0,0,0,0,0,0,0,0,0,0,0,1,0,0,0,0,0,2.494064587572766
4.927253685157205,38,179,1,0,3,0,1,11,0,1,0,0,1,0,0,0,0,0,0,0,1,0,0,0,0,0,0,0,0,0,0,6.917830090536106
5.003946305945459,67,178,1,0,3,0,0,11,0,1,0,0,1,0,0,0,0,0,0,0,1,0,0,0,0,0,0,0,0,0,0,7.405535084914828
4.07753744390572,34,177,1,1,0,0,4,10,0,1,0,0,1,0,1,0,0,0,0,0,0,0,0,0,0,0,0,0,0,0,0,9.076478339934567
5.420534999272286,62,176,1,0,0,0,3,10,0,1,0,0,1,0,0,0,0,0,0,0,0,0,0,0,0,1,0,0,0,0,0,5.883560568106406
5.746203190540153,75,175,1,0,3,0,3,10,0,1,0,0,1,0,0,0,0,0,0,0,1,0,0,0,0,0,0,0,0,0,0,8.027123672703878
4.962844630259907,44,174,1,1,0,0,2,10,0,0,1,0,1,0,0,0,0,0,0,0,0,0,1,0,0,0,0,0,0,0,0,12.168239366977556
4.3694478524670215,27,173,1,1,0,0,2,10,0,0,1,0,0,0,0,0,0,0,0,0,0,0,1,0,0,0,0,0,0,0,0,12.168247271065592
6.738152494595957,66,172,1,0,3,0,0,10,0,1,0,0,1,0,0,0,0,0,0,0,1,0,0,0,0,0,0,0,0,0,0,7.09605150738208
6.602587892189336,61,171,1,1,1,0,5,10,0,1,0,0,1,0,0,0,0,0,0,0,0,0,0,0,0,0,0,0,0,0,0,10.24057953457547
6.343880434126331,33,170,1,1,1,0,5,10,0,1,0,0,1,0,0,0,0,0,0,0,0,0,0,0,0,0,0,0,0,0,0,10.257234435635636
3.80666248977032,25,169,1,0,0,0,4,10,0,0,0,1,1,0,0,0,1,0,0,0,0,0,0,0,0,0,0,0,0,0,0,9.877302538723006
7.183111701743281,63,168,0,0,3,0,3,10,0,1,0,0,1,0,0,0,0,0,0,0,1,0,0,0,0,0,0,0,0,0,0,7.134184945102014
6.144185634125646,57,167,1,1,0,0,2,10,0,1,0,0,1,0,0,0,0,0,0,0,0,0,1,0,0,0,0,0,0,0,0,6.526408057365325
6.285998094508865,74,166,1,1,0,0,2,10,0,1,0,0,1,0,0,0,0,0,0,0,0,0,1,0,0,0,0,0,0,0,0,6.498981979839235
5.030437921392435,43,165,1,1,0,0,2,10,0,0,1,0,1,0,0,0,0,0,0,0,0,0,1,0,0,0,0,0,0,0,0,6.522955097851525
5.6937321388027,70,164,1,1,0,0,2,10,0,1,0,0,1,0,0,0,0,0,0,0,0,0,1,0,0,0,0,0,0,0,0,10.353470681503088
7.57095858316901,56,163,4,1,0,0,1,10,1,0,0,0,1,0,0,0,0,0,0,0,1,0,0,0,0,0,0,0,0,0,0,11.692347598189562
5.25227342804663,45,162,1,0,0,0,1,10,0,1,0,0,1,0,0,0,0,0,0,0,1,0,0,0,0,0,0,0,0,0,0,7.834976778416028
5.2832037287379885,110,161,1,0,0,0,1,10,0,1,0,0,1,0,0,0,1,0,0,0,0,0,0,0,0,0,0,0,0,0,0,11.425923670298324
6.539585955617669,43,160,1,0,0,0,1,10,0,1,0,0,1,0,1,0,0,0,0,0,0,0,0,0,0,0,0,0,0,0,0,11.547344963343914
0.0,49,159,1,1,0,0,1,10,0,1,0,0,0,0,0,0,0,0,0,0,0,0,0,0,0,0,0,0,0,0,0,13.31547284534374
4.23410650459726,34,158,1,1,0,0,1,10,0,1,0,0,0,0,0,0,1,0,0,0,0,0,0,0,0,0,0,0,0,0,0,10.117130395375211
5.746203190540153,24,157,1,0,0,0,1,10,0,1,0,0,1,0,0,0,0,0,0,0,0,0,0,0,0,1,0,0,0,0,0,9.362838248104175
4.543294782270004,54,156,1,1,0,0,1,10,0,0,0,1,1,0,0,0,1,0,0,0,0,0,0,0,0,0,0,0,0,0,0,6.398194216432586
5.908082938168931,36,155,1,0,0,0,0,10,0,1,0,0,1,0,0,0,1,0,0,0,0,0,0,0,0,0,0,0,0,0,0,7.165305113684656
5.924255797414532,38,154,1,1,0,0,4,10,0,1,0,0,0,0,0,0,0,0,0,0,0,0,1,0,0,0,0,0,0,0,0,10.82580451217059
5.0238805208462765,70,152,1,1,0,0,4,10,0,1,0,0,0,0,0,0,0,0,0,0,0,0,1,0,0,0,0,0,0,0,0,11.711528331492454
7.275172319452771,34,151,1,0,0,0,3,10,0,1,0,0,0,0,0,0,0,0,0,0,1,0,0,0,0,0,0,0,0,0,0,2.171965647010819
4.804021044733257,50,150,1,1,1,0,3,10,0,1,0,0,1,0,1,0,0,0,0,0,0,0,0,0,0,0,0,0,0,0,0,12.766633994424756
5.187385805840755,60,149,0,0,0,0,3,10,0,1,0,0,0,0,0,0,0,0,0,0,0,0,1,0,0,0,0,0,0,0,0,9.818823700679228
4.844187086458591,35,148,1,0,0,0,2,10,0,1,0,0,1,0,0,0,0,0,0,0,0,0,0,0,0,1,0,0,0,0,0,9.20073947383096
5.3706380281276624,43,147,1,0,0,0,2,10,0,1,0,0,1,0,0,0,0,0,0,0,0,0,0,0,0,1,0,0,0,0,0,7.752138667848776
6.940222469119639,44,146,1,0,0,0,2,10,0,1,0,0,0,0,0,0,0,0,0,0,0,0,1,0,0,0,0,0,0,0,0,9.46131949015805
6.159095388491933,49,142,1,1,0,0,1,10,0,0,1,0,1,0,0,0,0,0,0,0,0,0,1,0,0,0,0,0,0,0,0,7.307014481341555
5.953243334287785,91,141,1,1,1,0,1,10,0,1,0,0,1,0,0,0,0,0,0,0,0,0,0,0,0,0,0,0,0,0,0,7.655910727362811
3.737669618283368,44,140,1,1,0,0,3,10,0,1,0,0,1,0,1,0,0,0,0,0,0,0,0,0,0,0,0,0,0,0,0,7.264111978953296
5.25227342804663,42,139,1,1,0,0,3,10,0,1,0,0,0,0,1,0,0,0,0,0,0,0,0,0,0,0,0,0,0,0,0,7.285742070248469
6.428105272684596,46,138,1,1,0,0,2,10,0,1,0,0,1,0,0,0,0,0,0,0,0,0,0,0,0,0,0,0,1,0,0,3.661217019297193
4.691347882229144,60,137,1,1,0,0,2,10,0,1,0,0,1,0,0,0,0,0,0,0,0,0,0,0,0,0,0,0,0,0,0,7.95340913330035
4.356708826689592,46,136,1,0,1,0,1,10,0,1,0,0,1,0,0,0,0,0,0,0,0,0,0,1,0,0,0,0,0,0,0,12.16749559555463
4.276666119016055,29,135,2,1,0,0,0,10,0,0,0,0,0,0,1,0,0,0,0,0,0,0,0,0,0,0,0,0,0,0,0,11.955944331822892
6.257667587882639,72,134,1,1,0,0,0,10,0,1,0,0,1,0,0,0,0,0,0,0,0,0,0,0,0,0,0,0,1,0,0,7.912558392441348
5.429345628954441,39,133,1,0,0,0,0,10,0,1,0,0,1,0,0,0,0,0,0,0,0,0,0,0,0,0,0,0,0,0,0,7.292428855656231
6.0112671744041615,68,132,1,0,0,0,4,10,0,1,0,0,1,0,0,0,0,0,0,0,0,0,0,0,0,1,0,0,0,0,0,8.923005059396248
4.605170185988092,52,131,1,1,1,0,2,9,0,1,0,0,1,0,0,0,0,0,0,0,0,0,0,0,0,0,0,0,0,0,0,9.131588685992064
6.675823221634848,71,130,1,0,1,0,2,9,0,1,0,0,1,0,0,0,0,0,0,0,0,0,0,1,0,0,0,0,0,0,0,11.873935201107106
3.828641396489095,26,129,1,1,0,0,1,9,0,1,0,0,0,0,1,0,0,0,0,0,0,0,0,0,0,0,0,0,0,0,0,7.260042569565945
6.371611847231857,27,128,1,1,0,0,0,9,0,0,1,0,1,0,0,0,0,0,0,0,0,0,0,0,0,0,0,0,0,0,0,11.947022842769192
5.8971538676367405,62,127,1,1,0,0,0,9,0,1,0,0,0,0,0,0,0,0,0,0,0,0,0,0,0,0,0,0,0,0,0,6.133658168235621
5.53338948872752,90,126,1,1,0,0,0,9,0,1,0,0,1,0,0,0,0,0,0,0,0,0,0,0,0,0,0,0,0,0,0,11.941567545959645
4.532599493153256,43,125,1,0,1,0,4,9,0,1,0,0,1,0,1,0,0,0,0,0,0,0,0,0,0,0,0,0,0,0,0,4.975937678519333
6.037870919922137,58,124,1,1,1,0,4,9,0,0,0,0,1,0,0,0,0,0,0,0,0,0,0,1,0,0,0,0,0,0,0,5.520249184009223
6.568077911411976,67,123,1,1,1,0,4,9,0,0,0,0,1,0,0,0,0,0,0,0,0,0,0,1,0,0,0,0,0,0,0,6.701558114758185
6.499787040655854,57,122,1,1,1,0,3,9,0,0,1,0,1,0,0,0,0,0,0,0,0,0,0,1,0,0,0,0,0,0,0,5.372510769576247
5.697093486505405,73,121,1,1,0,0,2,9,1,0,0,0,1,0,1,0,0,0,0,0,0,0,0,0,0,0,0,0,0,0,0,7.351086700552282
5.6240175061873385,48,120,1,1,1,0,2,9,0,1,0,0,1,0,1,0,0,0,0,0,0,0,0,0,0,0,0,0,0,0,0,8.010635911960836
4.290459441148391,45,119,1,1,1,0,1,9,0,1,0,0,1,0,1,0,0,0,0,0,0,0,0,0,0,0,0,0,0,0,0,7.443852050393841
4.663439094112067,60,118,1,1,1,0,1,9,0,1,0,0,1,0,1,0,0,0,0,0,0,0,0,0,0,0,0,0,0,0,0,8.03891160220526
5.886104031450156,38,117,1,0,0,0,0,9,0,1,0,0,1,0,0,0,0,0,0,0,0,0,0,0,0,1,0,0,0,0,0,7.945769273612233
5.501258210544727,35,116,1,0,0,0,5,9,0,1,0,0,1,0,0,0,0,0,0,0,0,0,0,0,0,1,0,0,0,0,0,8.352873119265821
7.010311867307229,19,115,1,0,0,0,4,9,0,1,0,0,1,0,1,0,0,0,0,0,0,0,0,0,0,0,0,0,0,0,0,9.770530448309785
4.07753744390572,57,114,1,0,0,0,4,9,0,1,0,0,1,0,0,0,0,0,0,0,1,0,0,0,0,0,0,0,0,0,0,6.630151735986414
5.855071922202427,45,113,1,0,0,0,1,9,0,1,0,0,1,0,0,0,0,0,0,0,0,0,0,0,0,1,0,0,0,0,0,9.904349310282903
4.262679877041316,52,112,1,0,0,0,4,9,0,0,0,1,1,0,0,0,0,0,0,0,0,0,0,0,0,1,0,0,0,0,0,8.63642609994324
0.0,31,111,1,0,0,0,2,9,0,1,0,0,1,0,1,0,0,0,0,0,0,0,0,0,0,0,0,0,0,0,0,7.930648794579528
6.336825731146441,59,110,1,1,0,0,1,9,0,1,0,0,1,0,1,0,0,0,0,0,0,0,0,0,0,0,0,0,0,0,0,7.258056394833466
5.560681631015528,40,109,1,0,0,0,4,8,0,1,0,0,0,0,1,0,0,0,0,0,0,0,0,0,0,0,0,0,0,0,0,9.095390721614894
6.131226489483141,21,108,1,1,0,0,4,8,0,1,0,0,0,0,1,0,0,0,0,0,0,0,0,0,0,0,0,0,0,0,0,8.391403264741015
5.198497031265826,73,107,1,1,1,0,3,8,0,0,1,0,1,0,1,0,0,0,0,0,0,0,0,0,0,0,0,0,0,0,0,1.3548767907720924
4.5217885770490405,33,104,1,1,2,0,3,8,0,1,0,0,1,0,0,0,0,0,0,0,0,0,0,0,0,0,0,0,0,0,0,9.005299523512813
5.929589143389895,79,103,1,1,2,0,2,8,0,1,0,0,0,0,0,0,0,0,0,0,0,0,0,0,0,0,0,0,0,0,0,11.027116317063395
4.204692619390966,43,102,1,1,2,0,2,8,0,0,0,1,1,0,0,0,0,0,0,0,0,0,0,0,0,0,0,0,0,0,0,8.291320097454216
6.171700597410915,59,101,1,1,2,0,2,8,0,1,0,0,1,0,0,0,0,0,0,0,0,0,0,0,0,0,0,0,0,0,0,10.903083545701593
4.990432586778736,55,100,1,0,0,0,1,8,0,1,0,0,0,0,0,0,0,0,0,0,0,0,0,0,0,1,0,0,0,0,0,4.738695182758828
5.7745515455444085,51,99,1,0,0,0,1,8,0,1,0,0,1,0,0,0,0,0,0,0,0,0,0,0,0,1,0,0,0,0,0,10.827909546909892
5.4638318050256105,31,98,1,0,0,0,1,8,0,1,0,0,1,0,0,0,0,0,0,0,0,0,0,0,0,1,0,0,0,0,0,10.03971914373687
5.883322388488279,21,97,1,0,0,0,1,8,0,1,0,0,1,0,0,0,0,0,0,0,0,0,0,0,0,1,0,0,0,0,0,5.309344757427782
5.720311776607412,47,96,1,1,2,0,1,8,0,0,0,1,1,0,0,0,0,0,0,0,0,0,0,0,0,0,0,0,0,0,0,10.915925011484076
6.126869184114185,72,95,1,1,1,0,6,8,0,1,0,0,1,0,0,0,0,0,0,0,0,0,0,0,0,0,0,0,0,0,0,8.300806208830316
6.55250788703459,64,94,1,1,2,0,5,8,0,1,0,0,1,0,0,0,0,0,0,0,0,0,0,0,0,0,0,0,0,0,0,9.505818261675715
5.135798437050262,42,93,1,1,2,0,5,8,0,1,0,0,1,0,0,0,0,0,0,0,0,0,0,0,0,0,0,0,0,0,0,8.471473078313677
4.564348191467836,34,92,1,0,1,0,4,8,0,1,0,0,0,0,1,0,0,0,0,0,0,0,0,0,0,0,0,0,0,0,0,9.901692900611293
5.926926025970411,46,90,1,1,1,0,4,8,0,1,0,0,1,0,1,0,0,0,0,0,0,0,0,0,0,0,0,0,0,0,0,8.67243457620852
5.204006687076795,57,89,1,1,0,0,2,8,0,1,0,0,1,0,1,0,0,0,0,0,0,0,0,0,0,0,0,0,0,0,0,5.7950699783777
6.07993319509559,56,88,1,1,0,0,1,8,0,1,0,0,1,0,0,0,0,0,0,0,0,0,0,0,0,0,0,0,0,0,0,9.263689608715136
3.688879454113936,28,87,1,1,0,0,4,7,0,1,0,0,1,0,1,0,0,0,0,0,0,0,0,0,0,0,0,0,0,0,0,9.73332780323966
0.0,92,86,1,1,2,0,4,7,0,0,0,0,1,0,1,0,0,0,0,0,0,0,0,0,0,0,0,0,0,0,0,13.238245277981424
6.853299093186078,59,85,0,0,0,0,1,7,0,1,0,0,1,0,0,0,0,0,0,0,0,0,0,0,0,0,0,0,1,0,0,8.339119686858115
6.063785208687608,35,84,1,0,0,0,1,7,0,1,0,0,1,0,0,0,0,0,0,0,0,0,0,0,0,0,0,0,0,0,0,8.456619100198111
4.997212273764115,56,83,1,1,1,0,3,7,0,1,0,0,1,0,1,0,0,0,0,0,0,0,0,0,0,0,0,0,0,0,0,10.53681185625456
5.673323267171493,60,82,1,1,0,0,3,7,0,0,1,0,1,0,0,0,0,0,0,0,0,0,0,0,0,0,0,0,1,0,0,8.989668667297016
5.717027701406222,63,81,1,1,0,0,2,7,0,1,0,0,1,0,0,0,0,0,0,0,0,0,0,0,0,0,0,0,0,0,0,9.07639463828616
5.220355825078324,62,80,1,1,0,0,0,7,0,1,0,0,1,0,0,0,0,0,0,0,0,0,0,0,0,0,0,1,0,0,0,12.091076547596389
5.8522024797744745,62,79,1,1,0,0,5,7,0,1,0,0,1,0,0,0,0,0,0,0,0,0,0,0,0,0,0,0,1,0,0,8.262142774440942
4.532599493153256,54,78,1,1,1,0,2,7,0,1,0,0,1,0,0,0,0,0,0,0,0,0,0,0,0,0,0,1,0,0,0,7.817283328714992
5.332718793265369,66,77,1,0,1,0,3,7,0,1,0,0,1,0,0,0,0,0,0,0,1,0,0,0,0,0,0,0,0,0,0,6.724343948600591
0.0,56,76,1,1,0,0,0,7,0,1,0,0,0,0,0,0,0,0,0,0,0,0,0,0,0,0,0,0,0,0,0,10.500266017448643
6.7226297948554485,43,75,1,0,0,0,0,7,0,1,0,0,1,0,0,0,0,0,0,0,0,0,0,0,0,0,0,0,0,0,0,12.4998713994486
5.641907070938114,42,74,1,0,0,0,5,7,0,0,0,0,1,0,1,0,0,0,0,0,0,0,0,0,0,0,0,0,0,0,0,2.8762963100647663
0.0,28,73,0,0,0,0,4,7,0,1,0,0,0,0,0,0,0,0,0,0,1,0,0,0,0,0,0,0,0,0,0,8.237439768432369
4.204692619390966,24,72,1,0,1,0,4,7,0,1,0,0,1,0,0,0,0,0,0,0,1,0,0,0,0,0,0,0,0,0,0,9.679689638214803
5.480638923341991,51,71,1,0,0,0,4,7,0,1,0,0,1,0,0,0,0,0,0,0,0,0,0,0,0,1,0,0,0,0,0,9.686743495292792
4.430816798843313,46,70,1,0,0,0,4,7,0,1,0,0,0,0,0,0,0,0,0,0,1,0,0,0,0,0,0,0,0,0,0,7.203922649254032
5.308267697401205,79,69,0,0,1,0,4,7,0,1,0,0,0,0,0,0,0,0,0,0,1,0,0,0,0,0,0,0,0,0,0,7.660312555885656
5.030437921392435,58,68,0,0,0,0,4,7,0,1,0,0,1,0,0,0,0,0,0,0,1,0,0,0,0,0,0,0,0,0,0,5.142729265236445
3.8918202981106265,48,67,1,0,0,0,1,6,0,1,0,0,0,0,0,0,0,0,0,0,0,0,0,0,0,0,0,0,0,0,0,4.822220142339597
4.955827057601261,55,66,5,1,0,0,1,6,0,1,0,0,0,0,0,0,0,0,0,0,0,0,0,0,0,0,0,0,0,0,0,7.327292651136641
4.394449154672439,38,65,1,1,0,0,0,6,0,1,0,0,0,0,1,0,0,0,0,0,0,0,0,0,0,0,0,0,0,0,0,10.049676753731823
5.389071729816501,60,64,1,0,0,0,0,6,0,1,0,0,1,0,0,0,0,0,0,0,0,0,0,0,0,0,0,0,0,0,0,9.328042407315092
6.594413459749778,58,63,1,1,0,0,3,6,0,1,0,0,1,0,1,0,0,0,0,0,0,0,0,0,0,0,0,0,0,0,0,11.417174321238932
5.365976015021851,49,62,0,0,0,0,3,6,0,1,0,0,1,0,0,0,0,0,0,0,0,0,0,0,0,0,0,1,0,0,0,7.112891493700993
6.804614520062624,42,61,1,0,0,0,2,6,0,1,0,0,1,0,0,0,0,0,0,0,0,0,0,0,0,0,0,0,1,0,0,11.28991331773046
0.0,54,60,1,0,0,0,0,6,0,1,0,0,0,0,0,0,0,0,0,0,1,0,0,0,0,0,0,0,0,0,0,10.36388523160203
6.62273632394984,50,59,1,0,0,0,5,6,0,1,0,0,1,0,0,0,0,0,0,0,0,0,0,0,0,1,0,0,0,0,0,8.878731928911039
5.877735781779639,17,58,1,0,0,0,5,6,0,1,0,0,0,0,0,0,0,0,0,0,1,0,0,0,0,0,0,0,0,0,0,8.589715503980766
5.83773044716594,57,57,1,1,0,0,4,6,0,1,0,0,1,0,1,0,0,0,0,0,0,0,0,0,0,0,0,0,0,0,0,8.650065822104755
5.886104031450156,28,56,1,1,0,0,3,6,0,1,0,0,1,0,1,0,0,0,0,0,0,0,0,0,0,0,0,0,0,0,0,7.210738575836001
5.3471075307174685,23,55,1,0,0,0,2,6,0,1,0,0,1,0,1,0,0,0,0,0,0,0,0,0,0,0,0,0,0,0,0,7.139601531698314
4.770684624465665,21,54,1,1,0,0,1,6,0,1,0,0,1,0,1,0,0,0,0,0,0,0,0,0,0,0,0,0,0,0,0,10.71599322410772
3.912023005428146,32,53,1,1,0,0,1,6,0,1,0,0,1,0,1,0,0,0,0,0,0,0,0,0,0,0,0,0,0,0,0,7.244902038061919
4.442651256490317,33,51,1,0,0,0,5,6,0,1,0,0,1,0,0,0,0,0,0,0,0,0,1,0,0,0,0,0,0,0,0,7.682940613449414
6.6240652277998935,45,50,1,0,0,0,5,6,0,1,0,0,0,0,0,0,0,0,0,0,0,0,1,0,0,0,0,0,0,0,0,10.939606952555325
5.998936561946683,26,49,1,0,0,0,2,6,0,1,0,0,1,0,0,0,0,0,0,0,0,0,0,0,0,0,0,0,0,0,0,9.835144965996651
4.605170185988092,87,48,1,1,1,0,5,6,0,0,1,0,1,0,0,0,0,0,0,0,0,0,0,0,0,0,0,0,1,0,0,8.279305874659103
5.963579343618446,40,47,1,0,0,0,4,6,0,1,0,0,1,0,0,0,0,0,0,0,0,0,0,0,0,0,0,0,0,0,0,12.71524082058661
4.262679877041316,44,46,1,0,0,0,2,6,0,1,0,0,1,0,0,0,0,0,0,0,0,0,0,0,0,0,0,1,0,0,0,10.386396582602693
5.796057750765372,42,45,1,0,0,0,2,6,0,1,0,0,1,0,0,0,0,0,0,0,0,0,0,0,0,1,0,0,0,0,0,6.94623146825141
5.220355825078324,41,44,1,0,0,0,1,6,0,0,1,0,1,0,1,0,0,0,0,0,0,0,0,0,0,0,0,0,0,0,0,5.712388282681571
6.792344427470809,38,43,1,0,0,0,1,6,0,0,0,1,1,0,0,0,0,0,0,0,0,0,0,0,0,0,0,0,0,0,0,6.6584955882813945
6.898714534329988,8,42,1,0,0,0,0,6,0,0,1,0,0,0,0,0,0,0,0,0,0,0,0,0,0,1,0,0,0,0,0,7.295899781029447
4.605170185988092,58,41,1,1,0,0,0,6,0,1,0,0,0,0,1,0,0,0,0,0,0,0,0,0,0,0,0,0,0,0,0,11.805137185309793
5.093750200806762,22,40,1,0,0,0,6,5,0,1,0,0,1,0,0,0,0,0,0,0,0,0,0,0,0,0,0,0,0,0,0,7.759708010057619
3.9318256327243257,52,39,1,1,0,0,2,5,0,1,0,0,1,0,0,0,0,0,0,0,0,0,0,0,0,0,0,1,0,0,0,6.125069020395381
3.218875824868201,22,38,1,0,0,0,1,5,0,1,0,0,1,0,0,0,0,0,0,0,0,0,0,0,0,0,0,1,0,0,0,6.260025820390948
8.028129059431759,40,37,1,0,0,0,4,5,0,1,0,0,1,0,0,0,0,0,0,0,1,0,0,0,0,0,0,0,0,0,0,8.614432545530224
5.313205979041787,42,36,1,1,0,0,4,5,0,1,0,0,1,0,1,0,0,0,0,0,0,0,0,0,0,0,0,0,0,0,0,10.739234914870952
4.430816798843313,24,34,1,1,0,0,4,5,0,1,0,0,1,0,0,0,0,0,0,0,0,0,0,0,0,0,0,0,0,0,0,9.240106332370646
4.48863636973214,39,33,1,0,0,0,3,5,0,1,0,0,0,0,0,0,0,0,0,0,1,0,0,0,0,0,0,0,0,0,0,6.844543326452111
4.3694478524670215,53,32,1,1,0,0,2,5,0,1,0,0,1,0,0,0,0,0,0,0,0,0,0,0,0,0,0,1,0,0,0,10.286803349037058
4.532599493153256,59,31,1,1,0,0,2,5,0,1,0,0,1,0,0,0,0,0,0,0,0,0,0,0,0,0,0,1,0,0,0,6.278208116803789
5.717027701406222,37,30,1,1,0,0,1,5,0,1,0,0,1,0,1,0,0,0,0,0,0,0,0,0,0,0,0,0,0,0,0,12.176998306593164
7.645397699428633,52,29,1,1,0,0,1,5,0,1,0,0,1,0,0,0,0,0,0,0,0,0,0,0,0,0,0,0,0,0,0,11.062532742944208
3.49650756146648,47,28,1,0,0,0,0,5,0,1,0,0,1,0,0,0,0,0,0,0,0,0,0,0,0,0,0,1,0,0,0,11.211648080092624
8.038189179973203,88,27,1,0,0,0,2,5,0,1,0,0,0,0,0,0,0,0,0,0,1,0,0,0,0,0,0,0,0,0,0,11.14347017999584
5.986452005284438,57,26,2,1,0,0,4,5,0,1,0,0,1,0,0,0,0,0,0,0,0,0,0,0,0,0,0,0,0,0,0,10.105128360014689
7.353081920515432,43,25,1,1,0,0,2,4,0,1,0,0,1,0,0,0,0,0,0,0,0,0,0,0,0,0,0,0,0,0,0,10.883271998677197
6.327936783729195,19,24,1,1,0,0,0,4,0,1,0,0,1,0,1,0,0,0,0,0,0,0,0,0,0,0,0,0,0,0,0,12.322655067627345
6.369900982828227,48,22,1,0,0,0,5,4,0,1,0,0,1,0,0,0,0,0,0,0,0,0,0,0,0,0,0,0,0,0,0,10.993736801043962
5.921578419643816,56,21,1,1,0,0,4,4,0,1,0,0,1,0,1,0,0,0,0,0,0,0,0,0,0,0,0,0,0,0,0,10.20971164493968
4.454347296253507,24,19,1,1,0,0,4,4,0,1,0,0,0,0,1,0,0,0,0,0,0,0,0,0,0,0,0,0,0,0,0,11.667997618110515
3.688879454113936,13,18,1,0,0,0,4,4,0,1,0,0,0,0,1,0,0,0,0,0,0,0,0,0,0,0,0,0,0,0,0,10.497180441309006
5.068904202220232,24,17,1,0,0,0,4,4,0,1,0,0,1,0,1,0,0,0,0,0,0,0,0,0,0,0,0,0,0,0,0,10.161850823693833
5.645446897643238,32,16,1,0,0,0,1,4,0,0,1,0,1,0,1,0,0,0,0,0,0,0,0,0,0,0,0,0,0,0,0,0.5568691622673175
0.0,50,15,1,0,1,0,2,4,0,1,0,0,1,0,0,0,0,0,0,0,0,0,0,0,0,0,0,1,0,0,0,9.178607074833328
4.454347296253507,52,14,1,1,0,0,1,4,0,1,0,0,1,0,0,0,0,0,0,0,0,0,0,0,0,0,0,1,0,0,0,6.45263075151169
4.859812404361672,45,13,1,0,1,0,1,4,0,1,0,0,1,0,0,0,0,0,0,0,0,0,0,0,0,0,0,1,0,0,0,7.178732893102057
4.762173934797756,39,12,1,1,1,0,1,4,0,1,0,0,1,0,0,0,0,0,0,0,0,0,0,0,0,0,0,0,0,0,0,10.927564205093953
4.709530201312334,58,11,1,1,1,0,1,4,0,0,1,0,1,0,0,0,0,0,0,0,0,0,0,0,0,0,0,0,0,0,0,6.99202257358582
5.513428746164983,19,10,1,0,0,0,0,4,0,1,0,0,1,0,1,0,0,0,0,0,0,0,0,0,0,0,0,0,0,0,0,10.932866090410576
5.857933154483459,28,9,1,0,0,0,0,4,0,1,0,0,1,0,1,0,0,0,0,0,0,0,0,0,0,0,0,0,0,0,0,9.912857856295208
5.303304908059076,39,8,1,0,0,0,0,4,0,1,0,0,1,0,1,0,0,0,0,0,0,0,0,0,0,0,0,0,0,0,0,10.603507359487114
6.18826412308259,37,7,1,1,0,0,5,4,0,1,0,0,1,0,0,0,0,0,0,0,0,0,0,0,0,0,0,0,0,0,0,7.768547994264175
6.284134161070802,103,6,1,1,1,0,5,4,0,1,0,0,1,0,0,0,0,0,0,0,0,0,0,0,0,0,0,0,0,0,0,8.427381285695107
3.9318256327243257,49,5,2,1,0,0,5,4,0,1,0,0,1,0,0,0,0,0,0,0,0,0,0,0,0,0,0,1,0,0,0,8.600236304138575
6.218600119691729,36,4,1,1,1,0,4,4,0,1,0,0,1,0,0,0,0,0,0,0,0,0,0,1,0,0,0,0,0,0,0,8.646805141383998
5.575949103146316,54,3,1,1,1,0,4,4,1,0,0,0,1,0,0,0,0,0,0,0,0,0,0,1,0,0,0,0,0,0,0,5.283346019798569
5.3230099791384085,22,2,1,0,0,0,3,4,0,1,0,0,1,0,1,0,0,0,0,0,0,0,0,0,0,0,0,0,0,0,0,11.25866847782057
5.342334251964811,54,1,1,0,1,0,3,4,0,1,0,0,1,0,1,0,0,0,0,0,0,0,0,0,0,0,0,0,0,0,0,10.158322488772535
6.437751649736401,61,1449,1,1,1,0,2,1,0,1,0,0,1,0,0,0,0,0,0,0,0,0,0,0,0,0,0,0,0,1,0,9.1242526046914
5.214935757608986,32,1447,1,0,1,0,0,1,0,1,0,0,1,0,0,0,0,0,0,0,0,0,0,0,0,0,0,0,0,0,0,7.163041333976081
5.0238805208462765,34,1446,1,0,1,0,4,1,0,0,1,0,1,0,0,0,0,0,0,0,0,0,0,0,0,0,0,0,0,0,0,8.375191266819714
7.112327444710911,51,1445,0,0,0,0,3,1,0,1,0,0,1,0,0,0,0,0,0,0,0,0,0,0,0,0,0,0,0,0,0,8.672797297364992
5.634789603169249,33,1441,1,0,1,0,3,1,0,1,0,0,1,0,0,0,0,0,0,0,0,0,0,0,0,0,0,0,0,0,0,9.745195521221795
5.087596335232384,37,1439,1,1,1,0,2,1,0,0,1,0,0,0,0,0,0,0,0,0,0,0,0,0,0,0,0,0,0,0,0,10.29628726709184
4.983606621708336,36,1436,1,0,1,0,0,1,0,0,0,1,1,0,0,0,0,0,0,0,0,0,0,0,0,0,0,0,0,0,0,9.988866572886844
5.834810737062605,35,1434,1,0,1,0,4,1,0,1,0,0,1,0,0,0,0,0,0,0,0,0,0,0,0,0,0,0,0,0,0,5.67352210192718
5.337538079701318,37,1433,1,1,1,0,2,1,0,1,0,0,1,0,0,0,0,0,0,0,0,0,0,0,0,0,0,0,0,0,0,7.265061287091316
4.454347296253507,23,1432,1,1,0,0,2,1,0,1,0,0,1,0,1,0,0,0,0,0,0,0,0,0,0,0,0,0,0,0,0,7.400367307671261
7.492203042618741,42,1427,1,1,1,1,6,1,0,0,1,0,1,0,0,0,0,0,0,0,0,0,0,0,0,0,0,0,0,0,0,8.626997608302185
5.820082930352362,36,1426,1,0,1,0,5,1,0,1,0,0,1,0,0,0,0,0,0,0,0,0,0,0,0,0,0,0,0,0,0,8.059889577161705
5.796057750765372,39,1424,1,0,1,0,3,1,0,1,0,0,1,0,0,0,0,0,0,0,0,0,0,0,0,0,0,0,0,0,0,8.890198905140958
6.202535517187923,66,1421,1,1,1,0,3,12,0,0,1,0,1,0,0,0,0,0,0,0,0,0,0,0,0,0,0,0,0,0,0,9.874095074003696
7.676473646389156,52,1418,0,0,1,0,4,12,0,1,0,0,0,0,0,0,0,0,0,0,0,0,0,0,0,0,0,0,0,0,0,10.179851986445474
5.556828061699537,64,1415,1,0,1,0,1,12,0,1,0,0,1,0,0,0,0,0,0,0,0,0,0,0,0,0,0,0,0,0,0,10.456067283949926
6.255750041753367,29,1414,1,0,0,0,0,12,0,1,0,0,1,0,0,0,0,0,0,0,0,0,0,0,0,0,0,0,0,0,0,10.363039654876976
7.374629015218945,70,1412,1,0,1,3,4,12,0,1,0,0,1,0,0,0,0,0,0,0,0,0,0,0,0,0,0,0,0,0,0,9.096990199771671
6.921658184151129,84,1411,1,1,1,0,3,12,0,0,1,0,1,0,0,0,0,0,0,0,0,0,0,0,0,0,0,0,0,0,0,5.039664722155552
6.139884552226255,68,1410,1,1,1,0,6,12,0,1,0,0,1,0,0,0,0,0,0,0,0,0,0,0,0,0,0,0,0,0,0,9.316161862368828
5.87493073085203,51,1409,1,1,0,0,2,12,0,1,0,0,0,0,0,0,0,0,0,0,0,0,0,0,0,0,0,0,0,0,0,9.812408678119615
5.25227342804663,61,1408,0,0,2,0,1,12,0,1,0,0,1,0,0,0,0,0,0,0,0,0,0,0,0,0,0,0,0,0,0,9.556389555277065
4.983606621708336,104,1406,1,0,1,1,0,11,0,1,0,0,1,0,0,0,0,0,0,0,0,0,0,0,0,0,0,0,0,0,0,10.265092785600745
5.934894195619588,84,1405,1,0,1,0,4,11,0,0,1,0,1,0,0,0,0,0,0,0,0,0,0,0,0,0,0,0,0,0,0,10.56734796689937
5.720311776607412,46,1400,1,1,1,4,1,11,0,1,0,0,1,0,0,0,0,0,0,0,0,0,0,0,0,0,0,0,0,0,0,10.655921597769195
5.365976015021851,74,1399,1,1,1,0,0,11,0,1,0,0,1,0,0,0,0,0,0,0,0,0,0,0,0,0,0,0,0,0,0,9.565421706460285
3.912023005428146,49,1398,1,1,1,0,0,11,0,0,1,0,1,0,0,0,0,0,0,0,0,0,0,0,0,0,0,0,0,0,0,10.70829409356368
4.574710978503383,69,1397,1,1,1,0,0,11,0,0,1,0,0,0,0,0,0,0,0,0,0,0,0,0,0,0,0,0,0,0,0,10.741676249107812
5.429345628954441,47,1396,1,1,1,0,0,11,0,0,1,0,0,0,0,0,0,0,0,0,0,0,0,0,0,0,0,0,0,0,0,10.827911353161268
6.2324480165505225,61,1394,0,0,0,0,1,11,0,0,1,0,1,0,0,0,0,0,0,0,0,0,0,0,0,0,0,0,0,0,0,7.336249003540553
6.486160788944089,75,1393,0,0,0,0,1,11,0,1,0,0,1,0,0,0,0,0,0,0,0,0,0,0,0,0,0,0,0,0,0,7.864718579813104
6.728628613084702,30,1392,1,1,0,0,0,11,0,0,0,0,1,0,0,0,0,0,0,0,0,0,0,0,0,0,0,0,0,0,0,7.947199211699879
5.497168225293202,57,1388,0,0,0,0,3,10,0,1,0,0,0,0,0,0,0,0,0,0,0,0,0,0,0,0,0,0,0,0,0,10.31606399726749
5.87493073085203,76,1387,0,0,0,0,3,10,0,1,0,0,1,0,0,0,0,0,0,0,0,0,0,0,0,0,0,0,0,0,0,9.365703299591235
6.214608098422191,51,1385,1,1,1,0,1,10,0,1,0,0,1,0,0,0,0,0,0,0,0,0,0,0,0,0,0,0,0,0,0,9.378935462909816
6.952728644624869,94,1384,1,1,1,0,1,10,0,1,0,0,1,0,0,0,0,0,0,0,0,0,0,0,0,0,0,0,0,0,0,10.613911501116707
6.261491684321042,19,1382,1,0,1,0,4,10,0,1,0,0,1,0,0,0,0,0,0,0,0,0,0,0,0,0,0,0,0,0,0,11.862982909192738
6.672032945461067,54,1380,1,1,1,0,0,9,0,0,1,0,1,0,0,0,0,0,0,0,0,0,0,0,0,0,0,0,0,0,0,11.8891237772977
5.099866427824199,47,1379,1,0,1,1,4,9,0,1,0,0,1,0,0,0,0,0,0,0,0,0,0,0,0,0,0,0,0,0,0,11.758643253758688
8.005367067316664,144,1377,1,1,1,0,1,9,0,1,0,0,1,0,0,0,0,0,0,0,0,0,0,0,0,0,0,0,0,0,0,9.56597218137254
7.060476365999801,139,1374,1,1,2,0,1,9,0,0,1,0,1,0,0,0,0,0,0,0,0,0,0,0,0,0,0,0,0,0,0,7.670406312677894
6.263398262591624,14,1373,1,1,1,1,3,9,0,1,0,0,0,0,0,0,0,0,0,0,0,0,0,0,0,0,0,0,0,0,0,11.480143227146248
8.083637203141548,53,1369,1,0,1,0,2,8,0,1,0,0,1,0,0,0,0,0,0,0,0,0,0,0,0,0,0,0,0,0,0,11.993819331609648
0.0,70,1368,1,1,1,0,1,8,0,1,0,0,1,0,0,0,0,0,0,0,0,0,0,0,0,0,0,0,0,0,0,9.368447908823534
6.642486801367256,80,1366,1,0,1,2,0,8,0,1,0,0,1,0,0,0,0,0,0,0,0,0,0,0,0,0,0,0,0,0,0,10.120851982182376
6.436150368369428,41,1364,1,0,1,0,2,8,0,1,0,0,1,0,0,0,0,0,0,0,0,0,0,0,0,0,0,0,0,0,0,12.051648512429088
6.2766434893416445,35,1361,1,0,1,0,2,8,0,1,0,0,1,0,0,0,0,0,0,0,0,0,0,0,0,0,0,0,0,0,0,12.109180979385307
4.736198448394496,44,1359,0,0,0,0,3,8,0,1,0,0,1,0,0,0,0,0,0,0,0,0,0,0,0,0,0,0,0,0,0,6.913375638463764
6.846943139585379,103,1358,1,0,1,0,2,7,0,1,0,0,1,0,0,0,0,0,0,0,0,0,0,0,0,0,0,0,0,0,0,12.260295804062656
6.940222469119639,73,1357,1,1,1,0,0,7,0,1,0,0,0,0,0,0,0,0,0,0,0,0,0,0,0,0,0,0,0,0,0,10.369421158378572
6.862757913051401,64,1356,1,1,1,0,6,7,0,1,0,0,1,0,0,0,0,0,0,0,0,0,0,0,0,0,0,0,0,0,0,10.118161359953826
4.564348191467836,49,1355,1,1,1,0,6,7,0,1,0,0,1,0,0,0,0,0,0,0,0,0,0,0,0,0,0,0,0,0,0,10.69883733466273
5.762051382780177,59,1353,1,1,1,0,3,7,0,1,0,0,1,0,0,0,0,0,0,0,0,0,0,0,0,0,0,0,0,0,0,10.279902155203594
4.983606621708336,66,1351,0,0,0,0,1,7,0,1,0,0,1,0,1,0,0,0,0,0,0,0,0,0,0,0,0,0,0,0,0,9.229382782276058
5.356586274672012,33,1348,0,0,0,0,2,6,0,1,0,0,1,0,0,0,0,0,0,0,0,0,0,0,0,0,0,0,0,0,0,12.48625534478355
4.219507705176107,66,1344,1,1,1,0,1,6,0,0,1,0,1,0,0,0,0,0,0,0,0,0,0,0,0,0,0,0,0,0,0,12.531693582093164
8.098642843759418,67,1341,1,1,0,0,1,5,0,1,0,0,0,0,0,0,0,0,0,0,0,0,0,0,0,0,0,0,0,0,0,11.54058166861255
5.886104031450156,34,1332,1,0,1,1,5,5,0,0,1,0,1,0,0,0,0,0,0,0,0,0,0,0,0,0,0,0,0,0,0,12.431945906527936
5.003946305945459,27,1325,0,0,0,0,1,5,0,1,0,0,1,0,0,0,0,0,0,0,0,0,0,0,0,0,1,0,0,0,0,11.680064529214835
6.721425700790643,70,1316,1,1,0,1,2,5,0,0,1,0,1,0,0,0,0,0,0,0,0,0,0,0,0,0,0,0,0,0,0,9.345221749835453
5.117993812416755,55,1313,0,0,0,0,1,4,0,1,0,0,1,0,0,0,0,0,0,0,0,0,0,0,0,0,1,0,0,0,0,7.581485667801791
4.553876891600541,43,1299,1,1,1,0,2,4,0,0,1,0,1,0,0,0,0,0,0,0,0,0,0,0,0,0,0,0,0,0,0,9.143256158199828
6.70196036600254,62,1296,1,0,1,0,2,4,0,1,0,0,1,0,0,0,0,0,0,0,0,0,0,0,0,0,0,0,0,0,0,9.90456061909422
8.702177865629675,102,1293,1,1,1,0,2,4,0,1,0,0,1,0,0,0,0,1,0,0,0,0,0,0,0,0,0,0,0,0,0,11.697050229036082
6.612041034833092,79,1282,1,1,1,0,4,3,0,0,1,0,1,0,0,0,0,0,0,0,0,0,0,0,0,0,0,0,0,0,0,10.935282178721994
6.359573868672378,98,1268,1,1,1,0,3,2,0,0,1,0,1,0,0,0,0,0,0,0,0,0,0,0,0,0,0,0,0,0,0,10.567104562994626
3.8501476017100575,47,1225,1,0,1,1,1,1,0,1,0,0,1,0,0,0,0,0,0,0,0,0,0,0,0,0,0,0,0,0,0,13.1179953761281
8.62998601889136,52,1144,1,1,1,0,1,8,0,1,0,0,1,0,0,0,0,0,0,0,0,0,0,0,0,0,0,0,0,0,0,13.090348494022637
6.066108090103747,71,1063,1,0,0,0,1,4,0,0,1,0,1,0,0,0,0,0,0,0,0,0,0,0,0,0,0,0,0,0,0,13.688016414269976
5.521460917862246,20,987,1,1,0,0,2,1,0,1,0,0,0,0,0,0,0,0,0,0,0,0,0,0,0,0,0,0,0,0,0,13.87599144529454
0.0,17,975,1,0,1,0,0,12,0,1,0,0,0,0,0,0,1,0,0,0,0,0,0,0,0,0,0,0,0,0,0,13.923199884241429
4.48863636973214,29,823,1,0,3,4,1,5,0,1,0,0,0,0,0,0,0,0,0,0,0,0,0,0,0,0,0,0,0,0,0,13.926843025964152
