priority,issue_type,reporter,vote_count,comment_count,description_length,summary_length,watch_count,duration
Critical,Short,scott_carey,0.0,1.0986122886681098,3.7376696182833684,43,1.0986122886681098,2.460037459108636
Major,Short,Other,0.0,1.9459101490553132,6.270988431858299,55,1.9459101490553132,9.910304596931818
Minor,Short,Other,0.0,2.0794415416798357,5.634789603169249,40,1.791759469228055,11.627950072994143
Critical,Short,Other,0.0,1.6094379124341003,6.933423025730715,45,1.3862943611198906,7.470970865574961
Minor,Long,Other,1.9459101490553132,1.6094379124341003,7.13966033596492,45,1.6094379124341003,9.848031852080164
Minor,Long,Other,1.9459101490553132,1.6094379124341003,7.251344983372214,43,1.6094379124341003,10.159357513695026
Major,Short,Other,0.0,1.6094379124341003,6.139884552226255,49,1.3862943611198906,10.110643530970767
Major,Short,Other,0.0,1.9459101490553132,6.439350371100098,44,1.6094379124341003,7.25764434417029
Major,Short,Other,0.0,1.6094379124341003,6.1092475827643655,69,1.3862943611198906,7.423757829309761
Major,Short,massie,0.0,2.1972245773362196,5.14166355650266,59,1.3862943611198906,8.368552825220245
Major,Short,cutting,0.0,2.1972245773362196,5.087596335232384,46,1.0986122886681098,7.905442527870126
Major,Long,cutting,0.0,1.3862943611198906,5.4638318050256105,32,1.0986122886681098,8.381941638258771
Minor,Short,scott_carey,0.0,1.791759469228055,4.787491742782046,49,1.0986122886681098,9.984187872396904
Major,Short,scott_carey,0.0,1.6094379124341003,5.707110264748875,45,1.0986122886681098,10.32919103122587
Major,Short,Other,0.0,1.6094379124341003,6.728628613084702,51,1.3862943611198906,7.261445783909799
Major,Short,Other,0.0,2.0794415416798357,6.052089168924417,41,1.3862943611198906,7.411558614092446
Minor,Long,Other,0.0,2.0794415416798357,7.095893221097532,51,1.6094379124341003,8.715749561448666
Minor,Short,Other,0.0,2.0794415416798357,5.147494476813453,72,1.6094379124341003,8.551669832696188
Major,Short,Other,0.0,1.6094379124341003,6.684611727667927,115,1.3862943611198906,8.788825131846558
Major,Short,cutting,0.0,1.791759469228055,5.402677381872279,60,1.0986122886681098,9.0974588088285
Major,Long,Other,0.0,1.791759469228055,5.0689042022202315,41,1.3862943611198906,9.57501842708326
Major,Short,Other,0.0,1.6094379124341003,5.948034989180646,56,1.3862943611198906,9.461593158912855
Minor,Short,Other,0.0,0.0,5.247024072160486,40,0.6931471805599453,2.980971365405693
Major,Short,Other,0.0,1.9459101490553132,5.231108616854587,61,1.6094379124341003,11.518861254098955
Minor,Short,Other,0.0,3.091042453358316,6.333279628139691,51,1.3862943611198906,10.768725082952505
Major,Short,Other,0.0,0.6931471805599453,7.652545692693921,45,1.0986122886681098,4.849272036421758
Major,Short,cutting,0.0,0.0,4.941642422609304,54,0.6931471805599453,5.84692093240427
Major,Short,Other,0.0,1.6094379124341003,5.017279836814924,47,1.3862943611198906,6.028083521299964
Major,Short,Other,0.0,1.6094379124341003,6.089044875446846,41,1.3862943611198906,6.119323978278311
Minor,Short,Other,0.0,1.9459101490553132,6.565264970035361,75,1.3862943611198906,5.049134058673179
Minor,Short,Other,0.0,2.0794415416798357,5.746203190540153,37,1.3862943611198906,8.89876105471187
Minor,Short,Other,0.0,1.3862943611198906,6.171700597410915,42,1.3862943611198906,6.0179979846651515
Minor,Long,cutting,0.0,1.791759469228055,5.648974238161206,55,1.0986122886681098,9.226592742142703
Minor,Short,Other,0.0,2.5649493574615367,6.073044534100405,49,1.6094379124341003,8.32183111545157
Major,Long,Other,0.0,1.6094379124341003,5.811140992976701,51,1.3862943611198906,7.528657779867425
Major,Short,Other,0.0,1.9459101490553132,6.659293919683638,53,1.3862943611198906,7.8997365662547505
Minor,Short,Other,0.0,1.791759469228055,5.583496308781699,65,1.3862943611198906,5.182311407205789
Major,Short,Other,0.0,1.791759469228055,7.001245622069476,37,1.3862943611198906,8.859714031630263
Minor,Short,Other,0.0,0.6931471805599453,7.394493107219038,78,0.6931471805599453,0.1162411067540381
Minor,Short,Other,0.0,3.091042453358316,6.646390514847729,39,1.6094379124341003,8.96966107891315
Major,Short,Other,0.6931471805599453,2.1972245773362196,6.021023349349527,52,1.791759469228055,7.335861748250716
Major,Short,Other,0.6931471805599453,1.9459101490553132,6.18826412308259,52,1.9459101490553132,8.389507498395288
Major,Short,Other,0.0,2.1972245773362196,7.194436851100335,93,1.3862943611198906,8.641866564452535
Minor,Short,Other,0.0,1.3862943611198906,6.4457198193855785,34,1.3862943611198906,8.43342039727858
Major,Short,Other,0.0,2.0794415416798357,5.840641657373398,35,1.6094379124341003,11.993773419004935
Minor,Short,Other,0.0,0.6931471805599453,5.147494476813453,59,1.0986122886681098,8.328144989386628
Minor,Short,Other,0.0,1.791759469228055,6.56244409369372,71,1.0986122886681098,9.206887790336255
Major,Short,Other,0.0,0.6931471805599453,5.857933154483459,55,1.3862943611198906,8.372633626666758
Blocker,Short,tomwhite,0.6931471805599453,2.3978952727983707,5.181783550292085,57,1.3862943611198906,8.876783037895727
Major,Short,Other,0.6931471805599453,2.70805020110221,5.459585514144159,36,1.6094379124341003,9.443242127437582
Major,Short,Other,0.0,2.0794415416798357,5.497168225293202,47,1.6094379124341003,10.526047920084002
Major,Short,scott_carey,0.0,1.3862943611198906,7.380879035564116,51,1.0986122886681098,9.982561023728627
Trivial,Short,Other,0.0,0.6931471805599453,5.953243334287785,30,1.0986122886681098,10.965068193586593
Trivial,Short,Other,0.0,1.6094379124341003,5.579729825986222,69,1.0986122886681098,10.647598459953045
Major,Short,Other,0.0,1.6094379124341003,7.465655310134056,46,1.3862943611198906,5.724080785181366
Major,Short,Other,0.0,2.3978952727983707,6.464588303689961,10,1.6094379124341003,11.317272504593136
Major,Short,Other,0.0,1.3862943611198906,5.556828061699537,67,1.0986122886681098,5.424960369850724
Major,Short,Other,0.0,3.5263605246161616,7.166265974133638,62,2.0794415416798357,11.570695415459443
Major,Short,Other,0.0,2.302585092994046,4.343805421853684,29,1.791759469228055,10.593995700159889
Trivial,Short,Other,0.0,1.0986122886681098,4.997212273764115,51,1.0986122886681098,9.289696454746013
Minor,Short,Other,0.0,2.302585092994046,6.368187186350492,52,1.0986122886681098,9.57140396054424
Minor,Short,Other,0.0,1.6094379124341003,3.8066624897703196,34,1.0986122886681098,8.444814659328813
Major,Short,Other,0.0,2.302585092994046,7.195187320178709,29,1.0986122886681098,9.788529623131454
Minor,Long,Other,0.0,1.9459101490553132,7.055312843339752,44,1.0986122886681098,9.259639977786755
Major,Short,Other,0.0,2.4849066497880004,5.652489180268651,44,1.791759469228055,9.24706021536763
Major,Short,Other,0.0,2.3978952727983707,5.1647859739235145,47,1.0986122886681098,9.779675786172431
Major,Short,tomwhite,0.0,1.3862943611198906,5.44673737166631,75,1.0986122886681098,6.6632546127817225
Major,Short,Other,0.0,2.1972245773362196,6.728628613084702,72,1.0986122886681098,9.168464129223164
Major,Short,Other,0.0,1.9459101490553132,5.634789603169249,70,1.3862943611198906,11.844894597701904
Major,Short,Other,0.0,1.791759469228055,7.8252452914317745,68,1.0986122886681098,7.113470637797385
Major,Long,Other,0.0,3.044522437723423,7.3777589082278725,39,1.6094379124341003,9.61423632627286
Major,Long,Other,0.0,2.302585092994046,7.463936604468925,24,1.0986122886681098,9.09226019217685
Minor,Short,Other,0.0,2.1972245773362196,6.813444599510896,70,1.0986122886681098,10.346389252750981
Major,Short,Other,0.0,1.791759469228055,5.655991810819852,80,1.791759469228055,12.725316735215408
Major,Short,Other,0.0,1.791759469228055,6.261491684321042,78,1.6094379124341003,12.169898365404007
Trivial,Short,Other,0.0,1.3862943611198906,4.574710978503383,27,1.3862943611198906,11.030784801401023
Major,Short,Other,0.0,1.3862943611198906,7.2875606403097235,44,1.0986122886681098,11.342813602763677
Major,Short,Other,0.0,2.70805020110221,5.8998973535824915,112,1.3862943611198906,11.399312936023431
Minor,Short,Other,0.0,1.3862943611198906,4.727387818712341,31,1.3862943611198906,11.433575870330015
Major,Short,Other,1.0986122886681098,2.0794415416798357,7.683403681053826,47,1.791759469228055,12.877764720137842
Minor,Short,Other,0.0,1.3862943611198906,6.030685260261263,62,1.0986122886681098,8.203295216646062
Major,Short,tomwhite,0.0,2.8903717578961645,4.890349128221754,50,1.3862943611198906,9.345975178997785
Major,Short,Other,0.0,1.3862943611198906,7.239214973779806,52,1.0986122886681098,9.080487045062664
Minor,Short,Other,0.0,0.6931471805599453,6.523562306149512,69,1.0986122886681098,3.121750932802491
Minor,Short,lmartinking,0.0,1.0986122886681098,6.077642243349034,38,1.0986122886681098,7.0068032976879975
Major,Short,jbaldassari,0.0,2.1972245773362196,5.805134968916488,67,1.6094379124341003,11.82580372807371
Major,Short,jbaldassari,0.0,2.3978952727983707,8.449984441722787,85,1.6094379124341003,11.701537411270278
Major,Short,Other,0.0,1.791759469228055,5.521460917862246,40,1.3862943611198906,9.575053442607782
Major,Short,Other,0.0,1.791759469228055,0.0,67,1.6094379124341003,12.114898251287299
Major,Long,tomwhite,0.0,3.6375861597263857,4.465908118654584,24,2.0794415416798357,11.140393537150818
Major,Short,cutting,0.0,1.3862943611198906,4.969813299576001,35,0.6931471805599453,8.651449679012519
Major,Short,Other,0.0,2.70805020110221,4.882801922586371,95,1.791759469228055,11.041806275051336
Minor,Short,Other,0.0,2.3978952727983707,6.626717749249025,71,1.791759469228055,12.156025743196045
Major,Short,Other,0.0,1.9459101490553132,6.70808408385307,42,1.0986122886681098,9.54718104904821
Major,Short,cutting,0.0,2.0794415416798357,5.857933154483459,40,1.0986122886681098,10.85475720972162
Major,Short,Other,0.0,2.3978952727983707,5.501258210544727,54,1.791759469228055,13.041750100487116
Major,Short,Other,0.6931471805599453,2.8903717578961645,6.249975242259483,72,2.302585092994046,13.069878168899104
Major,Short,tomwhite,0.0,2.1972245773362196,5.272999558563747,84,1.6094379124341003,7.151738057392164
Major,Short,Other,0.0,1.9459101490553132,6.775366090936392,57,1.3862943611198906,8.380615242749037
Major,Short,vnadkarni,0.0,1.6094379124341003,7.317212408359839,56,1.0986122886681098,8.44658837143811
Trivial,Short,vnadkarni,0.0,1.3862943611198906,6.169610732491456,55,1.0986122886681098,8.451269775754781
Major,Short,mpugachev,0.0,1.6094379124341003,4.31748811353631,44,1.3862943611198906,11.614657363602996
Major,Short,Other,0.0,1.9459101490553132,6.028278520230698,80,1.0986122886681098,4.983929172422987
Major,Short,lmartinking,0.0,2.0794415416798357,7.195937226475569,43,1.3862943611198906,8.821926968687348
Major,Short,lmartinking,0.0,1.0986122886681098,5.54907608489522,52,1.0986122886681098,7.012504242680177
Major,Short,lmartinking,0.0,1.3862943611198906,5.231108616854587,52,1.0986122886681098,7.01819633182677
Minor,Short,Other,0.0,2.5649493574615367,5.755742213586912,74,1.3862943611198906,11.184786057196389
Major,Short,Other,0.0,1.9459101490553132,5.6131281063880705,47,1.3862943611198906,8.172045420270294
Major,Short,Other,0.0,2.302585092994046,7.261927092702751,84,1.0986122886681098,7.962813720014931
Major,Short,cutting,0.0,0.6931471805599453,5.25227342804663,38,0.6931471805599453,1.945445755527043
Minor,Short,Other,0.0,1.9459101490553132,4.897839799950911,73,1.0986122886681098,7.467150623574092
Minor,Short,Other,0.0,2.302585092994046,5.68697535633982,48,1.0986122886681098,9.574646350036593
Major,Short,Other,0.0,1.3862943611198906,5.929589143389895,55,1.0986122886681098,8.678502821839878
Major,Short,Other,0.0,1.3862943611198906,6.610696044717759,55,1.3862943611198906,12.334603291634284
Major,Short,Other,0.0,2.3978952727983707,6.186208623900494,75,1.0986122886681098,8.915183714282398
Major,Short,Other,0.0,2.5649493574615367,6.369900982828227,86,1.0986122886681098,9.556850235262992
Major,Short,Other,0.0,1.791759469228055,8.09712193091871,82,1.0986122886681098,5.48913061388874
Major,Short,Other,0.0,1.6094379124341003,5.181783550292085,53,1.3862943611198906,9.713129556898709
Major,Short,Other,0.0,1.6094379124341003,5.908082938168931,73,1.0986122886681098,10.46367745515998
Major,Short,Other,0.0,1.3862943611198906,5.293304824724492,43,1.0986122886681098,9.004394505752776
Major,Short,Other,0.0,1.3862943611198906,5.886104031450156,42,1.0986122886681098,8.76754967323513
Minor,Short,Other,0.0,1.9459101490553132,5.236441962829949,46,1.0986122886681098,6.112025572427388
Major,Short,mpugachev,0.0,1.3862943611198906,5.655991810819852,61,1.0986122886681098,10.71608704140797
Minor,Short,Other,0.0,1.3862943611198906,6.408528791059498,35,1.0986122886681098,7.124601496982405
Major,Short,thiru_mg,0.0,1.3862943611198906,5.973809611869261,30,0.6931471805599453,9.993397854967029
Major,Short,Other,0.6931471805599453,1.6094379124341003,9.372714290960442,55,1.3862943611198906,12.099838172805322
Minor,Short,Other,0.0,1.0986122886681098,6.504288173536645,73,1.0986122886681098,7.611589326016977
Major,Short,mpugachev,0.0,1.3862943611198906,5.564520407322694,23,1.0986122886681098,11.305504907021254
Critical,Short,Other,0.0,1.6094379124341003,7.202661196523238,72,1.0986122886681098,8.079742334963871
Major,Short,cutting,0.0,1.0986122886681098,5.717027701406222,51,0.6931471805599453,3.2614026054146374
Major,Short,Other,0.0,1.6094379124341003,5.298317366548036,61,1.3862943611198906,10.830540599376494
Major,Short,Other,0.0,1.6094379124341003,4.836281906951478,107,1.0986122886681098,9.672501109325156
Major,Short,Other,0.0,2.4849066497880004,6.249975242259483,27,1.0986122886681098,10.019849887623357
Major,Short,Other,0.0,1.6094379124341003,7.344072850573066,96,1.3862943611198906,5.361741047732416
Major,Short,lmartinking,0.0,1.9459101490553132,5.153291594497779,83,1.0986122886681098,8.713099708910764
Major,Short,thiru_mg,0.0,1.3862943611198906,5.53338948872752,43,0.6931471805599453,10.196413935147973
Critical,Short,mpugachev,0.0,1.791759469228055,6.345636360828596,50,1.0986122886681098,9.473187267394515
Major,Short,cutting,0.0,0.6931471805599453,4.499809670330265,52,0.6931471805599453,0.5500944126866907
Minor,Short,Other,0.0,2.1972245773362196,4.852030263919617,54,1.3862943611198906,9.174778694778505
Major,Short,Other,0.0,2.0794415416798357,6.648984550024776,53,2.302585092994046,11.821536595987581
Major,Short,Other,0.0,1.3862943611198906,5.4638318050256105,59,1.3862943611198906,9.668776643007332
Major,Short,Other,0.0,1.6094379124341003,5.62040086571715,49,1.0986122886681098,10.848025130944922
Major,Long,Other,0.0,1.9459101490553132,4.804021044733257,45,1.0986122886681098,9.90302020417923
Major,Long,Other,0.0,2.1972245773362196,3.9318256327243257,43,1.3862943611198906,9.717813352910673
Major,Long,lmartinking,0.6931471805599453,1.791759469228055,4.912654885736052,15,1.6094379124341003,10.349786432161865
Major,Short,Other,0.0,2.3978952727983707,7.374629015218945,58,1.6094379124341003,11.47898580584433
Major,Short,mpugachev,0.0,1.0986122886681098,4.356708826689592,45,1.0986122886681098,9.87190078347589
Critical,Short,mpugachev,0.0,2.3978952727983707,4.820281565605037,78,1.3862943611198906,11.993485200089992
Major,Short,Other,0.0,2.4849066497880004,7.114769448366463,29,1.0986122886681098,10.099069629274565
Major,Short,cutting,0.0,1.3862943611198906,5.579729825986222,52,1.0986122886681098,7.958701021985045
Major,Short,thiru_mg,0.0,1.6094379124341003,6.364750756851911,43,1.3862943611198906,8.234773563537486
Major,Short,dcreager,0.0,1.6094379124341003,5.765191102784844,41,1.0986122886681098,1.6470676170144538
Minor,Short,thiru_mg,0.0,0.6931471805599453,4.727387818712341,114,0.6931471805599453,7.729171399511585
Major,Short,Other,0.0,2.302585092994046,5.834810737062605,48,1.0986122886681098,7.409880826600723
Major,Short,Other,0.0,0.6931471805599453,7.828834527588089,72,0.6931471805599453,7.424262183665831
Critical,Short,mpugachev,0.0,2.1972245773362196,5.176149732573829,56,1.3862943611198906,8.697080643735612
Minor,Short,vnadkarni,0.0,1.3862943611198906,5.796057750765372,60,1.0986122886681098,8.854593261752308
Major,Short,Other,0.0,2.4849066497880004,7.6128310304073565,88,1.3862943611198906,8.484976454126137
Major,Short,vnadkarni,0.0,1.3862943611198906,7.00397413672268,63,0.6931471805599453,12.577485523772188
Major,Short,vnadkarni,0.0,1.9459101490553132,7.465082736399547,64,1.0986122886681098,9.105146866445462
Blocker,Short,mpugachev,0.0,1.6094379124341003,6.726233402358747,64,0.6931471805599453,9.475944208998477
Critical,Short,mpugachev,0.0,1.0986122886681098,5.288267030694535,58,0.6931471805599453,9.36975278741849
Major,Long,Other,0.0,1.0986122886681098,4.605170185988092,21,0.6931471805599453,8.829973972039197
Major,Short,mpugachev,0.0,1.3862943611198906,5.087596335232384,68,0.6931471805599453,9.48861371583181
Major,Short,mpugachev,0.0,1.791759469228055,3.828641396489095,29,0.6931471805599453,9.493637853643097
Major,Short,mpugachev,0.0,1.0986122886681098,4.990432586778736,39,1.0986122886681098,9.49907627020847
Major,Short,Other,0.0,2.1972245773362196,6.410174881966167,54,1.791759469228055,9.251490731778658
Major,Short,Other,0.0,1.6094379124341003,7.592366128519796,51,0.0,8.399898280357656
Minor,Short,Other,0.0,1.3862943611198906,6.739336627357174,47,0.6931471805599453,9.74206899387883
Major,Short,Other,0.0,1.0986122886681098,4.852030263919617,50,0.6931471805599453,9.742432824102016
Major,Short,Other,0.0,1.0986122886681098,5.293304824724492,39,0.6931471805599453,9.742153468870438
Major,Short,Other,0.0,1.3862943611198906,4.007333185232471,41,0.6931471805599453,10.200797593863285
Minor,Short,Other,0.0,0.6931471805599453,4.941642422609304,29,0.0,9.546305526481559
Major,Short,Other,0.0,1.6094379124341003,6.142037405587356,40,1.0986122886681098,10.274624811220084
Minor,Short,Other,0.0,1.0986122886681098,5.407171771460119,59,0.0,9.984439563591087
Major,Short,thiru_mg,0.0,1.3862943611198906,4.718498871295094,49,0.0,10.092660833951545
Major,Short,Other,0.0,1.6094379124341003,6.81783057145415,85,0.6931471805599453,11.241511994260803
Major,Short,thiru_mg,0.0,1.3862943611198906,5.075173815233827,66,0.0,8.096148123588893
Major,Short,Other,0.0,2.302585092994046,8.795430805040018,115,0.0,10.397087071239998
Major,Short,Other,0.0,1.791759469228055,6.466144724237619,62,0.0,10.48560644750625
Major,Short,Other,0.0,1.6094379124341003,5.236441962829949,117,0.6931471805599453,10.657980977225584
Major,Short,Other,0.0,0.6931471805599453,5.733341276897746,29,0.0,7.299984331261191
Major,Short,Other,0.0,1.6094379124341003,4.962844630259907,67,0.6931471805599453,10.822142542681139
Minor,Short,thiru_mg,0.0,1.3862943611198906,5.811140992976701,42,0.0,8.874722841989168
Major,Short,Other,0.0,0.6931471805599453,8.277411998949004,72,0.6931471805599453,7.000258705354851
Major,Long,Other,0.0,2.6390573296152584,4.90527477843843,36,1.6094379124341003,11.222982378128556
Major,Short,Other,0.6931471805599453,1.6094379124341003,6.037870919922137,61,1.0986122886681098,11.186000062362737
Major,Short,Other,0.0,2.1972245773362196,6.5638555265321274,81,1.0986122886681098,11.302596805637814
Minor,Short,Other,0.0,1.3862943611198906,7.118826249062078,80,0.6931471805599453,11.268012145381089
Major,Short,dcreager,0.6931471805599453,1.3862943611198906,5.700443573390687,44,0.0,10.882535758236791
Minor,Short,Other,0.0,1.9459101490553132,6.872128101338986,82,1.0986122886681098,11.40424007693399
Minor,Short,Other,0.0,2.302585092994046,6.98933526597456,37,0.0,8.079078473488114
Trivial,Short,Other,0.0,0.6931471805599453,5.5134287461649825,59,0.6931471805599453,11.43063032575407
Trivial,Short,Other,0.0,1.0986122886681098,4.875197323201151,49,0.6931471805599453,5.547244837199759
Minor,Short,Other,0.0,1.0986122886681098,7.2640301428995295,43,0.0,7.284675291541136
Minor,Short,vnadkarni,0.0,1.0986122886681098,7.1731917424865985,79,0.0,7.0166840010130525
Major,Short,vnadkarni,0.0,1.0986122886681098,6.675823221634848,108,0.0,7.0748969662183425
Major,Short,scott_carey,0.0,1.6094379124341003,6.52649485957079,51,0.6931471805599453,7.26525216669918
Major,Short,Other,0.6931471805599453,2.4849066497880004,5.521460917862246,52,1.0986122886681098,7.494690118220806
Major,Long,Other,0.0,1.3862943611198906,6.862757913051401,54,1.3862943611198906,13.13135283078897
Major,Short,vnadkarni,0.0,2.0794415416798357,6.826545223556594,95,0.0,9.352750825685895
Major,Short,vnadkarni,0.0,1.3862943611198906,7.694392802629421,72,0.0,9.481962333472774
Minor,Short,dcreager,0.0,1.0986122886681098,6.068425588244111,48,0.0,9.909586209531327
Minor,Short,Other,0.0,1.0986122886681098,4.672828834461906,26,0.0,9.349527823275983
Major,Short,Other,0.0,2.8903717578961645,8.441391477999955,87,0.0,10.315542921536528
Minor,Short,Other,0.0,2.1972245773362196,5.153291594497779,49,0.6931471805599453,7.780196194049447
Major,Short,jbaldassari,0.0,1.6094379124341003,6.910750787961936,61,0.0,6.829738582838281
Minor,Short,jbaldassari,0.0,1.3862943611198906,4.948759890378168,51,0.0,7.186838297819295
Trivial,Short,scott_carey,0.0,1.3862943611198906,4.430816798843313,92,0.0,7.184717713364823
Trivial,Short,Other,0.0,1.9459101490553132,5.648974238161206,30,0.0,8.455997453835904
Major,Short,thiru_mg,0.0,1.3862943611198906,7.1308988302963465,61,0.0,8.91941118222944
Major,Short,lmartinking,0.0,1.0986122886681098,5.459585514144159,59,0.0,7.796530343193092
Blocker,Short,jbaldassari,0.0,1.9459101490553132,7.4977617006225685,46,0.0,9.486442062387924
Minor,Short,Other,0.0,1.9459101490553132,5.54907608489522,50,0.0,9.766659001683104
Minor,Short,Other,0.0,2.302585092994046,6.6039438246004725,21,0.0,9.67884183499329
Minor,Short,Other,0.0,1.3862943611198906,5.54907608489522,92,0.6931471805599453,9.868011714908548
Major,Short,jbaldassari,0.0,2.0794415416798357,7.046647277848756,78,1.3862943611198906,13.072886202942358
Major,Short,jbaldassari,0.0,3.044522437723423,6.542471960506805,76,0.0,9.955198585700352
Major,Long,Other,0.0,3.713572066704308,5.049856007249537,29,2.5649493574615367,11.024198934993736
Minor,Short,Other,0.0,1.6094379124341003,0.0,51,0.0,9.91485353846739
Major,Short,dcreager,0.0,1.0986122886681098,5.493061443340548,50,0.0,7.918583091896764
Major,Short,dcreager,0.0,1.0986122886681098,6.311734809152915,61,0.0,7.91991664569756
Major,Short,hammer,0.0,0.6931471805599453,5.860786223465865,28,0.6931471805599453,6.830295971732063
Major,Short,Other,0.0,2.4849066497880004,6.008813185442595,44,0.0,10.133561745373939
Major,Short,Other,0.0,1.3862943611198906,5.8664680569332965,52,0.6931471805599453,8.533774977236048
Major,Short,Other,0.6931471805599453,1.9459101490553132,6.799055862058796,43,0.6931471805599453,10.830208269517886
Major,Short,Other,0.0,1.6094379124341003,5.82600010738045,117,0.6931471805599453,5.532477149088587
Critical,Short,scott_carey,0.0,2.3978952727983707,5.278114659230517,80,0.0,10.318244349998297
Major,Short,scott_carey,0.0,2.5649493574615367,8.056743774975313,35,0.6931471805599453,10.392753100217103
Minor,Short,jbaldassari,0.0,1.9459101490553132,6.8658910748834385,57,0.0,7.5327555961607615
Major,Short,jbaldassari,0.0,1.9459101490553132,6.063785208687608,68,0.0,7.675359991426015
Major,Short,scott_carey,0.0,1.791759469228055,6.333279628139691,85,1.3862943611198906,13.068353621510665
Critical,Short,Other,0.6931471805599453,2.5649493574615367,7.086737934510577,79,0.6931471805599453,10.84270797909559
Major,Short,vnadkarni,0.0,1.9459101490553132,7.455876687491824,83,0.0,9.309938229870468
Major,Short,Other,0.0,2.3978952727983707,7.917171988845776,107,1.6094379124341003,13.070534320644553
Minor,Short,Other,0.0,1.6094379124341003,7.292337176173877,53,0.0,7.469821671256218
Blocker,Short,Other,0.6931471805599453,3.044522437723423,9.103311799217659,50,1.9459101490553132,12.964726840664605
Minor,Short,Other,0.0,1.9459101490553132,6.4967749901858625,50,0.0,11.332837727143872
Major,Short,Other,0.0,1.0986122886681098,6.364750756851911,51,0.6931471805599453,13.346062665921343
Major,Short,cutting,0.0,1.3862943611198906,0.0,50,0.0,7.050276237855466
Minor,Short,Other,0.0,1.0986122886681098,3.9512437185814275,48,0.0,4.510444402057896
Minor,Short,Other,0.0,0.6931471805599453,6.1779441140506,46,0.0,6.136082542070129
Minor,Short,Other,0.0,1.9459101490553132,7.1631723908466425,85,0.6931471805599453,7.735703107779128
Minor,Short,Other,0.0,2.302585092994046,7.014814351275545,33,0.0,11.414018757506858
Major,Short,Other,0.0,1.791759469228055,4.700480365792417,48,1.3862943611198906,13.296437148392153
Minor,Short,vnadkarni,0.0,2.1972245773362196,6.877296071497429,82,0.0,11.25150938783102
Major,Short,Other,0.0,0.6931471805599453,7.734121303328305,70,0.6931471805599453,2.48489276080266
Major,Short,Other,0.0,2.0794415416798357,7.734121303328305,70,1.0986122886681098,9.275181840970417
Minor,Short,Other,0.0,2.4849066497880004,5.786897381366708,69,0.0,9.575566380462663
Major,Short,Other,1.0986122886681098,2.5649493574615367,7.014814351275545,28,1.791759469228055,11.875966704112432
Major,Long,hammer,0.0,2.1972245773362196,4.844187086458591,31,1.791759469228055,13.93871847037669
Major,Long,scott_carey,0.0,0.0,3.6109179126442243,41,0.6931471805599453,4.555934422554052
Major,Long,lmartinking,0.6931471805599453,2.1972245773362196,6.75110146893676,29,1.791759469228055,10.63329887250432
Major,Long,lmartinking,1.0986122886681098,2.302585092994046,4.553876891600541,29,1.3862943611198906,13.777459380003348
Major,Long,Other,0.6931471805599453,2.302585092994046,6.1224928095143865,53,1.6094379124341003,13.72444877286281
Minor,Short,Other,0.0,2.0794415416798357,5.62040086571715,69,0.6931471805599453,9.236524713661677
Minor,Short,Other,0.0,1.0986122886681098,5.537334267018537,79,0.0,9.254091040142107
Trivial,Short,Other,0.0,1.791759469228055,5.147494476813453,52,0.6931471805599453,10.355438071968342
Minor,Short,lmartinking,0.6931471805599453,1.9459101490553132,5.723585101952381,34,0.6931471805599453,10.19816701356174
Major,Short,thiru_mg,0.0,1.791759469228055,6.309918278226516,31,0.0,11.74054728717735
Minor,Short,Other,0.0,1.0986122886681098,5.030437921392435,26,0.0,12.391843526974702
Minor,Short,Other,0.0,1.791759469228055,4.955827057601261,20,0.6931471805599453,10.773366305764581
Major,Short,Other,0.0,1.3862943611198906,5.298317366548036,54,0.0,12.410470266279509
Blocker,Short,Other,0.0,2.6390573296152584,8.044626279767337,84,0.6931471805599453,7.255427572060465
Major,Short,Other,0.0,1.0986122886681098,6.1463292576688975,50,0.0,7.758932910457446
Major,Short,cutting,0.0,1.3862943611198906,4.30406509320417,45,0.0,5.4562444069415355
Major,Short,Other,0.0,2.833213344056216,8.021256180143997,50,0.0,9.349237919130282
Major,Short,thiru_mg,0.0,1.3862943611198906,5.303304908059076,41,0.0,7.202261476536639
Major,Short,cutting,0.0,1.6094379124341003,4.941642422609304,47,0.0,8.449173289298182
Major,Short,cutting,0.0,2.6390573296152584,4.219507705176107,44,0.0,9.235105076276827
Major,Short,Other,0.0,0.6931471805599453,4.219507705176107,68,0.0,7.74652352974223
Major,Short,massie,0.0,1.791759469228055,6.79794041297493,74,0.0,9.06573394358831
Major,Short,thiru_mg,0.0,0.6931471805599453,6.210600077024653,45,0.0,6.3709177887651744
Minor,Short,thiru_mg,0.0,0.6931471805599453,4.174387269895637,36,0.0,6.592131263356319
Minor,Short,thiru_mg,0.0,0.6931471805599453,5.135798437050262,60,0.0,6.850759493094017
Major,Short,thiru_mg,0.0,1.6094379124341003,5.10594547390058,38,0.0,7.355928356707624
Blocker,Short,scott_carey,0.0,2.3978952727983707,4.189654742026425,34,0.0,9.074705162165113
Major,Short,Other,0.0,1.3862943611198906,6.82001636467413,94,0.0,5.325362169916962
Major,Short,thiru_mg,0.0,0.6931471805599453,5.662960480135946,52,0.0,5.109113984219406
Major,Short,thiru_mg,0.0,0.6931471805599453,0.0,64,0.0,6.594634821476374
Major,Short,thiru_mg,0.0,0.6931471805599453,0.0,60,0.6931471805599453,6.602674003361808
Blocker,Short,vnadkarni,0.0,1.9459101490553132,7.943782692458625,42,0.0,9.425448806696318
Major,Short,dcreager,0.0,0.6931471805599453,6.061456918928017,42,0.0,1.6998664996600543
Minor,Short,vnadkarni,0.0,1.0986122886681098,5.541263545158426,48,0.0,6.730987411864812
Major,Short,Other,0.0,1.0986122886681098,6.3784261836515865,64,1.0986122886681098,8.443997457405722
Major,Short,cutting,0.0,1.3862943611198906,4.836281906951478,26,0.6931471805599453,11.907318736883143
Major,Short,Other,0.0,1.0986122886681098,5.771441123130016,53,0.0,7.498052807544694
Major,Long,cutting,0.0,1.3862943611198906,5.680172609017068,59,0.0,8.888989952838232
Major,Long,dcreager,0.0,1.0986122886681098,4.663439094112067,36,0.0,8.879398832149704
Major,Long,dcreager,0.0,1.0986122886681098,6.052089168924417,52,0.0,8.879891568006165
Major,Long,dcreager,0.0,1.0986122886681098,5.802118375377063,27,0.0,8.880311409144909
Major,Long,dcreager,0.0,1.0986122886681098,4.852030263919617,36,0.0,8.880167482738994
Major,Short,thiru_mg,0.0,1.6094379124341003,5.056245805348308,34,0.0,9.440426260074602
Major,Short,thiru_mg,0.0,1.6094379124341003,5.945420608606575,79,0.0,8.655883954486537
Major,Short,thiru_mg,0.0,1.0986122886681098,5.135798437050262,53,0.0,8.662367555826103
Major,Short,thiru_mg,0.0,1.3862943611198906,4.836281906951478,39,0.0,8.702483897033105
Major,Short,philip,0.0,1.0986122886681098,6.839476438228843,74,0.0,6.687821030674839
Major,Short,Other,0.0,1.6094379124341003,5.455321115357702,50,0.0,9.036164314345692
Major,Short,thiru_mg,0.0,1.3862943611198906,6.194405391104672,38,0.0,7.164015141751607
Major,Short,cutting,0.0,2.70805020110221,6.5638555265321274,34,1.0986122886681098,7.884944841348601
Major,Short,cutting,0.0,1.3862943611198906,5.869296913133774,33,0.0,3.3468731829315557
Major,Long,cutting,0.0,0.6931471805599453,6.317164686747284,92,0.0,7.936060922826624
Major,Long,Other,0.0,1.6094379124341003,5.303304908059076,50,0.0,8.519573915242999
Major,Short,cutting,0.0,1.3862943611198906,4.605170185988092,36,0.0,7.0824575632552325
Major,Short,Other,0.6931471805599453,1.3862943611198906,5.8916442118257715,37,0.6931471805599453,7.134706359116592
Minor,Short,Other,0.0,1.9459101490553132,7.369600720526409,63,0.0,7.257938975285242
Major,Short,Other,0.0,0.6931471805599453,5.030437921392435,62,0.0,8.23861799189675
Major,Short,Other,0.0,1.0986122886681098,5.236441962829949,45,0.0,8.236698163509018
Major,Short,Other,0.0,1.0986122886681098,5.62040086571715,41,0.0,8.303995511374294
Major,Short,thiru_mg,0.0,1.3862943611198906,5.135798437050262,88,0.0,8.38843076725844
Major,Short,thiru_mg,0.0,1.0986122886681098,4.74493212836325,59,0.0,8.662811502463917
Major,Short,cutting,0.0,1.3862943611198906,4.276666119016055,61,0.6931471805599453,8.071761259483436
Critical,Short,Other,0.0,2.0794415416798357,5.966146739123692,31,1.6094379124341003,9.090614844027646
Major,Short,Other,0.0,1.3862943611198906,5.8805329864007,42,0.0,9.64832849419878
Major,Short,tomwhite,0.0,2.1972245773362196,5.973809611869261,69,0.0,9.01984463743484
Major,Short,dcreager,0.0,1.3862943611198906,6.452048954437226,44,0.0,2.9024915343130204
Major,Short,lmartinking,0.6931471805599453,1.0986122886681098,6.150602768446279,99,0.0,8.4925308198686
Major,Short,Other,0.0,1.0986122886681098,7.1180162044653335,63,0.6931471805599453,7.789625572858246
Major,Short,Other,0.0,2.0794415416798357,7.903965634032166,69,0.0,8.127495777276751
Minor,Short,Other,0.0,2.302585092994046,7.15305163493748,51,0.0,9.44666854688829
Major,Short,cutting,0.0,1.6094379124341003,4.74493212836325,66,0.0,8.322638574924989
Major,Short,Other,0.0,1.791759469228055,5.44673737166631,44,0.0,8.832136642644372
Trivial,Short,Other,0.0,1.3862943611198906,6.558197802812269,48,0.0,9.828156498748553
Major,Short,Other,0.0,3.044522437723423,7.005789019253503,63,0.6931471805599453,9.760139620679368
Major,Short,tomwhite,0.0,1.3862943611198906,5.43372200355424,53,0.0,7.322971347135337
Major,Long,tomwhite,0.0,1.791759469228055,4.770684624465665,35,0.0,10.362192259002873
Critical,Short,Other,0.0,1.0986122886681098,5.905361848054571,29,0.0,7.994695642759688
Major,Short,cutting,0.0,1.0986122886681098,4.394449154672439,25,0.0,8.442943598978426
Major,Short,Other,0.0,2.772588722239781,5.081404364984463,38,0.0,11.285133005039889
Major,Short,Other,0.0,1.9459101490553132,6.870053411798126,54,0.6931471805599453,9.462993472539093
Critical,Short,Other,0.0,1.6094379124341003,6.1224928095143865,51,0.0,9.370561813100915
Major,Long,Other,0.0,1.3862943611198906,4.762173934797756,47,0.0,7.481987646166847
Major,Short,cutting,0.0,1.3862943611198906,5.384495062789089,55,0.0,10.986231416922488
Major,Short,Other,0.0,1.6094379124341003,6.480044561926653,71,0.6931471805599453,7.815569345224944
Major,Short,Other,0.0,3.295836866004329,6.747586526829315,49,0.0,8.374490414690262
Major,Short,Other,0.0,0.6931471805599453,5.003946305945459,45,0.0,11.350313755090056
Major,Short,thiru_mg,0.0,1.3862943611198906,6.104793232414985,63,0.0,11.527453964355175
Blocker,Short,Other,0.0,2.0794415416798357,8.135639903354386,65,0.6931471805599453,9.972862904201543
Major,Long,Other,0.0,1.791759469228055,5.429345628954441,30,1.0986122886681098,10.987818539083817
Major,Short,dcreager,0.0,1.0986122886681098,6.030685260261263,22,0.0,11.384803226552922
Major,Short,Other,0.0,1.6094379124341003,6.07073772800249,82,0.0,8.40469334759188
Major,Long,dcreager,0.0,1.0986122886681098,6.721425700790643,43,0.0,11.45686981098471
Minor,Short,dcreager,0.0,1.0986122886681098,5.71042701737487,41,0.0,4.676572131103312
Major,Short,Other,0.0,2.833213344056216,7.2991214627108,51,1.3862943611198906,13.329330740842325
Major,Short,Other,0.0,1.791759469228055,4.976733742420574,55,0.6931471805599453,11.48038421352859
Minor,Short,Other,0.0,0.6931471805599453,5.247024072160486,25,0.0,9.973205300014763
Major,Short,cutting,0.0,1.3862943611198906,5.402677381872279,26,0.0,8.666746677465438
Minor,Long,Other,0.6931471805599453,1.6094379124341003,5.793013608384144,80,0.6931471805599453,12.576108951942018
Major,Short,Other,0.0,3.5553480614894135,6.133398042996649,36,0.6931471805599453,10.883617228400816
Major,Short,Other,0.0,1.6094379124341003,5.634789603169249,40,1.0986122886681098,13.349013548268777
Major,Short,Other,0.0,0.6931471805599453,8.193676665955241,57,0.0,12.253212593126625
Minor,Short,Other,0.0,1.6094379124341003,7.950149887652018,40,0.0,7.104897821462129
Major,Short,Other,0.0,1.0986122886681098,6.9363427358340495,91,0.0,11.375069191612223
Major,Short,Other,0.0,1.3862943611198906,4.700480365792417,38,0.0,7.392436886881417
Major,Short,Other,0.0,1.791759469228055,5.41610040220442,35,0.0,8.610724207629055
Major,Short,Other,0.0,2.70805020110221,6.461468176353717,61,0.0,9.23983646027714
Minor,Short,Other,0.0,1.3862943611198906,4.844187086458591,43,0.0,7.488962028830262
Critical,Short,Other,0.6931471805599453,1.3862943611198906,7.285506548522785,63,1.0986122886681098,12.041586157638648
Major,Short,jbaldassari,0.0,3.5263605246161616,8.159946655578548,91,1.6094379124341003,11.544629556019085
Major,Short,Other,0.0,1.791759469228055,5.908082938168931,100,0.0,10.26010364149294
Major,Long,dcreager,0.0,1.791759469228055,6.104793232414985,24,0.0,10.868136985354113
Major,Long,Other,0.0,2.6390573296152584,4.804021044733257,67,1.3862943611198906,10.12553478978429
Major,Short,Other,0.6931471805599453,1.791759469228055,6.035481432524756,34,0.0,12.502947351458912
Minor,Short,Other,0.0,1.6094379124341003,5.37989735354046,40,0.0,4.668480609572476
Major,Short,cutting,0.0,1.6094379124341003,4.23410650459726,68,0.6931471805599453,7.997895430230644
Major,Long,tomwhite,0.0,1.0986122886681098,5.293304824724492,61,0.0,8.551070500131393
Major,Short,Other,0.0,1.0986122886681098,6.306275286948016,74,0.0,7.0405649654060465
Minor,Short,Other,0.0,1.6094379124341003,5.54907608489522,48,0.0,9.55442413515018
Blocker,Short,Other,0.0,1.9459101490553132,8.518592212329946,83,0.0,11.036771366170685
Trivial,Short,Other,0.0,1.0986122886681098,4.762173934797756,48,1.0986122886681098,11.022810348463985
Major,Short,Other,0.0,1.791759469228055,5.5053315359323625,26,0.0,6.537170202848299
Major,Long,Other,0.0,2.1972245773362196,3.784189633918261,20,1.0986122886681098,12.402370910243002
Critical,Short,scott_carey,0.0,2.3978952727983707,5.902633333401366,109,0.0,9.031358257034263
Major,Short,dcreager,0.0,1.0986122886681098,5.713732805509369,56,0.0,3.964645183125688
Major,Short,dcreager,0.0,1.3862943611198906,6.536691597591305,42,0.0,4.497684450686966
Minor,Short,Other,0.0,1.6094379124341003,5.993961427306569,51,0.0,2.6841513289720726
Major,Short,Other,0.0,1.6094379124341003,5.627621113690637,59,0.0,8.840862360282637
Minor,Short,Other,0.0,2.4849066497880004,5.3471075307174685,40,0.0,8.203465283069185
Minor,Short,Other,0.0,1.0986122886681098,5.262690188904886,37,0.0,9.198654269693026
Minor,Short,Other,0.0,1.9459101490553132,4.820281565605037,34,0.6931471805599453,11.516141929929613
Major,Short,Other,0.0,1.0986122886681098,5.480638923341991,66,0.0,10.53348797101241
Major,Long,tomwhite,0.0,1.6094379124341003,5.3612921657094255,61,0.0,9.007903489761086
Major,Long,Other,0.0,1.3862943611198906,5.950642552587727,62,0.0,4.57752128705287
Major,Long,cutting,1.9459101490553132,3.713572066704308,4.969813299576001,30,3.5263605246161616,13.508627763726842
Major,Long,cutting,0.0,1.9459101490553132,5.5909869805108565,53,1.791759469228055,12.255218730637948
Major,Long,cutting,0.0,2.995732273553991,5.53338948872752,49,2.0794415416798357,12.396081699045576
Major,Short,Other,1.0986122886681098,2.8903717578961645,6.369900982828227,66,2.1972245773362196,12.47170968496855
Major,Short,cutting,0.0,1.3862943611198906,5.111987788356544,65,0.6931471805599453,9.209914963169354
Major,Short,Other,0.0,1.6094379124341003,4.852030263919617,28,0.0,9.808407682625111
Major,Short,cutting,0.0,1.0986122886681098,3.871201010907891,39,0.0,9.829907209495016
Major,Short,cutting,0.0,1.9459101490553132,5.8888779583328805,29,0.0,9.833232888001616
Minor,Short,Other,0.0,1.6094379124341003,4.762173934797756,37,0.0,11.874759140757806
Major,Short,thiru_mg,0.0,1.3862943611198906,5.736572297479192,59,0.0,7.206346591198828
Minor,Short,thiru_mg,0.0,1.3862943611198906,4.564348191467836,40,0.0,7.2124955667644715
Critical,Short,Other,0.0,1.3862943611198906,8.414495793177895,83,0.6931471805599453,10.662963733181627
Blocker,Short,Other,0.0,3.4965075614664802,8.652248422409102,68,0.6931471805599453,11.793095331451593
Major,Long,Other,0.6931471805599453,2.4849066497880004,6.089044875446846,102,0.0,10.678624067937857
Major,Short,scott_carey,0.0,1.3862943611198906,6.489204931325317,92,0.0,10.269895784469
Major,Short,thiru_mg,0.0,1.791759469228055,3.9512437185814275,23,0.0,7.721211354380502
Major,Long,cutting,0.6931471805599453,2.302585092994046,4.962844630259907,22,1.6094379124341003,9.843301530406203
Major,Short,Other,0.0,1.3862943611198906,5.365976015021851,49,0.0,9.363220680938246
Minor,Short,Other,0.0,1.3862943611198906,6.013715156042802,57,0.0,9.223575286173029
Minor,Short,Other,0.0,1.3862943611198906,8.224699561967235,43,0.6931471805599453,9.358771142841103
Major,Short,Other,0.6931471805599453,2.8903717578961645,4.276666119016055,42,1.3862943611198906,12.568937886873195
Major,Short,thiru_mg,0.0,1.791759469228055,4.897839799950911,29,0.0,9.315420950455254
Major,Short,thiru_mg,0.6931471805599453,1.791759469228055,4.74493212836325,27,0.0,9.062034919363187
Major,Short,Other,0.0,1.9459101490553132,7.786551806428712,36,0.0,10.265894765582575
Minor,Short,Other,0.0,1.791759469228055,5.700443573390687,65,0.0,4.316821891659791
Minor,Short,Other,1.0986122886681098,1.0986122886681098,5.225746673713202,42,0.0,12.00463564686604
Major,Short,thiru_mg,0.0,1.791759469228055,6.142037405587356,34,0.0,8.34279856135749
Minor,Short,Other,0.0,1.9459101490553132,6.028278520230698,51,0.6931471805599453,7.966854259250707
Trivial,Short,Other,0.0,1.0986122886681098,4.248495242049359,37,0.6931471805599453,8.06806062241044
Blocker,Short,brucem,0.0,1.791759469228055,5.093750200806762,29,0.6931471805599453,8.382737459340648
Major,Short,scott_carey,0.0,1.9459101490553132,7.585788821732034,36,0.0,7.642536788029741
Blocker,Short,scott_carey,0.0,2.302585092994046,7.675081857716334,73,0.6931471805599453,9.450339936455846
Major,Short,Other,0.0,0.6931471805599453,5.802118375377063,47,0.0,4.448498247123418
Minor,Short,scott_carey,0.0,1.3862943611198906,5.1647859739235145,55,0.0,6.968870337377635
Critical,Short,Other,0.0,1.9459101490553132,8.232706009860976,62,0.6931471805599453,8.15134571287192
Major,Short,scott_carey,0.0,2.302585092994046,6.0112671744041615,103,1.0986122886681098,11.51957273980437
Blocker,Long,dcreager,0.0,2.302585092994046,7.362010551259734,24,0.6931471805599453,10.046349776820579
Major,Short,Other,0.0,1.791759469228055,5.8971538676367405,75,0.6931471805599453,10.537795459019359
Major,Short,Other,0.0,2.1972245773362196,6.921658184151129,86,0.6931471805599453,9.255852327416356
Minor,Short,Other,0.0,2.8903717578961645,4.804021044733257,36,0.0,12.289915760192407
Major,Long,Other,0.0,2.0794415416798357,4.997212273764115,56,0.0,8.523006776402356
Major,Short,cutting,0.0,1.0986122886681098,5.5909869805108565,75,0.0,10.263106772919297
Blocker,Short,Other,0.6931471805599453,2.1972245773362196,5.6131281063880705,74,0.6931471805599453,10.26507065456978
Major,Short,Other,0.0,0.6931471805599453,6.154858094016418,56,0.6931471805599453,10.427009668149678
Blocker,Short,scott_carey,0.6931471805599453,3.367295829986474,6.480044561926653,40,1.0986122886681098,10.435610200646288
Minor,Short,scott_carey,0.0,1.9459101490553132,5.733341276897746,38,0.0,9.31499549240128
Blocker,Short,dcreager,0.0,1.9459101490553132,6.880384082186005,41,0.0,10.602145790119431
Major,Long,dcreager,0.0,1.6094379124341003,4.875197323201151,15,0.0,10.161864191083396
Major,Short,dcreager,0.0,1.3862943611198906,5.521460917862246,46,0.0,8.326324818421478
Major,Short,Other,0.6931471805599453,1.791759469228055,7.652070746116482,78,0.6931471805599453,12.310797417821004
Major,Short,dcreager,0.0,2.5649493574615367,6.787844982309579,23,0.0,12.40205424050606
Major,Short,dcreager,0.0,0.6931471805599453,5.7430031878094825,40,0.0,3.7115761737955064
Major,Long,dcreager,0.0,1.3862943611198906,6.018593214496234,60,0.0,10.362538244366876
Critical,Short,scott_carey,0.0,2.0794415416798357,6.018593214496234,72,1.3862943611198906,9.94424033986162
Major,Short,dcreager,0.0,0.6931471805599453,6.129050210060545,47,0.0,8.132804952334888
Blocker,Short,cutting,0.0,2.302585092994046,6.285998094508865,31,0.0,8.927295296462015
Major,Short,brucem,0.0,0.0,7.3752557780097545,34,0.0,1.5094444498273607
Critical,Short,Other,0.0,1.3862943611198906,5.918893854273146,96,0.0,11.269820703536247
Major,Long,scott_carey,0.0,3.367295829986474,6.082218910376446,54,0.0,9.489288345489824
Major,Short,Other,0.0,1.6094379124341003,7.311886164077165,54,0.0,9.014485594859373
Major,Short,Other,1.0986122886681098,1.791759469228055,7.448333860897476,31,0.0,9.868115233605446
Trivial,Short,Other,0.0,1.6094379124341003,5.713732805509369,43,0.0,5.474136648743475
Critical,Short,Other,0.0,2.302585092994046,6.073044534100405,59,0.0,5.531841189281023
Major,Short,cutting,0.0,0.6931471805599453,4.174387269895637,47,0.0,7.251350988082318
Major,Long,Other,0.0,2.3978952727983707,5.5093883366279774,73,0.6931471805599453,10.9572728506937
Major,Long,dcreager,0.0,1.3862943611198906,6.317164686747284,24,0.6931471805599453,8.356670511223566
Major,Short,cutting,0.0,0.6931471805599453,5.225746673713202,51,0.0,8.852437245558598
Major,Short,dcreager,0.0,1.791759469228055,7.31455283232408,34,0.6931471805599453,9.014129008895447
Major,Short,Other,0.0,2.833213344056216,6.257667587882639,110,1.3862943611198906,11.382179475601042
Minor,Long,dcreager,0.0,1.9459101490553132,5.730099782973574,34,0.0,9.165712515871489
Minor,Short,Other,0.0,2.1972245773362196,6.3818160174060985,73,0.0,9.019770886340098
Minor,Short,Other,0.0,2.1972245773362196,6.238324625039508,74,0.0,9.439779593239503
Minor,Short,Other,0.0,1.6094379124341003,5.488937726156687,52,0.0,9.98692913364348
Major,Short,Other,0.0,1.0986122886681098,5.030437921392435,27,0.0,9.15238125589503
Major,Short,Other,0.0,1.9459101490553132,7.696667081526462,63,0.0,9.918102018259685
Blocker,Short,scott_carey,0.0,3.044522437723423,5.8916442118257715,60,0.0,11.117286125749791
Major,Short,scott_carey,0.0,1.0986122886681098,5.631211781821365,29,0.6931471805599453,11.014305343691863
Major,Short,Other,0.0,1.0986122886681098,5.1647859739235145,47,0.0,7.274536406314868
Blocker,Short,thiru_mg,0.0,2.0794415416798357,4.143134726391533,32,0.0,11.507494326669681
Major,Short,Other,0.0,0.6931471805599453,4.110873864173311,79,0.0,7.875077198563554
Minor,Short,Other,0.6931471805599453,2.3978952727983707,5.484796933490655,20,1.0986122886681098,12.025609166540006
Minor,Short,Other,0.0,1.0986122886681098,6.450470422144176,40,0.0,10.791919331475942
Major,Short,cutting,0.0,1.3862943611198906,6.285998094508865,22,0.0,9.044521458417442
Major,Short,scott_carey,0.0,1.6094379124341003,6.3473892096560105,53,0.6931471805599453,7.233049210979863
Major,Short,Other,0.0,1.3862943611198906,6.828712071641684,66,0.0,9.480365791630517
Major,Short,Other,0.0,2.302585092994046,5.480638923341991,29,0.0,9.557684335909409
Major,Short,Other,0.0,1.6094379124341003,6.386879319362645,90,0.6931471805599453,8.894220769866179
Critical,Short,brucem,0.6931471805599453,2.70805020110221,5.37989735354046,75,0.0,11.80506050224154
Major,Short,thiru_mg,0.0,2.4849066497880004,6.056784013228625,32,0.0,11.51027363748168
Major,Short,Other,0.0,1.3862943611198906,7.359467638255621,81,0.0,8.12856256000021
Major,Short,cutting,0.0,1.6094379124341003,6.018593214496234,50,0.0,8.850408482324143
Major,Short,Other,0.0,1.0986122886681098,4.787491742782046,75,0.0,6.837285746338981
Major,Short,Other,0.6931471805599453,2.0794415416798357,7.614805364711073,87,1.0986122886681098,11.366477629087136
Minor,Short,Other,0.0,1.6094379124341003,5.978885764901122,67,0.0,7.2075738181774645
Major,Short,cutting,0.6931471805599453,1.9459101490553132,4.248495242049359,34,0.6931471805599453,10.825911599785778
Major,Long,cutting,0.0,1.791759469228055,4.454347296253507,41,0.0,10.831525231734252
Major,Short,Other,0.0,1.791759469228055,5.966146739123692,56,0.0,11.617732648468047
Major,Long,cutting,0.0,1.6094379124341003,5.209486152841421,47,0.0,11.040355175869362
Critical,Short,Other,0.0,1.9459101490553132,8.310414994188292,97,0.6931471805599453,7.423492680195113
Major,Long,Other,0.0,1.9459101490553132,6.47543271670409,61,0.0,10.606659988535064
Trivial,Short,Other,0.0,1.3862943611198906,5.872117789475416,53,0.6931471805599453,7.983320706179389
Minor,Short,Other,0.0,2.1972245773362196,6.20050917404269,39,0.6931471805599453,8.077833993673517
Minor,Short,Other,0.0,1.0986122886681098,5.814130531825066,23,0.0,6.118337624349549
Minor,Long,Other,0.0,2.3978952727983707,6.2422232654551655,29,1.0986122886681098,12.539726799548276
Major,Long,cutting,0.0,1.3862943611198906,4.290459441148391,31,0.0,10.050355142073748
Major,Short,dcreager,0.0,1.791759469228055,6.07993319509559,47,1.0986122886681098,8.898041449230663
Trivial,Long,Other,0.6931471805599453,1.3862943611198906,5.099866427824199,32,0.6931471805599453,8.924762803501636
Minor,Short,Other,0.0,1.9459101490553132,5.968707559985366,36,0.6931471805599453,9.911084347017152
Major,Short,Other,0.0,2.302585092994046,4.624972813284271,68,0.0,10.21099503878918
Major,Short,Other,0.0,1.791759469228055,5.6937321388027,55,0.0,8.361535282957028
Major,Short,Other,0.6931471805599453,2.70805020110221,7.773594467360194,48,1.3862943611198906,11.913529520840582
Major,Short,scott_carey,0.0,2.4849066497880004,5.365976015021851,71,0.0,8.989345774588948
Blocker,Short,scott_carey,0.0,2.3978952727983707,7.108244139731541,88,0.0,7.133040003015752
Major,Short,hammer,0.0,0.6931471805599453,0.0,62,0.0,1.526997889049713
Major,Short,thiru_mg,0.0,1.3862943611198906,5.420534999272286,55,0.0,8.704231567617729
Major,Short,Other,0.0,2.772588722239781,5.860786223465865,98,0.6931471805599453,12.118413734572032
Major,Long,cutting,0.0,1.6094379124341003,5.8805329864007,57,0.0,9.490474720639037
Minor,Short,phunt,0.0,1.0986122886681098,6.582025138892826,44,0.0,9.14745755850898
Blocker,Short,cutting,0.0,3.4339872044851463,6.638567789166521,77,1.0986122886681098,12.432299460830363
Major,Short,cutting,0.0,1.6094379124341003,5.351858133476067,42,0.0,9.579406421428272
Major,Short,Other,0.0,1.3862943611198906,4.859812404361672,55,0.0,6.08122686595164
Minor,Short,Other,0.0,1.3862943611198906,6.040254711277414,36,0.6931471805599453,7.083248324469573
Blocker,Short,Other,0.0,2.4849066497880004,5.3612921657094255,33,1.3862943611198906,7.474189899082702
Major,Short,Other,0.0,2.0794415416798357,4.820281565605037,46,0.0,4.933831040668292
Major,Short,philip,0.0,2.1972245773362196,7.2456550675945355,47,1.0986122886681098,11.390123773715331
Major,Short,scott_carey,0.0,3.871201010907891,6.80128303447162,62,1.791759469228055,11.935546510565107
Major,Short,cutting,0.0,1.0986122886681098,5.583496308781699,25,0.0,2.726841423855018
Major,Short,Other,0.0,0.6931471805599453,5.308267697401205,34,0.0,4.432636372573252
Major,Short,scott_carey,0.0,1.0986122886681098,7.592870287844818,54,0.0,11.946645374779482
Major,Short,cutting,0.0,1.0986122886681098,5.720311776607412,35,0.0,12.139329191135138
Minor,Short,Other,0.0,2.3978952727983707,7.10085190894405,82,0.0,11.410448502688233
Major,Long,cutting,0.6931471805599453,2.833213344056216,5.41610040220442,28,1.9459101490553132,10.317727234559486
Blocker,Short,cutting,0.0,1.0986122886681098,4.890349128221754,42,0.0,3.451755294611934
Major,Short,cutting,0.0,1.9459101490553132,4.9344739331306915,42,0.0,4.906161052248412
Major,Long,cutting,0.0,0.6931471805599453,5.978885764901122,50,1.3862943611198906,12.141017090220135
Major,Long,cutting,0.6931471805599453,3.091042453358316,6.2878585601617845,40,0.6931471805599453,8.753364972254062
Major,Long,pwendell,0.0,2.1972245773362196,0.0,39,0.0,7.282986927318537
Major,Short,cutting,0.0,1.0986122886681098,4.110873864173311,28,0.0,10.165379520873975
Major,Short,jmhodges,0.0,1.6094379124341003,4.356708826689592,66,0.0,7.001153510966419
Major,Short,cutting,0.0,1.3862943611198906,4.820281565605037,53,0.0,3.026865886909263
Major,Short,pwendell,0.0,1.0986122886681098,6.415096959171596,36,0.0,4.466147553589284
Major,Short,Other,0.0,0.6931471805599453,5.0689042022202315,25,0.6931471805599453,12.204548567796838
Major,Short,Other,0.0,0.6931471805599453,5.564520407322694,28,0.6931471805599453,13.050200852225483
Major,Long,Other,0.0,2.6390573296152584,5.905361848054571,20,1.3862943611198906,8.862498524927533
Minor,Short,Other,0.0,1.3862943611198906,4.90527477843843,44,0.0,6.246441593141455
Major,Short,philip,0.0,0.6931471805599453,4.454347296253507,43,0.0,5.664952996071805
Major,Short,philip,0.0,1.6094379124341003,6.597145701886651,61,0.6931471805599453,8.518854021474153
Trivial,Short,Other,0.0,1.0986122886681098,5.641907070938114,58,0.0,5.018654498598335
Major,Short,philip,0.0,1.791759469228055,6.218600119691729,33,0.0,7.577475930338118
Major,Short,Other,0.0,1.3862943611198906,6.928537818164665,31,0.0,9.089405435545192
Major,Long,pwendell,0.0,1.0986122886681098,5.43372200355424,38,0.0,7.28844254725708
Major,Short,Other,0.0,1.791759469228055,5.37989735354046,28,0.0,8.062376255685251
Major,Long,pwendell,0.0,1.6094379124341003,0.0,25,0.0,9.844681122639873
Major,Long,pwendell,0.0,1.791759469228055,0.0,44,0.6931471805599453,9.528770681002241
Minor,Short,Other,0.0,1.3862943611198906,7.049254841255837,39,0.0,9.047265805787987
Major,Long,pwendell,0.0,1.3862943611198906,4.060443010546419,26,0.0,9.084929614701615
Major,Short,cutting,0.0,1.3862943611198906,4.543294782270004,45,0.0,8.686375581168974
Major,Short,pwendell,0.0,0.6931471805599453,5.327876168789581,58,0.0,10.2778626139016
Major,Long,pwendell,0.0,2.3978952727983707,0.0,42,0.0,9.46330588701842
Major,Short,cutting,0.0,2.4849066497880004,5.659482215759621,38,1.0986122886681098,9.055715399134217
Major,Short,pwendell,0.0,1.0986122886681098,5.3471075307174685,52,0.0,5.807926550751331
Minor,Short,Other,0.0,1.791759469228055,6.317164686747284,67,1.3862943611198906,6.061764913450876
Major,Short,Other,0.0,1.3862943611198906,5.293304824724492,38,0.0,7.435416760984847
Minor,Short,Other,0.0,2.3978952727983707,6.841615476477592,83,0.6931471805599453,9.228376759015415
Major,Long,cutting,0.0,2.302585092994046,6.516193076042964,43,1.3862943611198906,10.528619909503599
Major,Short,hammer,0.0,0.6931471805599453,0.0,55,0.0,9.385928259811324
Major,Short,Other,0.0,1.9459101490553132,6.113682179832232,75,0.0,10.983356454897525
Minor,Short,Other,0.0,2.0794415416798357,5.805134968916488,45,1.0986122886681098,9.158228117771165
Major,Long,pwendell,0.0,2.6390573296152584,0.0,42,1.6094379124341003,10.731566900427453
Major,Long,Other,2.1972245773362196,3.4011973816621555,4.8283137373023015,49,2.9444389791664403,13.743248758760974
Major,Short,Other,0.0,1.0986122886681098,8.016647877057803,83,0.6931471805599453,5.135462204059697
Major,Short,cutting,0.0,1.6094379124341003,4.442651256490317,36,0.0,11.243118769088193
Major,Short,Other,0.0,1.6094379124341003,7.117205503164344,135,0.6931471805599453,8.471576861302811
Major,Short,hammer,0.0,2.772588722239781,0.0,62,0.6931471805599453,11.305030451721827
Major,Long,pwendell,0.0,2.3978952727983707,0.0,39,0.6931471805599453,10.796034983589207
Minor,Short,Other,0.0,1.791759469228055,4.9344739331306915,46,0.6931471805599453,11.150906012411708
Major,Long,cutting,0.0,1.3862943611198906,5.187385805840755,21,1.9459101490553132,13.186567609767383
Major,Long,pwendell,0.0,2.1972245773362196,0.0,33,0.0,7.291584794272071
Minor,Short,Other,0.0,2.70805020110221,6.133398042996649,116,0.6931471805599453,11.010130601211616
Major,Short,cutting,0.0,1.791759469228055,5.793013608384144,65,0.6931471805599453,10.855315946848734
Major,Long,cutting,0.6931471805599453,2.302585092994046,6.401917196727186,73,0.6931471805599453,10.803257055393154
Major,Long,cutting,0.0,1.791759469228055,5.318119993844216,41,0.6931471805599453,10.803406203315893
Major,Long,pwendell,0.0,0.0,0.0,55,0.6931471805599453,9.32343589915156
Major,Long,pwendell,0.0,2.772588722239781,6.150602768446279,35,0.6931471805599453,9.583657772283596
Major,Long,tomwhite,0.0,1.6094379124341003,5.69035945432406,37,0.6931471805599453,7.320764635327827
Major,Short,tomwhite,0.0,1.6094379124341003,4.74493212836325,90,1.791759469228055,14.13124811451518
Major,Short,tomwhite,0.0,0.6931471805599453,4.969813299576001,43,0.0,6.59251215501089
Major,Short,hammer,0.0,2.70805020110221,4.330733340286331,87,1.0986122886681098,11.135318093937526
Major,Short,hammer,0.0,0.6931471805599453,0.0,76,0.6931471805599453,3.745461011789541
Major,Long,cutting,0.0,2.5649493574615367,4.663439094112067,41,1.3862943611198906,9.658741440203993
Major,Long,hammer,0.0,1.791759469228055,6.066108090103747,69,0.6931471805599453,6.813740892608098
Major,Short,hammer,0.6931471805599453,2.6390573296152584,4.418840607796598,33,1.3862943611198906,13.795608224730623
Major,Short,jmhodges,0.0,1.6094379124341003,4.672828834461906,39,0.0,3.925065580066667
Major,Short,hammer,0.0,1.6094379124341003,0.0,58,0.0,5.9565470484984555
Major,Short,hammer,0.0,1.3862943611198906,4.653960350157523,111,0.6931471805599453,6.7005556534018735
Major,Short,hammer,0.0,1.3862943611198906,5.564520407322694,93,0.6931471805599453,5.997384696722606
Major,Short,Other,0.0,3.091042453358316,5.53338948872752,31,1.3862943611198906,11.507793828282978
Major,Short,Other,0.0,1.3862943611198906,6.740519359606223,61,0.6931471805599453,8.93108050409118
Major,Short,jmhodges,0.0,0.6931471805599453,5.8805329864007,22,0.0,2.012366472890268
Major,Short,Other,0.0,2.5649493574615367,4.948759890378168,57,0.6931471805599453,8.75519324173648
Major,Long,brucem,0.0,1.3862943611198906,0.0,25,0.0,13.829834225800106
Major,Short,brucem,0.0,2.302585092994046,4.23410650459726,32,0.0,13.830190595785016
Major,Short,brucem,0.0,0.6931471805599453,5.921578419643816,27,0.0,12.717788503819797
Major,Long,brucem,0.0,1.6094379124341003,4.499809670330265,54,0.6931471805599453,12.724517486104094
Major,Short,hammer,0.0,1.9459101490553132,6.418364935936212,67,0.6931471805599453,8.128602127468204
Blocker,Long,Other,0.6931471805599453,2.5649493574615367,4.61512051684126,39,1.0986122886681098,12.62454759276362
Major,Long,hammer,0.0,3.091042453358316,5.030437921392435,70,0.6931471805599453,11.41264863785033
Major,Short,jmhodges,0.0,1.3862943611198906,4.31748811353631,37,0.0,8.833576484899659
Major,Short,Other,0.0,1.0986122886681098,6.068425588244111,19,0.6931471805599453,3.1987996401586036
Critical,Short,cutting,0.0,2.4849066497880004,6.588926477533519,40,0.6931471805599453,11.906600263292837
Minor,Long,Other,0.0,1.3862943611198906,6.343880434126331,28,0.0,4.0089809178842035
Major,Long,hammer,1.0986122886681098,3.4965075614664802,0.0,91,1.6094379124341003,13.265559848101478
Major,Short,jmhodges,0.0,1.791759469228055,4.653960350157523,53,1.0986122886681098,12.325998248988748
Major,Short,Other,0.0,1.0986122886681098,7.392031567514591,21,0.0,8.737395386513695
Trivial,Long,Other,0.0,2.3978952727983707,6.9167150203536085,79,1.0986122886681098,12.019796629960402
Major,Long,hammer,2.302585092994046,4.07753744390572,0.0,27,2.6390573296152584,13.091216768146136
Major,Short,Other,0.0,1.3862943611198906,7.592870287844818,37,0.0,6.116105825973433
Major,Long,Other,2.0794415416798357,2.6390573296152584,5.365976015021851,23,1.0986122886681098,12.086204003194872
Minor,Short,Other,0.0,1.3862943611198906,4.955827057601261,31,0.6931471805599453,9.741782125388903
Minor,Short,Other,0.0,1.6094379124341003,5.14166355650266,63,0.6931471805599453,9.741532614945406
Minor,Short,Other,0.0,1.3862943611198906,4.30406509320417,21,0.6931471805599453,9.740834489533052
Major,Short,thiru_mg,0.0,1.6094379124341003,6.52649485957079,72,0.0,8.444989069378948
Major,Short,thiru_mg,0.0,1.3862943611198906,4.68213122712422,61,0.0,8.6875137090636
Major,Short,sbanacho,0.0,0.6931471805599453,6.523562306149512,24,0.0,6.998289861631813
Major,Short,Other,0.0,1.0986122886681098,5.71042701737487,78,0.0,7.952902296344573
Critical,Short,scott_carey,0.0,1.791759469228055,5.1647859739235145,37,0.6931471805599453,8.595353944708624
Major,Short,jmhodges,0.0,1.0986122886681098,5.111987788356544,61,0.0,6.517639465414792
Major,Short,sbanacho,0.0,1.0986122886681098,5.723585101952381,36,0.0,3.700392919071827
Major,Short,jmhodges,0.0,1.0986122886681098,3.828641396489095,55,0.0,8.487607777320601
Major,Short,cutting,0.0,2.70805020110221,5.676753802268282,69,1.0986122886681098,11.924389967557081
Major,Long,cutting,0.0,2.3978952727983707,5.8377304471659395,49,2.1972245773362196,11.520882544941513
Major,Short,jmhodges,0.0,1.6094379124341003,4.0943445622221,43,0.6931471805599453,10.334657020865972
Major,Short,Other,0.0,1.6094379124341003,4.969813299576001,41,0.6931471805599453,12.227054894446173
Major,Short,sbanacho,0.0,1.0986122886681098,6.806829360392176,61,0.0,8.361735535089387
Critical,Short,jmhodges,0.0,1.791759469228055,4.61512051684126,55,0.0,7.771827579889904
Major,Short,jmhodges,0.0,0.6931471805599453,4.330733340286331,61,0.0,7.9457657851563255
Major,Short,Other,0.0,2.3978952727983707,5.017279836814924,37,0.6931471805599453,6.637513656102004
Major,Short,Other,0.0,1.791759469228055,4.290459441148391,75,0.0,12.243841773672367
Major,Short,jmhodges,0.0,1.3862943611198906,5.043425116919247,23,0.0,8.43535443152833
Major,Short,cutting,0.0,1.9459101490553132,5.755742213586912,66,1.0986122886681098,10.986765408575234
Major,Short,sbanacho,0.0,1.791759469228055,6.39024066706535,39,0.0,12.24304456858778
Major,Short,sbanacho,0.0,0.6931471805599453,6.22455842927536,30,0.0,8.36997545035548
Major,Short,jmhodges,0.0,1.6094379124341003,6.144185634125646,38,0.6931471805599453,8.316217853629398
Major,Short,Other,0.0,2.3978952727983707,3.828641396489095,32,1.6094379124341003,12.205727196202758
Minor,Short,Other,0.0,2.4849066497880004,4.394449154672439,42,1.6094379124341003,11.781142716982668
Major,Long,cutting,0.0,2.5649493574615367,4.343805421853684,38,2.302585092994046,7.901857659259266
Minor,Short,jmhodges,0.0,1.0986122886681098,4.882801922586371,52,0.6931471805599453,9.251024200151909
Major,Short,cutting,0.0,1.3862943611198906,4.356708826689592,38,0.6931471805599453,7.0334373754917445
Major,Short,jmhodges,0.0,1.3862943611198906,4.499809670330265,47,0.6931471805599453,9.547198791162167
Major,Short,cutting,0.0,1.3862943611198906,4.406719247264253,44,0.6931471805599453,7.875356089436321
Minor,Short,jmhodges,0.0,1.3862943611198906,4.997212273764115,29,0.6931471805599453,9.839083948519056
Major,Long,brucem,0.6931471805599453,2.772588722239781,5.817111159963204,28,2.3978952727983707,14.111584936297218
Major,Short,Other,0.0,1.0986122886681098,8.748304912379623,64,0.0,6.249196689587739
Major,Short,brucem,0.0,0.6931471805599453,3.295836866004329,22,0.0,3.5325847413787743
Major,Short,brucem,0.0,0.6931471805599453,4.976733742420574,50,0.0,4.286015563469221
Major,Short,cutting,0.0,0.6931471805599453,5.0689042022202315,42,0.0,4.081378363206888
Major,Long,Other,0.0,1.791759469228055,4.290459441148391,26,0.0,12.883954322984316
Major,Long,brucem,0.0,1.9459101490553132,5.2574953720277815,9,0.6931471805599453,8.129906784907243
Major,Long,brucem,0.0,1.0986122886681098,5.407171771460119,33,0.0,13.632404367886117
Major,Long,brucem,0.0,1.0986122886681098,4.727387818712341,22,0.0,13.632403137620432
Major,Long,brucem,0.0,1.3862943611198906,4.007333185232471,47,0.0,13.6324073923337
Major,Long,brucem,0.0,1.0986122886681098,4.499809670330265,33,0.0,13.632412732571797
Major,Long,brucem,0.0,1.0986122886681098,0.0,28,0.0,13.632414037083207
Major,Long,brucem,0.0,1.0986122886681098,4.653960350157523,37,0.0,13.362070563116449
Major,Long,brucem,0.0,1.0986122886681098,4.406719247264253,55,0.0,13.362102949440724
Major,Long,brucem,0.0,0.6931471805599453,5.0106352940962555,47,0.0,13.632445328694478
Major,Short,brucem,0.0,2.1972245773362196,4.663439094112067,68,0.0,13.647925426241788
Major,Short,jmhodges,0.0,2.1972245773362196,6.779921907472252,68,1.0986122886681098,10.266399805043235
Major,Short,brucem,0.0,1.9459101490553132,4.867534450455582,63,0.6931471805599453,13.460199211047257
Blocker,Short,jmhodges,0.0,1.0986122886681098,5.849324779946859,48,0.6931471805599453,13.125857145250173
Major,Short,jmhodges,0.0,1.9459101490553132,5.081404364984463,32,0.6931471805599453,10.268445434866196
Major,Short,brucem,0.0,1.0986122886681098,4.736198448394496,39,0.0,3.685772549346524
Major,Long,cutting,0.0,1.9459101490553132,4.736198448394496,61,1.791759469228055,13.801620493330542
Major,Long,cutting,0.0,1.0986122886681098,4.762173934797756,62,1.9459101490553132,13.801631878953726
Minor,Short,Other,0.0,1.3862943611198906,4.700480365792417,38,0.6931471805599453,5.905137981036367
Minor,Short,Other,0.0,0.6931471805599453,4.2626798770413155,61,1.0986122886681098,9.117181982576122
Major,Short,brucem,0.0,0.6931471805599453,4.955827057601261,20,0.0,5.306670548049474
Major,Short,brucem,0.0,0.6931471805599453,5.438079308923196,15,0.0,5.260668890115937
Major,Short,hammer,0.0,1.0986122886681098,5.666426688112432,84,0.0,9.947164361792252
Blocker,Short,phunt,0.0,2.3978952727983707,7.44600149832412,72,0.6931471805599453,10.766636928671984
Major,Long,brucem,0.0,2.1972245773362196,5.786897381366708,35,0.6931471805599453,9.730732719364129
Major,Short,brucem,0.0,1.6094379124341003,3.295836866004329,55,0.0,7.055629201116189
Blocker,Short,cutting,0.0,2.3978952727983707,6.522092798170152,30,0.6931471805599453,11.876519112320297
Major,Short,cutting,0.0,0.6931471805599453,5.799092654460526,64,0.6931471805599453,9.557892109571606
Major,Long,brucem,0.0,1.3862943611198906,6.419994928147142,80,0.0,7.56853068543566
Major,Short,brucem,0.0,1.0986122886681098,0.0,12,0.6931471805599453,7.680101780896108
Major,Long,brucem,0.0,1.3862943611198906,5.459585514144159,67,0.0,7.771433299051855
Major,Long,brucem,0.0,1.0986122886681098,6.156978985585555,55,0.0,7.782971435829155
Major,Short,brucem,0.0,1.791759469228055,5.337538079701318,42,0.6931471805599453,13.813732846972009
Major,Short,brucem,0.0,1.6094379124341003,6.244166900663736,34,0.0,8.492716004370116
Minor,Short,brucem,0.0,1.9459101490553132,4.867534450455582,56,0.0,6.930967528082291
Trivial,Short,Other,0.0,1.6094379124341003,7.7706452341291765,48,1.0986122886681098,7.914417969206051
Trivial,Short,Other,0.0,1.0986122886681098,2.833213344056216,22,1.0986122886681098,7.271219236991129
Major,Short,cutting,0.0,1.3862943611198906,4.394449154672439,29,0.0,8.881699892922665
Major,Long,cutting,0.0,1.791759469228055,6.261491684321042,51,0.6931471805599453,9.059109585109386
Major,Short,cutting,0.0,1.0986122886681098,4.77912349311153,41,0.0,8.881813026955438
Major,Short,massie,0.0,1.0986122886681098,5.493061443340548,49,0.0,1.5259512255107832
Major,Short,massie,0.0,1.6094379124341003,0.0,47,0.6931471805599453,7.0936569057821615
Minor,Short,Other,0.0,1.6094379124341003,5.030437921392435,33,0.6931471805599453,8.103342386426531
Major,Short,scott_carey,0.0,1.9459101490553132,6.144185634125646,41,0.6931471805599453,8.882391449494037
Major,Short,Other,0.0,2.3978952727983707,4.5217885770490405,42,0.6931471805599453,10.588215305645408
Major,Short,sbanacho,0.0,1.0986122886681098,6.326149473155099,34,0.0,4.454485077458916
Major,Short,cutting,0.0,1.3862943611198906,5.123963979403259,28,0.6931471805599453,6.932661250923605
Major,Short,massie,0.0,1.9459101490553132,3.970291913552122,49,0.6931471805599453,10.563083856564607
Major,Short,scott_carey,0.0,1.0986122886681098,5.8664680569332965,59,0.0,8.016050646072992
Major,Short,Other,0.0,1.791759469228055,5.605802066295998,58,0.6931471805599453,7.356194198125242
Major,Short,hammer,0.0,2.302585092994046,7.421177528595393,61,0.6931471805599453,8.562909483697483
Major,Long,scott_carey,0.0,2.1972245773362196,5.659482215759621,71,0.6931471805599453,9.248427608051063
Major,Short,jmhodges,0.0,0.6931471805599453,4.110873864173311,46,0.0,4.220175374392264
Major,Short,massie,0.0,0.6931471805599453,4.867534450455582,38,0.0,4.866341944831509
Major,Short,jmhodges,0.0,1.6094379124341003,4.30406509320417,34,0.6931471805599453,6.930545155688885
Major,Short,massie,0.0,0.6931471805599453,5.159055299214529,41,0.6931471805599453,1.5652874680987308
Major,Short,massie,0.0,0.6931471805599453,4.465908118654584,83,0.6931471805599453,1.8353323432740345
Major,Short,massie,0.0,1.0986122886681098,3.7612001156935624,29,0.0,0.9803854045255584
Blocker,Short,cutting,0.0,2.0794415416798357,6.55250788703459,28,0.6931471805599453,8.37599112088748
Major,Long,Other,0.6931471805599453,3.367295829986474,6.42648845745769,27,2.5649493574615367,12.255629329419717
Major,Short,massie,0.0,0.6931471805599453,4.976733742420574,53,0.6931471805599453,5.449728081812669
Major,Long,massie,0.0,0.6931471805599453,4.90527477843843,66,0.0,1.9352511624030229
Major,Short,tomwhite,0.0,1.0986122886681098,4.499809670330265,86,0.6931471805599453,5.002095489094718
Minor,Short,Other,0.0,1.0986122886681098,5.087596335232384,36,0.6931471805599453,7.767430508436793
Major,Short,hammer,0.0,2.3978952727983707,0.0,64,0.6931471805599453,9.163037077118515
Major,Short,Other,0.0,1.0986122886681098,3.9512437185814275,33,0.6931471805599453,7.754264435567107
Trivial,Short,hammer,0.0,0.6931471805599453,5.087596335232384,58,0.0,1.9263704871806961
Minor,Short,Other,0.0,1.3862943611198906,0.0,41,1.0986122886681098,13.53741380848226
Major,Short,Other,0.0,1.0986122886681098,0.0,28,0.6931471805599453,2.719229699211995
Major,Short,massie,0.0,0.6931471805599453,5.44673737166631,61,0.6931471805599453,3.4773221678847976
Minor,Long,jmhodges,0.0,1.6094379124341003,5.442417710521793,35,0.6931471805599453,4.103586171144116
Critical,Short,scott_carey,0.0,3.871201010907891,7.933079771880415,51,1.0986122886681098,10.07311087765468
Major,Short,thiru_mg,0.0,1.0986122886681098,6.0844994130751715,64,0.0,7.679357338051063
Major,Short,thiru_mg,0.0,1.0986122886681098,5.493061443340548,43,0.0,7.687717513789441
Major,Short,thiru_mg,0.0,2.0794415416798357,8.073402968986406,44,0.0,8.574385894853476
Minor,Short,Other,0.0,2.5649493574615367,7.611347717403621,77,0.6931471805599453,8.656224533634752
Major,Short,philip,0.0,1.791759469228055,4.983606621708336,36,0.6931471805599453,8.773249143846863
Major,Short,thiru_mg,0.0,1.0986122886681098,4.912654885736052,54,0.0,7.388295906891816
Major,Short,massie,0.0,0.6931471805599453,5.2832037287379885,45,0.0,4.989162165622936
Major,Short,thiru_mg,0.0,2.302585092994046,6.1070228877422545,46,0.0,8.975348649131252
Minor,Short,Other,0.0,1.6094379124341003,7.673223121121708,68,0.6931471805599453,6.807608297354975
Major,Short,massie,0.0,0.6931471805599453,0.0,75,0.0,1.5214806336749584
Major,Short,scott_carey,0.0,2.5649493574615367,6.059123195581797,70,1.0986122886681098,8.285085284224076
Major,Short,massie,0.0,0.6931471805599453,5.5909869805108565,57,0.0,2.1295324468204058
Major,Short,massie,0.0,0.6931471805599453,5.1647859739235145,65,0.0,1.2808597686443706
Major,Short,massie,0.0,0.6931471805599453,5.384495062789089,48,0.0,1.8132491258487344
Major,Short,thiru_mg,0.0,1.6094379124341003,4.997212273764115,40,0.0,7.74010330975186
Minor,Short,thiru_mg,0.0,2.0794415416798357,6.410174881966167,79,0.0,10.440115213740901
Major,Short,cutting,0.0,1.3862943611198906,6.021023349349527,35,0.0,8.532051544010454
Major,Short,Other,0.6931471805599453,2.5649493574615367,5.575949103146316,40,1.0986122886681098,12.261443574998225
Major,Short,massie,0.0,0.6931471805599453,4.454347296253507,40,0.0,1.6862785759547638
Major,Short,massie,0.0,0.6931471805599453,6.306275286948016,44,0.0,2.1029810506773328
Major,Short,massie,0.0,0.6931471805599453,4.61512051684126,45,0.0,1.7980893929229247
Blocker,Short,philip,0.0,1.6094379124341003,5.697093486505405,77,0.6931471805599453,8.66227182726918
Major,Short,massie,0.0,0.6931471805599453,6.80903930604298,51,0.0,3.8628915830367503
Major,Short,massie,0.0,0.6931471805599453,5.44673737166631,41,0.6931471805599453,5.794447691384006
Major,Short,philip,0.0,1.3862943611198906,5.929589143389895,85,0.6931471805599453,6.922545972067818
Major,Short,hammer,0.0,0.6931471805599453,0.0,102,0.0,3.8920984907039955
Blocker,Short,scott_carey,0.0,1.791759469228055,7.738488122494646,63,1.0986122886681098,9.77297950594401
Major,Short,massie,0.0,0.6931471805599453,5.44673737166631,48,0.6931471805599453,1.8196961366710764
Major,Short,massie,0.0,0.0,4.700480365792417,49,0.6931471805599453,2.061551209780752
Major,Short,massie,0.0,1.0986122886681098,0.0,38,0.0,1.223888170364904
Minor,Short,Other,0.0,1.6094379124341003,5.71042701737487,68,0.0,8.970803862332215
Minor,Short,Other,0.0,2.0794415416798357,5.736572297479192,50,1.0986122886681098,9.180599883814084
Major,Short,massie,0.0,0.6931471805599453,5.081404364984463,60,0.0,1.3739560563251336
Major,Short,massie,0.0,0.0,4.875197323201151,47,0.0,2.3222945786977798
Major,Short,philip,0.0,1.3862943611198906,4.276666119016055,80,0.0,4.786871550502567
Major,Long,Other,0.0,2.0794415416798357,4.941642422609304,68,0.6931471805599453,9.926600913073111
Major,Short,sbanacho,0.0,1.3862943611198906,6.3835066348840055,34,0.6931471805599453,10.63637370015375
Minor,Short,Other,0.6931471805599453,1.0986122886681098,6.102558594613569,53,0.0,13.075710222024194
Major,Short,massie,0.0,0.6931471805599453,5.402677381872279,73,0.0,1.7954498735239555
Major,Long,massie,0.0,0.6931471805599453,5.937536205082426,49,0.6931471805599453,3.33430230825735
Major,Short,thiru_mg,0.0,1.0986122886681098,6.742880635791903,33,0.6931471805599453,8.403528890863404
Major,Short,massie,0.0,1.3862943611198906,7.340186835320115,36,1.0986122886681098,5.1653043157516505
Minor,Short,philip,0.0,1.6094379124341003,4.762173934797756,48,0.0,9.65593591286423
Major,Short,cutting,0.0,0.6931471805599453,5.0689042022202315,30,0.0,10.264585068470426
Major,Short,cutting,0.0,2.302585092994046,4.3694478524670215,30,1.0986122886681098,10.266135189794978
Major,Short,philip,0.0,1.3862943611198906,3.912023005428146,55,0.0,8.412439284326817
Major,Short,thiru_mg,0.0,2.1972245773362196,5.594711379601839,41,0.0,3.5719251374750707
Major,Short,thiru_mg,0.0,0.6931471805599453,5.455321115357702,54,0.0,6.9688748057638845
Major,Short,scott_carey,0.0,1.9459101490553132,7.3427791893318455,39,1.0986122886681098,8.578117266431303
Major,Short,cutting,0.0,0.0,5.552959584921617,36,0.6931471805599453,5.092707121201008
Major,Short,hammer,0.0,2.302585092994046,4.836281906951478,80,0.6931471805599453,11.424479648755307
Major,Short,hammer,0.0,1.0986122886681098,3.9318256327243257,108,0.6931471805599453,12.258888969939301
Major,Short,hammer,0.0,0.6931471805599453,4.795790545596741,94,0.6931471805599453,4.5301089390995335
Major,Short,hammer,0.0,0.6931471805599453,3.6635616461296463,62,0.0,3.5631050410390777
Major,Short,thiru_mg,0.0,1.0986122886681098,5.963579343618446,70,1.0986122886681098,7.761126835647863
Major,Short,thiru_mg,0.0,2.833213344056216,5.84354441703136,52,1.6094379124341003,10.344472425824486
Major,Long,hammer,0.0,0.6931471805599453,0.0,42,0.0,6.837502006380453
Major,Long,hammer,0.0,0.6931471805599453,0.0,28,0.0,10.848853570747725
Major,Short,hammer,0.0,1.6094379124341003,2.8903717578961645,85,0.6931471805599453,11.142646351812191
Major,Long,hammer,0.0,2.3978952727983707,0.0,43,1.0986122886681098,10.263266541189568
Major,Long,hammer,0.0,1.6094379124341003,0.0,82,0.6931471805599453,10.336147218265088
Major,Short,hammer,0.0,3.1780538303479458,0.0,32,0.6931471805599453,10.36101887755581
Major,Short,cutting,0.0,1.6094379124341003,6.244166900663736,31,0.0,5.144858253089178
Major,Short,cutting,0.0,1.0986122886681098,4.0943445622221,28,0.6931471805599453,5.581248860348363
Major,Short,Other,0.6931471805599453,1.6094379124341003,6.810142450115136,101,1.3862943611198906,4.190864868114268
Blocker,Short,hammer,0.0,2.70805020110221,5.945420608606575,100,1.0986122886681098,10.803706131872577
Major,Short,thiru_mg,0.0,1.6094379124341003,6.7912214627261855,43,1.0986122886681098,8.05801748010868
Major,Short,thiru_mg,0.0,2.0794415416798357,6.432940092739179,41,0.6931471805599453,7.486524389156439
Major,Short,Other,0.0,2.3978952727983707,5.0369526024136295,46,1.0986122886681098,7.101288142442101
Major,Short,thiru_mg,0.0,1.6094379124341003,7.238496840894365,88,0.6931471805599453,7.983464863744931
Major,Short,cutting,0.0,1.3862943611198906,4.5217885770490405,30,0.6931471805599453,5.243995279468896
Major,Short,hammer,0.0,1.791759469228055,0.0,89,0.6931471805599453,7.145978413059862
Major,Short,hammer,0.0,0.6931471805599453,5.802118375377063,68,0.6931471805599453,8.293881876030422
Major,Long,hammer,0.0,0.6931471805599453,4.477336814478207,22,0.0,2.7275608467780836
Major,Short,Other,0.0,1.9459101490553132,5.2574953720277815,9,1.0986122886681098,9.363232099655646
Major,Short,thiru_mg,0.0,1.3862943611198906,5.43372200355424,70,0.6931471805599453,8.3170999454943
Major,Long,hammer,0.0,0.6931471805599453,0.0,73,0.0,2.0050479518181827
Major,Long,hammer,0.0,2.5649493574615367,0.0,73,0.6931471805599453,13.952893933559073
Major,Long,hammer,0.0,2.0794415416798357,4.912654885736052,55,1.0986122886681098,13.952897890793203
Major,Short,hammer,0.0,1.0986122886681098,5.303304908059076,54,0.6931471805599453,7.571878347245056
Major,Short,philip,0.0,0.6931471805599453,6.194405391104672,68,0.6931471805599453,8.859025856662791
Minor,Short,philip,0.0,0.6931471805599453,3.970291913552122,54,0.6931471805599453,8.80718721923839
Minor,Long,philip,0.6931471805599453,1.6094379124341003,4.356708826689592,48,1.0986122886681098,13.376850793021386
Major,Short,Other,0.0,1.791759469228055,7.516433302915632,66,0.6931471805599453,10.776902106499248
Major,Short,hammer,0.0,1.0986122886681098,0.0,104,0.0,8.29774675982465
Major,Short,hammer,0.0,1.6094379124341003,0.0,43,0.0,6.088635116526021
Major,Short,hammer,0.0,1.0986122886681098,5.111987788356544,108,0.6931471805599453,6.998367988382549
Major,Short,Other,0.0,1.3862943611198906,5.583496308781699,33,0.6931471805599453,7.859275268739876
Major,Short,Other,0.0,1.3862943611198906,4.59511985013459,19,0.6931471805599453,6.765324883617705
Major,Short,hammer,0.0,1.0986122886681098,0.0,60,0.6931471805599453,8.580712333788776
Major,Short,hammer,0.0,0.6931471805599453,0.0,60,0.6931471805599453,9.332713881931475
Major,Short,hammer,0.0,3.4011973816621555,0.0,58,1.3862943611198906,11.006112272292054
Major,Long,cutting,0.0,2.5649493574615367,4.919980925828125,21,1.3862943611198906,12.132547698525281
Major,Short,hammer,0.0,2.0794415416798357,4.709530201312334,56,0.6931471805599453,12.362994107692277
Minor,Short,philip,0.0,1.0986122886681098,6.1092475827643655,43,0.0,9.437110233605525
Major,Short,thiru_mg,0.0,0.6931471805599453,6.501289670540389,51,0.0,9.156962091479851
Major,Short,hammer,0.0,0.6931471805599453,5.1298987149230735,64,1.0986122886681098,8.602491892891864
Minor,Long,philip,0.0,1.6094379124341003,4.969813299576001,42,0.6931471805599453,9.327144768921878
Major,Short,cutting,0.0,2.0794415416798357,5.459585514144159,53,0.6931471805599453,9.338759454190726
Major,Short,philip,0.0,1.3862943611198906,4.890349128221754,48,0.6931471805599453,13.303463911998431
Minor,Short,philip,0.0,1.0986122886681098,5.1298987149230735,52,0.0,2.889522323154529
Minor,Long,philip,0.0,1.6094379124341003,4.02535169073515,40,0.6931471805599453,9.353937637046013
Major,Long,cutting,0.0,1.3862943611198906,4.867534450455582,41,1.0986122886681098,9.851828219234683
Minor,Long,philip,0.0,1.791759469228055,5.54907608489522,68,0.6931471805599453,9.438302089264175
Major,Long,philip,0.0,1.0986122886681098,4.941642422609304,46,0.6931471805599453,7.193536295571752
Major,Long,philip,0.0,1.9459101490553132,5.857933154483459,67,0.6931471805599453,9.05394660024267
Minor,Short,philip,0.0,1.0986122886681098,5.3471075307174685,62,0.0,7.284243173693174
Major,Short,massie,0.0,2.302585092994046,6.558197802812269,73,1.0986122886681098,10.094822715840385
Major,Long,philip,0.0,2.0794415416798357,5.627621113690637,72,0.6931471805599453,7.984141045092015
Major,Short,hammer,0.0,1.791759469228055,4.574710978503383,99,0.6931471805599453,9.85496249234853
Minor,Short,Other,0.0,1.791759469228055,5.049856007249537,36,0.6931471805599453,9.21624325231407
Major,Short,hammer,0.0,0.6931471805599453,5.497168225293202,25,0.0,9.324438552812214
Minor,Long,Other,0.0,3.044522437723423,5.58724865840025,29,1.0986122886681098,11.230557363001141
Major,Short,Other,0.0,1.3862943611198906,4.07753744390572,42,0.0,9.689340272525767
Trivial,Short,Other,0.0,1.3862943611198906,5.267858159063328,70,1.0986122886681098,10.330356056679864
Major,Long,Other,0.0,3.044522437723423,5.393627546352362,44,1.791759469228055,9.874188715375734
Trivial,Short,Other,0.0,2.0794415416798357,5.2832037287379885,17,0.6931471805599453,4.911436742139527
Major,Short,cutting,0.6931471805599453,1.6094379124341003,5.043425116919247,42,0.6931471805599453,7.380141027061909
Major,Short,cutting,0.0,1.791759469228055,5.337538079701318,43,0.6931471805599453,7.385693791526108
Major,Long,hammer,0.0,1.3862943611198906,5.337538079701318,30,0.0,10.334109494464604
Major,Short,hammer,0.0,1.0986122886681098,5.723585101952381,105,0.6931471805599453,10.662000742630042
Minor,Short,Other,0.0,0.6931471805599453,6.61472560020376,79,0.6931471805599453,10.718906689197288
Major,Long,cutting,0.0,1.3862943611198906,5.780743515792329,85,0.0,7.947093629430454
Major,Short,cutting,0.0,2.4849066497880004,5.3612921657094255,49,0.0,7.274813356141183
Major,Short,philip,0.0,2.302585092994046,3.912023005428146,76,0.0,9.220304402405478
Minor,Short,thiru_mg,0.6931471805599453,1.791759469228055,4.997212273764115,74,0.6931471805599453,9.321626515869749
Minor,Long,philip,0.0,3.2188758248682006,4.5217885770490405,68,0.0,10.666498954125505
Minor,Short,philip,0.0,1.3862943611198906,4.663439094112067,30,0.0,11.873198323561223
Major,Short,sbanacho,0.0,2.5649493574615367,5.4680601411351315,34,0.6931471805599453,11.096899385858643
Major,Long,cutting,0.0,2.0794415416798357,5.267858159063328,35,0.6931471805599453,9.345016350562206
Major,Short,cutting,0.0,1.9459101490553132,6.037870919922137,35,0.6931471805599453,9.474775888637057
Major,Short,hammer,0.0,2.0794415416798357,5.44673737166631,77,0.6931471805599453,9.162415630970074
Blocker,Short,Other,0.0,1.0986122886681098,5.342334251964811,68,0.6931471805599453,9.224148872623461
Major,Short,cutting,0.0,1.791759469228055,5.799092654460526,26,0.6931471805599453,7.183434011223486
Major,Short,cutting,0.0,1.3862943611198906,4.276666119016055,46,0.6931471805599453,4.796787431460983
Major,Short,sbanacho,0.0,1.3862943611198906,5.493061443340548,23,0.0,8.45890506557427
Major,Short,philip,0.0,1.0986122886681098,5.976350909297934,21,0.6931471805599453,8.820291993041238
Major,Short,sbanacho,0.0,0.6931471805599453,0.0,35,0.0,2.4393512481284976
Major,Short,sbanacho,0.0,1.3862943611198906,3.828641396489095,12,0.0,11.26786755735382
Major,Short,tomwhite,0.0,1.6094379124341003,4.997212273764115,42,1.0986122886681098,6.8480187210535455
Major,Short,Other,0.0,1.0986122886681098,5.733341276897746,50,0.6931471805599453,6.932988672153597
Major,Short,Other,0.0,0.6931471805599453,5.796057750765372,55,0.6931471805599453,11.307335279189836
Major,Short,cutting,0.0,1.0986122886681098,5.393627546352362,73,0.0,6.826283385230763
Major,Short,massie,0.0,0.6931471805599453,5.402677381872279,68,0.0,2.4916960495640477
Minor,Short,philip,0.0,1.0986122886681098,4.867534450455582,24,0.0,4.629449705137033
Major,Short,hammer,0.0,1.3862943611198906,0.0,41,0.0,2.909016307471717
Major,Short,philip,0.0,1.791759469228055,4.406719247264253,51,0.6931471805599453,6.93578107829595
Major,Short,sbanacho,0.0,1.3862943611198906,7.278628942320682,47,0.6931471805599453,7.404523184416197
Major,Short,hammer,0.0,2.8903717578961645,5.420534999272286,106,0.6931471805599453,11.10764132423648
Major,Short,hammer,0.0,0.6931471805599453,4.219507705176107,65,0.6931471805599453,11.105971433715922
Major,Short,hammer,0.0,1.0986122886681098,0.0,30,0.6931471805599453,6.898492023871697
Major,Short,hammer,0.0,1.0986122886681098,5.351858133476067,134,0.0,11.107843973021975
Major,Short,cutting,0.0,1.0986122886681098,4.5217885770490405,35,0.0,9.062844891819637
Major,Short,thiru_mg,0.0,0.6931471805599453,5.442417710521793,70,0.6931471805599453,8.197815495657144
Major,Short,thiru_mg,0.0,1.6094379124341003,5.187385805840755,40,0.6931471805599453,7.496974435895997
Major,Short,thiru_mg,0.0,2.0794415416798357,7.181591944611865,59,0.6931471805599453,7.498021810915122
Major,Short,phunt,0.0,2.4849066497880004,4.948759890378168,56,0.6931471805599453,11.636616603881206
Minor,Short,phunt,0.0,1.3862943611198906,5.327876168789581,54,0.6931471805599453,11.251750585620417
Major,Short,phunt,0.0,1.791759469228055,6.505784060128229,66,0.6931471805599453,11.310300779286065
Major,Short,sbanacho,0.0,0.6931471805599453,5.389071729816501,35,0.6931471805599453,11.142090960214976
Major,Short,sbanacho,0.0,0.6931471805599453,6.45833828334479,46,0.6931471805599453,5.002900681170583
Major,Short,hammer,0.0,1.3862943611198906,5.19295685089021,73,0.0,8.20658807088199
Minor,Short,hammer,0.0,2.70805020110221,4.927253685157205,34,0.6931471805599453,8.568349557096147
Major,Short,hammer,0.0,1.6094379124341003,5.4638318050256105,57,0.6931471805599453,8.219971795058582
Minor,Short,Other,0.0,1.791759469228055,5.54907608489522,39,1.0986122886681098,6.79383241451899
Major,Short,hammer,0.0,2.5649493574615367,6.86171134048073,29,0.6931471805599453,8.544958762183398
Major,Short,phunt,0.0,1.0986122886681098,5.978885764901122,78,0.6931471805599453,11.43102885975121
Major,Short,sbanacho,0.0,0.6931471805599453,5.814130531825066,50,0.6931471805599453,7.870060134913253
Major,Short,massie,0.0,0.6931471805599453,6.278521424165844,38,0.0,7.341229996424443
Major,Short,sbanacho,0.0,0.6931471805599453,5.111987788356544,33,0.0,4.082885827633143
Major,Short,thiru_mg,0.0,1.3862943611198906,4.867534450455582,37,0.0,6.9215064468013345
Minor,Short,cutting,0.0,1.6094379124341003,5.093750200806762,61,0.6931471805599453,3.7355487199740964
Major,Short,cutting,0.0,1.3862943611198906,5.6240175061873385,32,0.0,7.30822517621652
Major,Short,sbanacho,0.0,1.0986122886681098,5.288267030694535,45,0.0,7.876582115302053
Minor,Short,cutting,0.0,0.6931471805599453,5.337538079701318,19,0.0,5.685620710407631
Trivial,Short,cutting,0.0,1.0986122886681098,5.159055299214529,26,0.0,5.3524587429634884
Major,Short,massie,0.0,1.9459101490553132,4.927253685157205,76,0.0,6.435054843287227
Major,Short,massie,0.0,1.0986122886681098,5.43372200355424,36,0.6931471805599453,7.374217843970269
Major,Short,cutting,0.0,2.1972245773362196,5.75890177387728,37,0.0,8.895887943085114
Minor,Short,thiru_mg,0.0,2.1972245773362196,7.423568444259167,36,0.0,10.599627448369743
Major,Short,cutting,0.0,2.70805020110221,5.579729825986222,53,0.0,9.069265929566228
Major,Short,Other,0.0,1.6094379124341003,6.683360945766275,55,0.0,11.524255488988448
Major,Short,sbanacho,0.0,0.6931471805599453,5.225746673713202,36,0.0,2.494064587572766
Major,Short,massie,0.0,0.6931471805599453,4.927253685157205,38,0.6931471805599453,6.917830090536106
Major,Short,massie,0.0,0.6931471805599453,5.003946305945459,67,0.0,7.405535084914828
Major,Short,cutting,0.0,1.0986122886681098,4.07753744390572,34,0.0,9.076478339934567
Major,Short,sbanacho,0.0,1.0986122886681098,5.420534999272286,62,0.0,5.883560568106406
Major,Short,massie,0.0,0.6931471805599453,5.746203190540153,75,0.0,8.027123672703878
Minor,Short,philip,0.0,1.3862943611198906,4.962844630259907,44,0.0,12.168239366977556
Minor,Long,philip,0.0,1.0986122886681098,4.3694478524670215,27,0.0,12.168247271065592
Major,Short,massie,0.0,0.6931471805599453,6.738152494595957,66,0.6931471805599453,7.09605150738208
Major,Short,Other,0.0,2.3978952727983707,6.602587892189336,61,0.6931471805599453,10.24057953457547
Major,Short,Other,0.0,0.6931471805599453,6.343880434126331,33,0.6931471805599453,10.257234435635635
Trivial,Short,hammer,0.0,1.0986122886681098,3.8066624897703196,25,0.6931471805599453,9.877302538723006
Major,Short,massie,0.0,0.6931471805599453,7.183111701743281,63,0.0,7.134184945102014
Major,Short,philip,0.0,0.6931471805599453,6.144185634125646,57,0.0,6.526408057365325
Major,Short,philip,0.0,1.0986122886681098,6.285998094508865,74,0.0,6.498981979839235
Minor,Short,philip,0.0,1.0986122886681098,5.030437921392435,43,0.0,6.522955097851525
Major,Short,philip,0.0,1.0986122886681098,5.6937321388027,70,0.0,10.353470681503088
Critical,Short,massie,0.0,3.7376696182833684,7.57095858316901,56,1.3862943611198906,11.692347598189562
Major,Short,massie,0.0,0.6931471805599453,5.25227342804663,45,0.0,7.834976778416028
Major,Short,hammer,0.0,1.9459101490553132,5.2832037287379885,110,0.6931471805599453,11.425923670298324
Major,Short,cutting,0.6931471805599453,3.912023005428146,6.539585955617669,43,1.3862943611198906,11.547344963343914
Major,Long,Other,0.6931471805599453,2.3978952727983707,0.0,49,1.791759469228055,13.315472845343741
Major,Long,hammer,0.0,1.9459101490553132,4.23410650459726,34,0.6931471805599453,10.117130395375211
Major,Short,sbanacho,0.0,1.3862943611198906,5.746203190540153,24,0.0,9.362838248104177
Trivial,Short,hammer,0.0,1.0986122886681098,4.543294782270004,54,0.0,6.398194216432586
Major,Short,hammer,0.0,1.791759469228055,5.908082938168931,36,0.6931471805599453,7.1653051136846555
Major,Long,philip,0.0,2.0794415416798357,5.924255797414532,38,0.6931471805599453,10.82580451217059
Major,Long,philip,0.0,2.833213344056216,5.0238805208462765,70,0.6931471805599453,11.711528331492454
Major,Long,massie,0.0,2.0794415416798357,7.275172319452771,34,0.0,2.171965647010819
Major,Short,cutting,0.0,2.5649493574615367,4.804021044733257,50,1.0986122886681098,12.766633994424755
Major,Long,philip,0.0,2.9444389791664403,5.187385805840755,60,0.6931471805599453,9.818823700679228
Major,Short,sbanacho,0.0,1.791759469228055,4.844187086458591,35,0.0,9.20073947383096
Major,Short,sbanacho,0.0,2.4849066497880004,5.3706380281276624,43,0.0,7.752138667848776
Major,Long,philip,0.0,2.6390573296152584,6.940222469119639,44,0.6931471805599453,9.46131949015805
Minor,Short,philip,0.0,1.9459101490553132,6.159095388491933,49,0.0,7.307014481341555
Major,Short,Other,0.0,1.0986122886681098,5.953243334287785,91,0.6931471805599453,7.655910727362811
Major,Short,cutting,0.0,1.0986122886681098,3.7376696182833684,44,0.0,7.264111978953296
Major,Long,cutting,0.0,1.0986122886681098,5.25227342804663,42,0.6931471805599453,7.285742070248469
Major,Short,thiru_mg,0.0,0.6931471805599453,6.428105272684596,46,0.0,3.6612170192971925
Major,Short,Other,0.0,1.6094379124341003,4.6913478822291435,60,0.0,7.95340913330035
Major,Short,phunt,0.0,2.995732273553991,4.356708826689592,46,1.3862943611198906,12.16749559555463
Blocker,Long,cutting,0.0,3.332204510175204,4.276666119016055,29,2.1972245773362196,11.955944331822892
Major,Short,thiru_mg,0.0,2.0794415416798357,6.257667587882639,72,1.0986122886681098,7.9125583924413485
Major,Short,Other,0.0,2.0794415416798357,5.429345628954441,39,0.6931471805599453,7.292428855656231
Major,Short,sbanacho,0.0,1.6094379124341003,6.0112671744041615,68,0.0,8.923005059396248
Major,Short,Other,0.0,1.0986122886681098,4.605170185988092,52,0.0,9.131588685992064
Major,Short,phunt,0.0,1.0986122886681098,6.675823221634848,71,0.6931471805599453,11.873935201107106
Major,Long,cutting,0.0,1.0986122886681098,3.828641396489095,26,1.0986122886681098,7.260042569565945
Minor,Short,Other,0.0,0.6931471805599453,6.371611847231857,27,1.0986122886681098,11.947022842769192
Major,Long,Other,0.0,1.6094379124341003,5.8971538676367405,62,1.0986122886681098,6.133658168235621
Major,Short,Other,0.0,2.0794415416798357,5.53338948872752,90,1.0986122886681098,11.941567545959643
Major,Short,cutting,0.0,1.0986122886681098,4.532599493153256,43,0.6931471805599453,4.975937678519333
Blocker,Short,phunt,0.0,1.791759469228055,6.037870919922137,58,0.0,5.520249184009223
Blocker,Short,phunt,0.0,1.6094379124341003,6.568077911411976,67,0.0,6.701558114758185
Minor,Short,phunt,0.0,1.0986122886681098,6.499787040655854,57,0.0,5.372510769576247
Critical,Short,cutting,0.0,1.0986122886681098,5.697093486505405,73,0.0,7.351086700552282
Major,Short,cutting,0.0,1.9459101490553132,5.6240175061873385,48,0.0,8.010635911960836
Major,Short,cutting,0.0,1.0986122886681098,4.290459441148391,45,0.0,7.443852050393841
Major,Short,cutting,0.0,1.791759469228055,4.663439094112067,60,0.6931471805599453,8.03891160220526
Major,Short,sbanacho,0.0,1.9459101490553132,5.886104031450156,38,0.0,7.945769273612233
Major,Short,sbanacho,0.0,1.6094379124341003,5.501258210544727,35,0.6931471805599453,8.352873119265821
Major,Short,cutting,0.6931471805599453,1.0986122886681098,7.010311867307229,19,1.0986122886681098,9.770530448309785
Major,Short,massie,0.0,1.3862943611198906,4.07753744390572,57,0.6931471805599453,6.630151735986414
Major,Short,sbanacho,0.0,0.6931471805599453,5.855071922202427,45,0.0,9.904349310282903
Trivial,Short,sbanacho,0.0,1.0986122886681098,4.2626798770413155,52,0.0,8.63642609994324
Major,Short,cutting,0.0,0.6931471805599453,0.0,31,0.0,7.930648794579528
Major,Short,cutting,0.0,1.0986122886681098,6.336825731146441,59,0.0,7.258056394833466
Major,Long,cutting,0.0,1.6094379124341003,5.560681631015528,40,0.0,9.095390721614894
Major,Long,cutting,0.0,1.791759469228055,6.131226489483141,21,1.0986122886681098,8.391403264741015
Minor,Short,cutting,0.0,0.6931471805599453,5.198497031265826,73,0.0,1.3548767907720924
Major,Short,Other,0.0,3.295836866004329,4.5217885770490405,33,0.6931471805599453,9.005299523512813
Major,Long,Other,0.0,1.6094379124341003,5.929589143389895,79,0.0,11.027116317063395
Trivial,Short,Other,0.0,0.6931471805599453,4.204692619390966,43,0.0,8.291320097454216
Major,Short,Other,0.0,1.3862943611198906,6.171700597410915,59,0.0,10.903083545701593
Major,Long,sbanacho,0.0,0.6931471805599453,4.990432586778736,55,0.0,4.7386951827588275
Major,Short,sbanacho,0.0,1.0986122886681098,5.7745515455444085,51,0.0,10.827909546909892
Major,Short,sbanacho,0.0,2.302585092994046,5.4638318050256105,31,0.0,10.03971914373687
Major,Short,sbanacho,0.0,1.0986122886681098,5.883322388488279,21,0.0,5.309344757427782
Trivial,Short,Other,0.0,1.6094379124341003,5.720311776607412,47,0.0,10.915925011484077
Major,Short,Other,0.0,2.6390573296152584,6.126869184114185,72,1.0986122886681098,8.300806208830316
Major,Short,Other,0.0,2.0794415416798357,6.55250788703459,64,1.0986122886681098,9.505818261675715
Major,Short,Other,0.0,1.3862943611198906,5.135798437050262,42,0.6931471805599453,8.471473078313677
Major,Long,cutting,0.0,1.0986122886681098,4.564348191467836,34,0.6931471805599453,9.901692900611293
Major,Short,cutting,0.0,1.6094379124341003,5.926926025970411,46,1.0986122886681098,8.67243457620852
Major,Short,cutting,0.0,1.6094379124341003,5.204006687076795,57,0.0,5.7950699783777
Major,Short,Other,0.0,1.6094379124341003,6.07993319509559,56,0.0,9.263689608715136
Major,Short,cutting,0.0,1.6094379124341003,3.6888794541139363,28,0.0,9.73332780323966
Blocker,Short,cutting,0.0,1.9459101490553132,0.0,92,0.6931471805599453,13.238245277981424
Major,Short,thiru_mg,0.0,1.0986122886681098,6.853299093186078,59,0.6931471805599453,8.339119686858115
Major,Short,Other,0.0,0.6931471805599453,6.063785208687608,35,0.6931471805599453,8.456619100198111
Major,Short,cutting,0.0,1.0986122886681098,4.997212273764115,56,0.6931471805599453,10.536811856254559
Minor,Short,thiru_mg,0.0,1.9459101490553132,5.673323267171493,60,0.0,8.989668667297016
Major,Short,Other,0.0,1.9459101490553132,5.717027701406222,63,1.0986122886681098,9.07639463828616
Major,Short,sharadag,0.0,2.4849066497880004,5.220355825078324,62,1.6094379124341003,12.091076547596389
Major,Short,thiru_mg,0.0,0.6931471805599453,5.8522024797744745,62,0.0,8.262142774440942
Major,Short,sharadag,0.0,1.6094379124341003,4.532599493153256,54,0.0,7.817283328714992
Major,Short,massie,0.0,0.6931471805599453,5.332718793265369,66,0.6931471805599453,6.724343948600591
Major,Long,Other,0.0,2.772588722239781,0.0,56,0.6931471805599453,10.500266017448645
Major,Short,Other,0.0,2.302585092994046,6.7226297948554485,43,1.0986122886681098,12.499871399448601
Blocker,Short,cutting,0.0,0.6931471805599453,5.641907070938114,42,0.0,2.8762963100647663
Major,Long,massie,0.0,2.0794415416798357,0.0,28,0.6931471805599453,8.237439768432369
Major,Short,massie,0.0,0.6931471805599453,4.204692619390966,24,0.6931471805599453,9.679689638214803
Major,Short,sbanacho,0.0,2.0794415416798357,5.480638923341991,51,0.0,9.686743495292792
Major,Long,massie,0.0,0.6931471805599453,4.430816798843313,46,0.6931471805599453,7.203922649254032
Major,Long,massie,0.0,0.6931471805599453,5.308267697401205,79,0.6931471805599453,7.660312555885656
Major,Short,massie,0.0,1.3862943611198906,5.030437921392435,58,0.6931471805599453,5.142729265236445
Major,Long,Other,0.0,1.0986122886681098,3.8918202981106265,48,1.0986122886681098,4.822220142339597
Major,Long,Other,0.0,2.833213344056216,4.955827057601261,55,1.0986122886681098,7.327292651136641
Major,Long,cutting,0.0,1.6094379124341003,4.394449154672439,38,1.0986122886681098,10.049676753731825
Major,Short,Other,0.0,2.0794415416798357,5.389071729816501,60,0.6931471805599453,9.328042407315092
Major,Short,cutting,0.0,0.6931471805599453,6.594413459749778,58,0.0,11.417174321238933
Major,Short,sharadag,0.0,1.3862943611198906,5.365976015021851,49,0.0,7.112891493700993
Major,Short,thiru_mg,0.0,1.3862943611198906,6.804614520062624,42,0.6931471805599453,11.28991331773046
Major,Long,massie,0.0,1.3862943611198906,0.0,54,0.6931471805599453,10.36388523160203
Major,Short,sbanacho,0.0,1.3862943611198906,6.62273632394984,50,0.6931471805599453,8.878731928911039
Major,Long,massie,0.0,2.6390573296152584,5.877735781779639,17,1.0986122886681098,8.589715503980766
Major,Short,cutting,0.0,1.3862943611198906,5.8377304471659395,57,0.0,8.650065822104755
Major,Short,cutting,0.0,1.0986122886681098,5.886104031450156,28,1.0986122886681098,7.210738575836001
Major,Short,cutting,0.0,0.6931471805599453,5.3471075307174685,23,0.6931471805599453,7.139601531698314
Major,Short,cutting,0.0,1.0986122886681098,4.770684624465665,21,0.6931471805599453,10.71599322410772
Major,Short,cutting,0.0,1.3862943611198906,3.912023005428146,32,0.6931471805599453,7.244902038061919
Major,Short,philip,0.0,0.6931471805599453,4.442651256490317,33,1.0986122886681098,7.682940613449414
Major,Long,philip,0.6931471805599453,3.1780538303479458,6.6240652277998935,45,1.3862943611198906,10.939606952555323
Major,Short,Other,0.0,1.9459101490553132,5.998936561946683,26,1.0986122886681098,9.835144965996653
Minor,Short,thiru_mg,0.0,0.6931471805599453,4.605170185988092,87,0.0,8.279305874659103
Major,Short,Other,0.0,2.1972245773362196,5.963579343618446,40,1.0986122886681098,12.71524082058661
Major,Short,sharadag,0.0,1.0986122886681098,4.2626798770413155,44,0.0,10.386396582602691
Major,Short,sbanacho,0.0,1.0986122886681098,5.796057750765372,42,0.0,6.94623146825141
Minor,Short,cutting,0.0,1.3862943611198906,5.220355825078324,41,0.0,5.712388282681571
Trivial,Short,Other,0.0,1.0986122886681098,6.792344427470809,38,0.0,6.6584955882813945
Minor,Long,sbanacho,0.0,2.0794415416798357,6.898714534329988,8,0.6931471805599453,7.295899781029447
Major,Long,cutting,0.0,1.791759469228055,4.605170185988092,58,1.0986122886681098,11.805137185309793
Major,Short,Other,0.0,0.6931471805599453,5.093750200806762,22,1.0986122886681098,7.759708010057619
Major,Short,sharadag,0.0,0.6931471805599453,3.9318256327243257,52,0.0,6.125069020395381
Major,Short,sharadag,0.0,1.0986122886681098,3.2188758248682006,22,0.0,6.260025820390948
Major,Short,massie,0.0,2.0794415416798357,8.028129059431759,40,0.6931471805599453,8.614432545530224
Major,Short,cutting,0.0,2.9444389791664403,5.313205979041787,42,1.0986122886681098,10.739234914870952
Major,Short,Other,0.0,1.0986122886681098,4.430816798843313,24,0.6931471805599453,9.240106332370646
Major,Long,massie,0.6931471805599453,2.0794415416798357,4.48863636973214,39,1.0986122886681098,6.844543326452111
Major,Short,sharadag,0.0,2.0794415416798357,4.3694478524670215,53,0.6931471805599453,10.286803349037058
Major,Short,sharadag,0.0,1.3862943611198906,4.532599493153256,59,0.0,6.278208116803789
Major,Short,cutting,0.0,1.9459101490553132,5.717027701406222,37,1.6094379124341003,12.176998306593163
Major,Short,Other,0.0,2.4849066497880004,7.645397699428633,52,1.0986122886681098,11.062532742944207
Major,Short,sharadag,0.0,1.3862943611198906,3.4965075614664802,47,0.0,11.211648080092624
Major,Long,massie,0.0,3.044522437723423,8.038189179973203,88,1.0986122886681098,11.143470179995841
Major,Short,Other,0.0,2.995732273553991,5.986452005284438,57,1.0986122886681098,10.105128360014687
Major,Short,Other,0.0,2.772588722239781,7.353081920515432,43,0.0,10.883271998677195
Major,Short,cutting,0.0,1.791759469228055,6.327936783729195,19,1.9459101490553132,12.322655067627343
Major,Short,Other,0.0,2.6390573296152584,6.369900982828227,48,1.0986122886681098,10.993736801043962
Major,Short,cutting,0.0,1.3862943611198906,5.921578419643816,56,0.0,10.209711644939679
Major,Long,cutting,0.0,1.0986122886681098,4.454347296253507,24,0.0,11.667997618110517
Major,Long,cutting,0.0,2.3978952727983707,3.6888794541139363,13,0.0,10.497180441309006
Major,Short,cutting,0.0,1.9459101490553132,5.0689042022202315,24,0.0,10.161850823693833
Minor,Short,cutting,0.0,0.6931471805599453,5.645446897643238,32,0.0,0.5568691622673175
Major,Short,sharadag,0.0,1.3862943611198906,0.0,50,0.0,9.178607074833327
Major,Short,sharadag,0.0,1.3862943611198906,4.454347296253507,52,0.0,6.45263075151169
Major,Short,sharadag,0.0,1.3862943611198906,4.859812404361672,45,0.0,7.178732893102057
Major,Short,Other,0.0,2.1972245773362196,4.762173934797756,39,0.0,10.927564205093953
Minor,Short,Other,0.0,1.0986122886681098,4.709530201312334,58,0.0,6.99202257358582
Major,Short,cutting,0.0,1.6094379124341003,5.5134287461649825,19,0.0,10.932866090410576
Major,Short,cutting,0.0,1.3862943611198906,5.857933154483459,28,0.0,9.912857856295208
Major,Short,cutting,0.0,2.4849066497880004,5.303304908059076,39,0.0,10.603507359487114
Major,Short,Other,0.0,0.6931471805599453,6.18826412308259,37,0.0,7.768547994264175
Major,Short,Other,0.0,2.833213344056216,6.284134161070802,103,0.0,8.427381285695107
Major,Short,sharadag,0.0,1.9459101490553132,3.9318256327243257,49,0.0,8.600236304138575
Major,Short,phunt,0.0,1.0986122886681098,6.218600119691729,36,0.0,8.646805141383998
Critical,Short,phunt,0.0,1.6094379124341003,5.575949103146316,54,0.0,5.283346019798569
Major,Short,cutting,0.0,2.0794415416798357,5.3230099791384085,22,0.6931471805599453,11.25866847782057
Major,Short,cutting,0.0,1.6094379124341003,5.342334251964811,54,0.0,10.158322488772537
Major,Short,tomwhite,0.0,1.9459101490553132,6.437751649736401,61,1.6094379124341003,9.124252604691401
Major,Short,Other,0.0,1.6094379124341003,5.214935757608986,32,1.6094379124341003,7.163041333976081
Minor,Short,Other,0.0,1.791759469228055,5.0238805208462765,34,1.6094379124341003,8.375191266819714
Major,Short,Other,0.0,1.791759469228055,7.112327444710911,51,1.6094379124341003,8.672797297364992
Major,Short,Other,0.0,1.9459101490553132,5.634789603169249,33,1.791759469228055,9.745195521221797
Minor,Long,Other,0.0,2.302585092994046,5.087596335232384,37,1.6094379124341003,10.296287267091841
Trivial,Short,Other,0.0,1.6094379124341003,4.983606621708336,36,1.6094379124341003,9.988866572886845
Major,Short,Other,0.0,1.791759469228055,5.834810737062605,35,1.6094379124341003,5.67352210192718
Major,Short,Other,0.0,1.9459101490553132,5.337538079701318,37,1.6094379124341003,7.265061287091316
Major,Short,cutting,0.0,1.791759469228055,4.454347296253507,23,1.3862943611198906,7.400367307671261
Minor,Short,Other,0.0,1.791759469228055,7.492203042618741,42,1.6094379124341003,8.626997608302185
Major,Short,Other,0.0,1.6094379124341003,5.820082930352362,36,1.6094379124341003,8.059889577161705
Major,Short,Other,0.0,2.3978952727983707,5.796057750765372,39,1.791759469228055,8.890198905140958
Minor,Short,Other,0.0,2.302585092994046,6.202535517187923,66,1.6094379124341003,9.874095074003696
Major,Long,Other,0.0,2.4849066497880004,7.676473646389156,52,1.6094379124341003,10.179851986445474
Major,Short,Other,0.0,1.9459101490553132,5.556828061699537,64,1.6094379124341003,10.456067283949926
Major,Short,Other,0.0,2.302585092994046,6.255750041753367,29,1.791759469228055,10.363039654876976
Major,Short,Other,0.0,0.6931471805599453,7.374629015218945,70,0.6931471805599453,9.096990199771671
Minor,Short,Other,0.0,1.6094379124341003,6.921658184151129,84,1.3862943611198906,5.039664722155552
Major,Short,Other,0.0,2.4849066497880004,6.139884552226255,68,1.791759469228055,9.316161862368828
Major,Long,Other,0.0,1.791759469228055,5.87493073085203,51,1.791759469228055,9.812408678119617
Major,Short,Other,0.0,0.6931471805599453,5.25227342804663,61,1.0986122886681098,9.556389555277065
Major,Short,Other,0.6931471805599453,3.091042453358316,4.983606621708336,104,1.9459101490553132,10.265092785600745
Minor,Short,Other,0.0,2.8903717578961645,5.934894195619588,84,1.9459101490553132,10.56734796689937
Major,Short,Other,0.0,2.0794415416798357,5.720311776607412,46,1.6094379124341003,10.655921597769197
Major,Short,Other,0.0,1.6094379124341003,5.365976015021851,74,1.6094379124341003,9.565421706460285
Minor,Short,Other,0.0,1.791759469228055,3.912023005428146,49,1.6094379124341003,10.70829409356368
Minor,Long,Other,0.0,2.302585092994046,4.574710978503383,69,1.6094379124341003,10.741676249107812
Minor,Long,Other,0.6931471805599453,2.1972245773362196,5.429345628954441,47,1.791759469228055,10.827911353161268
Minor,Short,Other,0.0,1.6094379124341003,6.2324480165505225,61,1.0986122886681098,7.336249003540553
Major,Short,Other,0.0,1.0986122886681098,6.486160788944089,75,1.0986122886681098,7.864718579813104
Blocker,Short,Other,0.6931471805599453,2.70805020110221,6.728628613084702,30,1.6094379124341003,7.947199211699879
Major,Long,Other,0.0,2.9444389791664403,5.497168225293202,57,1.791759469228055,10.31606399726749
Major,Short,Other,0.0,2.9444389791664403,5.87493073085203,76,1.791759469228055,9.365703299591235
Major,Short,Other,0.0,2.4849066497880004,6.214608098422191,51,1.3862943611198906,9.378935462909816
Major,Short,Other,0.0,2.3978952727983707,6.952728644624869,94,1.791759469228055,10.613911501116709
Major,Short,Other,0.0,3.4657359027997265,6.261491684321042,19,1.791759469228055,11.862982909192738
Minor,Short,Other,0.0,0.6931471805599453,6.672032945461067,54,1.0986122886681098,11.8891237772977
Major,Short,Other,0.0,1.9459101490553132,5.099866427824199,47,1.791759469228055,11.758643253758688
Major,Short,Other,0.0,1.791759469228055,8.005367067316664,144,1.6094379124341003,9.56597218137254
Minor,Short,Other,0.0,1.791759469228055,7.060476365999801,139,1.791759469228055,7.670406312677894
Major,Long,Other,0.0,2.302585092994046,6.263398262591624,14,1.6094379124341003,11.480143227146248
Major,Short,Other,0.0,1.3862943611198906,8.083637203141548,53,1.6094379124341003,11.993819331609647
Major,Short,Other,0.0,2.772588722239781,0.0,70,1.9459101490553132,9.368447908823534
Major,Short,Other,0.0,1.791759469228055,6.642486801367256,80,1.6094379124341003,10.120851982182376
Major,Short,Other,0.0,0.6931471805599453,6.436150368369428,41,1.0986122886681098,12.051648512429088
Major,Short,Other,0.0,1.9459101490553132,6.2766434893416445,35,1.0986122886681098,12.109180979385307
Major,Short,Other,0.0,0.6931471805599453,4.736198448394496,44,0.6931471805599453,6.913375638463764
Major,Short,Other,0.0,1.791759469228055,6.846943139585379,103,1.791759469228055,12.260295804062656
Major,Long,Other,0.0,1.6094379124341003,6.940222469119639,73,1.0986122886681098,10.369421158378572
Major,Short,Other,0.0,1.6094379124341003,6.862757913051401,64,1.6094379124341003,10.118161359953826
Major,Short,Other,0.0,1.791759469228055,4.564348191467836,49,1.6094379124341003,10.69883733466273
Major,Short,Other,0.0,2.70805020110221,5.762051382780177,59,1.6094379124341003,10.279902155203594
Major,Short,cutting,0.0,1.9459101490553132,4.983606621708336,66,1.3862943611198906,9.229382782276058
Major,Short,Other,0.6931471805599453,3.1780538303479458,5.356586274672012,33,2.302585092994046,12.48625534478355
Minor,Short,Other,0.6931471805599453,1.9459101490553132,4.219507705176107,66,1.791759469228055,12.531693582093164
Major,Long,Other,1.791759469228055,2.995732273553991,8.098642843759418,67,1.9459101490553132,11.54058166861255
Minor,Short,Other,0.0,2.8903717578961645,5.886104031450156,34,1.6094379124341003,12.431945906527936
Major,Short,scott_carey,0.0,3.2188758248682006,5.003946305945459,27,1.3862943611198906,11.680064529214835
Minor,Short,Other,1.0986122886681098,3.4011973816621555,6.721425700790643,70,1.9459101490553132,9.345221749835451
Major,Short,scott_carey,0.0,2.0794415416798357,5.117993812416755,55,1.3862943611198906,7.581485667801791
Minor,Short,Other,0.0,2.772588722239781,4.553876891600541,43,1.6094379124341003,9.143256158199828
Major,Short,Other,0.0,2.302585092994046,6.70196036600254,62,1.3862943611198906,9.90456061909422
Major,Short,jbaldassari,0.0,2.1972245773362196,8.702177865629675,102,1.6094379124341003,11.697050229036082
Minor,Short,Other,0.0,4.442651256490317,6.612041034833092,79,1.6094379124341003,10.935282178721994
Minor,Short,Other,0.0,3.871201010907891,6.359573868672378,98,1.791759469228055,10.567104562994626
Major,Short,Other,0.0,2.1972245773362196,3.8501476017100584,47,1.6094379124341003,13.1179953761281
Major,Short,Other,0.6931471805599453,2.0794415416798357,8.62998601889136,52,1.9459101490553132,13.090348494022637
Minor,Short,Other,0.6931471805599453,3.4339872044851463,6.066108090103747,71,2.1972245773362196,13.688016414269976
Major,Long,Other,0.0,3.332204510175204,5.521460917862246,20,1.9459101490553132,13.87599144529454
Major,Long,hammer,1.6094379124341003,3.9512437185814275,0.0,17,2.4849066497880004,13.923199884241427
Major,Long,Other,1.791759469228055,3.044522437723423,4.48863636973214,29,2.70805020110221,13.926843025964153
